Area,All Ages,Age 0 - 4,Aged 5-9,Aged 10-14,Aged 15-19,Aged 20-24,Aged 25-29,Aged 30-34,Aged 35-39,Aged 40-44,Aged 45-49,Aged 50-54,Aged 55-59,Aged 60-64,Aged 65-69,Aged 70-74,Aged 75-79,Aged 80-84,Aged 85+
lacu2023:Hartlepool,"92,575","4,967","5,538","5,947","5,285","5,155","5,458","5,899","5,526","5,094","5,316","6,607","7,082","6,365","5,257","5,084","3,272","2,465","2,258"
lacu2023:Middlesbrough,"143,943","8,898","9,721","9,508","8,636","9,984","10,306","10,263","9,508","8,061","7,883","8,672","9,396","8,736","7,259","6,466","4,404","3,204","3,038"
lacu2023:Redcar and Cleveland,"136,605","6,741","7,802","8,025","7,234","6,549","7,435","7,904","7,683","7,251","7,820","9,897","10,725","9,602","8,524","8,661","6,460","4,488","3,804"
lacu2023:Stockton-on-Tees,"197,032","10,602","12,372","13,061","10,911","9,562","11,889","13,037","13,173","12,141","11,948","13,910","14,069","12,839","10,863","10,285","7,007","4,979","4,384"
lacu2023:Darlington,"108,210","5,472","6,319","6,651","5,959","5,346","6,378","6,963","6,631","6,687","6,819","7,762","7,935","7,017","6,003","6,014","4,228","3,129","2,897"
lacu2023:County Durham,"521,447","24,545","28,212","29,549","30,673","32,827","28,974","30,711","30,686","29,368","31,102","37,884","39,574","35,347","31,077","30,747","22,111","15,014","13,046"
lacu2023:Northumberland,"321,532","14,192","16,645","17,404","16,025","14,003","15,839","17,060","17,433","17,444","19,375","23,241","25,705","24,885","22,690","23,071","16,158","10,553","9,809"
lacu2023:Newcastle upon Tyne,"298,545","15,499","16,716","16,489","21,366","36,574","23,453","21,223","19,679","17,052","15,960","16,809","17,319","15,537","12,816","11,814","8,015","5,976","6,248"
lacu2023:North Tyneside,"209,128","10,856","11,962","12,087","10,668","9,434","12,059","13,878","14,277","13,744","13,481","14,590","15,211","13,668","12,171","11,855","8,081","5,585","5,521"
lacu2023:South Tyneside,"147,919","7,759","8,540","8,630","7,585","7,247","8,601","9,793","9,501","8,536","8,579","10,352","11,219","10,517","8,816","8,373","5,742","4,219","3,910"
lacu2023:Sunderland,"274,378","13,765","15,209","16,037","14,719","15,119","16,954","18,026","17,167","15,789","16,451","19,529","19,966","19,008","16,163","15,518","10,449","7,649","6,860"
lacu2023:Gateshead,"196,179","10,008","11,048","11,264","10,126","10,321","12,705","13,122","13,050","11,868","11,872","13,897","14,252","12,663","10,654","10,787","7,485","5,792","5,265"
lacu2023:Halton,"128,570","6,911","7,860","8,070","7,261","6,739","7,845","8,521","8,521","7,994","8,284","9,074","9,125","8,189","7,255","7,193","4,368","2,845","2,515"
lacu2023:Warrington,"211,182","10,538","12,301","12,869","11,358","10,436","12,408","13,870","14,218","13,707","14,115","16,014","15,937","13,049","10,680","10,747","8,315","5,842","4,778"
lacu2023:Blackburn with Darwen,"154,954","10,034","11,134","11,747","11,005","9,465","9,985","10,679","10,831","10,041","9,795","10,282","9,406","8,000","6,758","6,199","4,129","2,862","2,602"
lacu2023:Blackpool,"140,976","7,299","7,873","7,895","7,458","7,324","8,446","9,506","8,572","7,722","8,481","10,550","11,051","9,437","7,762","7,805","5,909","4,115","3,771"
lacu2023:Cheshire East,"400,474","19,952","22,091","22,918","20,311","17,617","21,640","24,367","24,681","24,034","26,029","30,389","30,535","25,920","22,422","24,354","18,422","12,488","12,304"
lacu2023:Cheshire West and Chester,"357,730","17,487","19,790","20,418","18,940","19,543","21,114","22,607","22,410","20,959","22,657","26,067","26,589","22,847","19,896","20,536","15,334","10,670","9,866"
lacu2023:Cumberland,"273,788","12,784","14,552","15,152","13,628","13,316","15,690","16,078","15,873","14,686","16,420","20,409","21,581","19,932","17,098","17,647","12,247","8,701","7,994"
lacu2023:Westmorland and Furness,"226,941","9,455","10,699","11,653","11,565","10,189","11,995","12,526","12,118","11,731","13,524","17,289","18,599","17,038","14,936","16,011","11,892","8,220","7,501"
lacu2023:Bolton,"296,169","18,265","20,322","20,977","18,626","16,615","17,692","19,994","19,954","18,504","18,536","20,114","19,278","16,289","13,903","14,161","10,256","6,838","5,845"
lacu2023:Bury,"193,866","11,098","12,429","12,839","11,456","9,518","11,420","13,401","13,360","12,117","12,398","13,423","13,498","11,272","9,476","9,889","7,143","4,834","4,295"
lacu2023:Manchester,"550,630","34,005","36,418","36,398","40,540","61,646","52,810","47,993","42,126","35,960","31,142","30,337","26,954","21,695","16,726","13,878","9,306","6,632","6,064"
lacu2023:Oldham,"242,003","15,897","17,350","17,992","16,488","14,140","14,829","16,635","16,243","15,167","14,670","15,980","15,088","12,703","10,856","10,619","7,688","5,346","4,312"
lacu2023:Rochdale,"224,127","14,501","15,502","15,790","13,737","12,216","13,947","15,848","15,355","14,224","13,848","15,106","14,441","12,550","10,880","10,353","7,061","4,611","4,157"
lacu2023:Salford,"270,866","17,203","16,713","16,111","15,253","22,993","26,553","24,703","20,588","16,386","14,984","15,479","15,073","12,787","9,719","9,883","6,982","5,025","4,431"
lacu2023:Stockport,"295,268","16,512","18,037","17,917","15,186","13,357","16,765","20,031","20,517","19,584","18,941","20,607","20,436","17,774","15,363","15,578","11,757","8,489","8,417"
lacu2023:Tameside,"231,220","13,539","14,676","14,876","12,727","11,854","14,815","16,582","15,859","14,335","14,476","16,559","16,332","13,887","11,190","11,531","8,154","5,349","4,479"
lacu2023:Trafford,"235,586","13,304","15,950","16,540","13,676","10,645","12,498","14,844","17,221","17,466","16,356","16,568","15,914","13,135","10,810","10,688","8,034","6,004","5,933"
lacu2023:Wigan,"329,796","17,651","19,206","19,821","17,755","16,933","20,639","22,914","21,799","19,748","21,011","25,044","23,369","19,923","16,902","18,326","13,716","8,546","6,493"
lacu2023:Knowsley,"154,978","9,793","9,506","9,168","8,563","8,484","10,617","11,774","10,416","8,647","8,665","10,650","11,700","10,555","8,304","6,930","4,474","3,495","3,237"
lacu2023:Liverpool,"485,022","26,298","26,778","25,338","31,627","49,388","38,099","37,596","33,351","27,961","26,381","29,069","30,484","27,751","22,650","19,973","13,503","9,925","8,850"
lacu2023:St. Helens,"183,394","9,599","10,310","10,625","9,547","9,357","11,414","12,255","11,776","10,729","11,596","13,468","13,333","11,578","9,928","10,504","7,736","5,212","4,427"
lacu2023:Sefton,"279,693","13,492","15,088","15,330","14,231","13,467","15,058","17,152","16,929","15,672","16,463","20,070","21,596","19,987","16,881","16,605","12,626","9,556","9,490"
lacu2023:Wirral,"320,631","16,233","18,691","19,319","17,373","15,062","17,730","19,718","19,272","18,388","19,529","22,921","23,904","21,672","18,939","19,110","13,702","9,676","9,392"
lacu2023:Lancashire,"1,236,228","63,267","70,786","73,603","73,151","72,788","70,447","77,002","75,361","70,925","75,042","87,702","89,305","78,909","67,877","70,628","52,019","34,988","32,428"
"lacu2023:Kingston upon Hull, City of","266,516","15,792","17,206","16,781","15,386","19,092","20,000","20,795","18,816","15,890","16,178","17,269","17,182","15,011","12,297","11,352","7,310","5,197","4,962"
lacu2023:East Riding of Yorkshire,"343,145","14,681","17,324","18,430","17,173","14,540","16,646","18,012","18,119","17,978","21,168","25,622","27,302","25,085","23,194","25,188","18,450","12,609","11,624"
lacu2023:North East Lincolnshire,"157,188","8,360","9,507","9,599","8,628","7,912","9,213","10,404","9,544","8,500","9,225","11,110","11,799","10,347","8,809","8,815","6,366","4,634","4,416"
lacu2023:North Lincolnshire,"169,929","8,406","9,604","10,139","9,085","8,114","9,531","10,662","10,377","9,325","10,173","12,532","12,990","11,475","10,048","10,226","7,460","4,987","4,795"
lacu2023:York,"201,851","8,565","9,871","10,299","14,064","20,340","12,856","12,930","12,499","12,023","11,776","13,321","12,977","11,327","9,802","10,396","7,701","5,497","5,607"
lacu2023:North Yorkshire,"618,627","27,532","31,277","33,669","32,905","26,792","31,486","34,010","33,337","33,466","37,255","46,533","49,761","45,588","40,125","42,082","31,190","21,133","20,486"
lacu2023:Barnsley,"244,887","13,357","14,277","14,439","12,517","12,377","15,933","16,990","15,657","14,007","14,964","18,718","18,067","15,679","13,418","13,049","9,715","6,255","5,468"
lacu2023:Doncaster,"308,697","16,914","18,081","18,684","16,390","16,122","19,986","21,929","20,206","18,163","18,454","21,818","22,033","19,672","16,640","16,361","11,675","8,013","7,556"
lacu2023:Rotherham,"266,173","14,535","15,989","16,536","14,772","14,020","16,303","18,044","17,024","15,387","16,411","19,448","18,657","16,496","14,096","14,185","10,789","7,261","6,220"
lacu2023:Sheffield,"555,035","29,977","32,010","32,102","35,885","50,125","40,407","39,137","35,276","32,221","32,019","36,235","34,620","29,730","24,850","24,491","19,247","13,684","13,019"
lacu2023:Bradford,"546,839","35,806","39,400","41,299","38,274","33,221","34,298","37,870","38,123","35,915","33,578","34,402","32,211","28,942","24,244","22,393","14,742","11,098","11,023"
lacu2023:Calderdale,"206,828","11,228","12,796","13,285","11,831","10,172","11,931","12,929","13,006","12,708","13,606","15,734","15,136","12,970","10,906","11,072","7,815","5,014","4,689"
lacu2023:Kirklees,"433,458","24,955","27,454","28,649","27,079","25,719","26,448","28,294","28,205","27,255","27,793","30,960","28,610","24,773","20,972","21,501","15,148","10,269","9,374"
lacu2023:Leeds,"809,479","46,395","49,557","48,365","49,861","69,406","60,266","60,484","56,826","52,040","48,782","50,936","48,258","40,863","33,867","34,177","24,535","17,433","17,428"
lacu2023:Wakefield,"353,803","19,926","21,034","20,933","18,175","17,775","23,462","25,258","23,824","20,893","22,278","26,427","25,062","21,706","18,453","18,509","13,510","8,873","7,705"
lacu2023:Derby,"261,260","15,122","16,832","17,096","16,172","18,353","18,280","18,345","18,210","16,606","16,267","17,267","16,259","13,394","11,363","11,103","8,294","6,064","6,233"
lacu2023:Leicester,"366,940","22,004","24,803","25,443","27,427","35,396","27,284","27,411","27,219","24,702","22,592","21,958","19,494","17,391","14,026","11,393","7,415","5,480","5,502"
lacu2023:Rutland,"41,342","1,627","1,974","2,442","2,910","1,958","2,179","2,218","2,214","2,355","2,429","2,964","2,951","2,735","2,471","2,797","2,203","1,458","1,457"
lacu2023:Nottingham,"319,978","17,645","19,273","18,859","28,087","43,674","23,923","24,113","21,336","18,483","17,475","17,854","17,106","14,036","11,009","9,805","6,931","5,069","5,300"
lacu2023:North Northamptonshire,"360,418","20,139","22,381","23,358","20,312","17,727","22,115","24,867","24,538","23,350","23,724","26,520","25,035","20,729","17,908","18,377","13,388","8,234","7,716"
lacu2023:West Northamptonshire,"426,707","23,959","26,340","26,873","24,130","24,079","27,145","30,768","29,822","28,712","28,500","30,353","29,003","23,717","19,891","20,418","14,723","9,317","8,957"
lacu2023:Derbyshire,"796,710","38,126","42,870","44,962","39,921","38,104","46,115","48,679","46,458","45,557","51,052","62,081","62,212","53,783","46,859","48,556","37,007","23,203","21,165"
lacu2023:Leicestershire,"712,632","35,664","39,951","41,099","41,892","41,106","40,247","44,685","44,217","42,558","45,067","51,915","50,702","44,462","38,846","40,678","30,567","19,980","18,996"
lacu2023:Lincolnshire,"769,440","35,600","41,052","43,092","41,129","43,130","42,752","45,455","43,603","41,900","45,911","55,198","57,425","51,781","46,438","49,526","38,059","24,685","22,704"
lacu2023:Nottinghamshire,"826,132","41,749","46,987","47,931","42,441","41,400","49,003","53,251","51,635","49,254","51,670","60,759","61,042","52,780","45,600","47,765","36,438","23,957","22,470"
"lacu2023:Herefordshire, County of","187,522","8,366","9,487","10,094","9,278","8,163","9,529","10,601","10,226","9,903","11,004","13,589","14,653","13,749","12,590","12,937","9,977","6,743","6,633"
lacu2023:Telford and Wrekin,"185,857","10,507","11,819","12,264","10,929","10,843","11,672","12,743","12,203","11,216","11,919","13,560","12,682","10,527","9,214","9,098","6,683","4,362","3,616"
lacu2023:Stoke-on-Trent,"258,102","15,499","16,869","16,927","14,980","16,766","17,005","19,028","17,669","15,566","15,462","16,974","16,319","14,468","12,420","11,911","8,782","6,012","5,445"
lacu2023:Shropshire,"324,669","14,338","16,199","17,276","17,125","15,429","16,807","18,032","17,335","16,782","19,496","24,300","25,629","23,265","20,806","21,877","17,384","11,536","11,053"
lacu2023:Birmingham,"1,143,285","74,310","81,000","83,119","85,145","93,133","82,408","84,400","80,805","74,345","67,893","69,968","62,819","53,020","42,684","37,299","28,452","20,749","21,736"
lacu2023:Coventry,"344,151","20,343","21,919","22,104","24,204","31,102","24,536","25,551","24,077","22,094","20,213","21,410","19,654","16,478","13,451","12,578","10,127","7,157","7,153"
lacu2023:Dudley,"323,591","18,063","19,758","19,255","18,036","17,001","20,235","21,425","20,209","19,038","19,796","23,462","22,254","18,801","16,817","16,951","13,997","9,583","8,910"
lacu2023:Sandwell,"341,895","22,025","24,431","24,478","22,219","20,364","22,234","24,814","24,571","23,179","22,237","23,102","20,925","17,322","13,985","12,611","9,801","7,087","6,510"
lacu2023:Solihull,"216,677","11,604","13,687","13,704","12,143","10,780","11,949","13,021","13,232","13,025","13,597","15,634","15,438","13,089","10,930","11,950","9,641","6,466","6,787"
lacu2023:Walsall,"284,392","18,103","19,519","19,548","17,633","16,108","17,850","19,494","19,162","17,347","17,188","19,207","18,047","15,535","12,897","12,495","9,961","7,463","6,835"
lacu2023:Wolverhampton,"264,260","16,260","17,752","18,107","15,568","15,746","17,009","18,787","18,419","17,377","16,896","18,062","16,552","14,131","11,940","10,842","8,194","6,232","6,386"
lacu2023:Staffordshire,"877,808","43,527","47,635","49,154","45,850","45,429","50,746","54,993","52,682","49,886","54,741","65,886","64,913","56,962","50,088","52,708","41,315","27,293","24,000"
lacu2023:Warwickshire,"599,115","31,068","34,003","34,757","32,274","32,182","35,750","40,513","38,372","36,667","38,138","43,075","42,532","36,321","30,982","32,478","26,334","17,221","16,448"
lacu2023:Worcestershire,"604,902","29,381","33,313","34,589","32,366","30,034","33,232","36,624","35,607","35,358","37,768","44,367","44,592","38,722","35,601","37,467","28,887","18,952","18,042"
lacu2023:Peterborough,"216,470","14,107","15,761","15,629","12,810","11,639","15,185","17,323","17,289","15,409","13,863","13,687","12,440","10,525","8,656","8,117","5,785","4,053","4,192"
lacu2023:Luton,"224,958","15,882","16,608","16,751","15,300","15,390","16,331","17,681","17,697","16,590","14,149","13,788","12,377","9,970","7,786","6,402","4,815","3,750","3,691"
lacu2023:Southend-on-Sea,"180,655","10,089","10,853","11,105","9,386","9,372","11,057","11,909","12,160","12,220","12,217","12,516","12,533","10,570","8,752","9,177","7,000","4,663","5,076"
lacu2023:Thurrock,"175,933","12,169","12,631","12,446","10,594","9,536","11,639","13,984","13,855","12,480","11,619","11,796","10,825","8,406","6,730","6,731","4,601","3,041","2,850"
lacu2023:Bedford,"185,796","11,076","11,773","11,964","10,534","9,980","11,860","13,471","13,375","13,032","12,245","12,995","12,140","10,077","8,370","8,285","6,099","4,153","4,367"
lacu2023:Central Bedfordshire,"295,651","17,856","18,583","17,992","15,128","14,016","17,864","21,320","20,988","19,625","19,206","21,061","21,032","17,734","14,438","14,678","10,810","6,907","6,413"
lacu2023:Cambridgeshire,"680,747","34,448","38,726","38,904","38,352","43,892","46,045","47,921","45,907","44,399","44,340","46,878","45,135","38,182","33,190","34,097","25,996","17,420","16,915"
lacu2023:Essex,"1,506,726","82,899","89,062","90,238","81,055","77,940","87,880","97,638","95,616","93,523","95,615","107,581","105,156","90,727","78,287","84,424","64,126","42,363","42,596"
lacu2023:Hertfordshire,"1,200,899","69,748","76,134","78,583","68,045","61,698","71,120","81,218","84,796","86,007","83,678","85,336","81,914","67,048","53,586","52,874","39,982","28,306","30,826"
lacu2023:Norfolk,"918,462","42,189","48,359","49,164","46,865","51,199","52,345","55,343","53,165","50,617","54,714","63,204","65,876","60,156","55,626","60,600","46,754","31,233","31,053"
lacu2023:Suffolk,"763,349","37,052","41,614","43,175","39,840","38,203","44,005","46,816","44,486","43,553","46,265","53,698","54,868","49,293","44,672","48,796","37,306","24,828","24,879"
lacu2023:City of London,"8,689",215,164,173,220,994,"1,246","1,007",707,558,525,657,523,460,408,326,217,164,125
lacu2023:Barking and Dagenham,"218,714","17,077","18,191","18,260","15,511","13,166","15,056","17,944","18,500","17,012","14,953","13,892","11,389","8,627","6,009","4,761","3,343","2,528","2,495"
lacu2023:Barnet,"388,955","23,930","25,087","25,764","22,196","22,068","27,468","29,896","30,512","30,090","27,444","25,653","23,027","19,254","15,480","14,464","10,698","7,290","8,634"
lacu2023:Bexley,"246,637","14,867","16,105","16,506","14,370","13,562","14,695","17,101","17,646","17,246","15,926","17,210","16,689","13,683","10,671","10,500","7,920","5,953","5,987"
lacu2023:Brent,"339,248","19,984","19,781","20,835","20,750","24,319","28,927","29,497","27,533","25,461","23,052","22,729","19,957","16,532","12,469","9,685","7,061","5,441","5,235"
lacu2023:Bromley,"329,899","19,287","20,547","20,926","17,813","14,661","18,132","22,087","24,615","25,166","23,638","23,849","22,449","18,368","14,406","15,321","11,491","8,075","9,068"
lacu2023:Camden,"210,968","10,092","9,815","10,435","13,273","20,619","22,209","20,663","16,531","14,537","13,406","13,300","11,813","9,262","7,229","6,481","4,964","3,266","3,073"
lacu2023:Croydon,"390,691","25,039","24,838","25,464","22,829","21,580","27,149","31,365","31,047","28,586","25,987","26,959","25,962","20,452","15,380","13,741","9,913","7,183","7,217"
lacu2023:Ealing,"366,762","21,345","22,019","23,571","22,080","22,616","28,556","30,472","30,521","29,729","26,530","24,735","22,009","17,792","13,707","11,440","8,045","5,991","5,604"
lacu2023:Enfield,"329,876","21,025","22,508","24,124","21,836","19,128","21,115","22,854","23,702","24,567","22,710","22,604","21,095","17,290","12,901","11,179","8,292","6,455","6,491"
lacu2023:Greenwich,"289,537","18,922","18,729","18,198","16,114","18,318","24,658","27,863","25,739","23,028","19,609","18,978","16,201","12,710","9,441","7,967","5,719","3,804","3,539"
lacu2023:Hackney,"260,082","16,264","15,131","15,375","14,375","18,387","31,848","31,993","23,621","18,632","15,597","14,495","13,458","10,176","7,181","5,470","3,464","2,371","2,244"
lacu2023:Hammersmith and Fulham,"183,310","9,035","8,764","8,998","8,269","16,834","23,342","19,375","14,871","12,865","12,094","11,895","10,334","7,519","5,792","5,010","3,564","2,568","2,181"
lacu2023:Haringey,"264,317","14,953","14,761","15,519","14,721","16,242","23,707","25,729","23,517","21,218","19,151","18,490","16,340","11,991","8,974","7,154","4,960","3,574","3,316"
lacu2023:Harrow,"261,159","15,591","16,055","16,408","15,414","15,015","18,307","20,288","20,955","19,960","17,033","16,384","15,346","13,896","11,676","9,897","7,512","5,655","5,767"
lacu2023:Havering,"262,086","16,378","16,909","16,042","14,593","14,038","16,729","19,189","19,227","17,511","16,136","17,279","17,030","14,830","11,842","12,060","8,938","6,344","7,011"
lacu2023:Hillingdon,"305,107","19,716","20,397","19,992","18,538","19,679","20,445","23,461","24,800","23,597","20,143","19,839","18,169","14,999","11,765","10,311","7,564","5,685","6,007"
lacu2023:Hounslow,"288,164","17,946","18,934","18,706","16,581","16,606","20,731","24,621","25,697","24,213","20,868","19,090","16,546","13,355","10,663","8,961","6,200","4,374","4,072"
lacu2023:Islington,"217,050","11,226","9,943","9,982","10,509","18,380","28,866","27,350","19,230","14,789","12,637","12,727","12,069","8,879","6,536","5,412","3,643","2,529","2,343"
lacu2023:Kensington and Chelsea,"144,266","6,150","6,315","6,500","6,822","12,402","13,255","12,169","10,511","9,635","10,107","11,021","10,621","7,947","5,914","5,467","4,147","2,783","2,500"
lacu2023:Kingston upon Thames,"167,992","9,493","10,433","10,593","9,536","11,010","10,909","12,237","12,881","13,465","12,704","11,687","10,251","8,280","6,730","6,595","4,677","3,148","3,363"
lacu2023:Lambeth,"317,691","15,141","14,850","15,339","15,072","26,332","45,871","36,473","26,223","22,491","20,245","20,416","18,423","13,291","9,128","6,933","4,692","3,554","3,217"
lacu2023:Lewisham,"300,013","18,977","17,993","17,567","15,868","18,582","27,392","30,550","27,375","23,759","20,763","19,934","18,747","13,647","9,117","7,126","5,100","3,913","3,603"
lacu2023:Merton,"215,426","13,400","13,250","13,205","10,933","11,175","16,937","19,102","18,927","18,096","15,652","14,453","12,675","10,329","7,962","7,107","4,841","3,749","3,633"
lacu2023:Newham,"351,256","23,941","23,291","23,357","22,248","27,924","35,789","36,471","32,543","27,573","22,836","20,530","16,452","12,810","9,327","6,335","4,039","3,140","2,650"
lacu2023:Redbridge,"310,130","21,128","21,647","21,350","19,677","18,866","21,612","24,569","26,043","24,844","21,270","19,409","17,022","14,528","11,380","9,609","6,778","5,103","5,295"
lacu2023:Richmond upon Thames,"195,315","10,942","12,695","13,263","10,528","8,344","9,839","11,973","14,131","16,268","16,157","15,447","13,680","10,397","8,370","8,725","6,339","4,068","4,149"
lacu2023:Southwark,"306,762","16,086","15,863","16,225","16,002","25,067","38,061","34,996","26,250","21,731","20,008","19,417","17,734","13,302","8,627","6,652","4,435","3,284","3,022"
lacu2023:Sutton,"209,617","12,613","14,217","14,463","11,673","9,935","12,268","14,552","16,503","17,211","15,249","14,697","13,648","10,721","8,663","8,225","6,129","4,234","4,616"
lacu2023:Tower Hamlets,"312,715","19,071","17,846","17,450","18,137","32,111","45,083","41,079","30,067","22,908","17,826","13,993","10,962","8,559","6,114","4,364","2,856","2,216","2,073"
lacu2023:Waltham Forest,"278,147","18,937","17,458","16,679","15,314","15,399","21,955","28,254","27,111","23,143","19,442","18,093","15,634","12,131","8,915","7,169","5,202","3,813","3,498"
lacu2023:Wandsworth,"328,429","18,645","16,929","15,701","13,331","23,230","48,078","38,760","29,236","24,543","20,949","18,765","16,378","12,239","9,206","8,305","5,883","4,184","4,067"
lacu2023:Westminster,"205,759","8,574","7,795","8,654","10,660","19,454","23,759","21,081","16,217","14,090","13,765","14,393","12,602","9,706","7,365","6,364","4,798","3,307","3,175"
lacu2023:Medway,"279,903","17,286","18,277","18,070","16,408","15,811","18,099","20,372","19,532","18,484","17,583","19,070","18,783","15,794","12,981","12,908","9,156","6,013","5,276"
lacu2023:Bracknell Forest,"125,195","7,138","7,796","8,134","7,199","6,509","8,260","9,332","9,415","9,187","8,774","9,042","8,383","7,017","5,524","5,033","3,613","2,427","2,412"
lacu2023:West Berkshire,"161,864","8,200","9,629","10,651","9,417","7,398","8,621","9,654","10,092","10,583","11,413","12,594","11,769","10,054","8,492","8,592","6,494","4,166","4,045"
lacu2023:Reading,"173,371","10,119","10,491","10,238","10,491","14,524","14,366","15,514","14,603","12,865","11,278","10,733","9,556","7,484","5,865","5,368","4,060","2,888","2,928"
lacu2023:Slough,"158,448","11,597","12,668","12,887","10,189","8,900","10,489","12,672","14,460","13,762","11,141","9,603","8,034","6,629","5,142","3,870","2,515","1,966","1,924"
lacu2023:Windsor and Maidenhead,"153,922","7,956","9,178","10,364","9,349","6,880","8,013","9,273","10,308","11,231","11,382","11,724","10,818","8,936","7,213","7,300","5,670","4,027","4,300"
lacu2023:Wokingham,"178,231","9,823","12,105","12,528","10,393","8,320","9,392","10,677","12,519","13,879","13,308","12,643","11,947","9,918","7,817","8,066","6,197","4,288","4,411"
lacu2023:Milton Keynes,"288,312","17,677","20,184","20,692","16,898","15,023","18,882","22,081","23,041","22,492","20,302","19,319","17,182","14,607","12,228","11,228","7,389","4,713","4,374"
lacu2023:Brighton and Hove,"276,454","11,657","13,009","14,137","16,661","28,028","20,818","20,624","19,506","19,322","20,192","20,946","18,575","13,742","10,937","10,299","7,316","5,067","5,618"
lacu2023:Portsmouth,"207,119","11,218","12,123","11,707","13,515","20,007","15,172","15,887","15,060","12,675","12,099","13,277","12,853","10,581","8,431","8,170","6,007","4,081","4,256"
lacu2023:Southampton,"247,672","13,748","14,271","13,977","15,679","25,744","20,562","20,174","18,351","16,487","14,619","14,057","13,797","11,800","9,661","8,967","6,740","4,462","4,576"
lacu2023:Isle of Wight,"140,885","5,570","6,795","7,060","6,515","5,983","6,674","7,228","6,918","7,038","7,779","10,227","11,206","10,592","10,491","11,183","8,861","5,350","5,415"
lacu2023:Buckinghamshire,"555,161","30,863","34,967","36,958","31,726","25,922","29,983","34,301","36,313","38,370","38,246","40,641","39,425","32,973","26,948","26,951","20,895","14,653","15,026"
lacu2023:East Sussex,"546,861","24,888","28,536","30,658","28,128","24,243","26,356","29,535","29,206","29,650","32,988","39,712","41,812","37,734","34,731","38,299","29,680","19,658","21,047"
lacu2023:Hampshire,"1,406,110","70,781","80,902","82,198","75,175","68,110","77,729","87,591","86,757","86,152","90,017","101,560","103,241","89,438","75,946","80,939","63,015","42,824","43,735"
lacu2023:Kent,"1,578,552","87,016","94,853","98,477","89,183","83,057","90,079","100,663","99,724","98,233","100,345","111,383","110,317","93,908","81,505","87,266","65,921","43,790","42,832"
lacu2023:Oxfordshire,"726,727","37,764","40,783","43,076","44,327","48,311","49,041","51,652","49,443","46,691","45,999","49,691","48,705","40,386","33,665","34,203","26,316","18,064","18,610"
lacu2023:Surrey,"1,205,994","65,295","73,637","76,758","70,754","64,320","62,677","72,657","79,149","84,746","86,036","87,438","84,542","69,402","56,797","58,149","45,694","31,761","36,182"
lacu2023:West Sussex,"885,048","44,307","49,748","51,696","45,862","41,163","47,446","54,209","54,743","55,100","56,633","62,776","63,082","55,576","49,176","52,973","41,537","28,307","30,714"
lacu2023:Bath and North East Somerset,"192,419","8,996","10,029","10,593","13,678","18,453","11,345","11,770","10,974","10,879","11,512","12,753","12,797","10,908","9,407","9,814","7,545","5,356","5,610"
"lacu2023:Bristol, City of","471,285","25,685","26,628","25,562","28,085","47,784","44,291","43,704","37,950","31,355","27,000","26,382","25,074","20,778","16,906","16,023","11,508","8,135","8,435"
lacu2023:North Somerset,"217,385","10,585","12,221","12,899","11,136","9,765","10,778","12,393","13,093","13,434","14,000","15,545","15,772","13,566","12,494","13,914","11,012","7,306","7,472"
lacu2023:South Gloucestershire,"290,886","15,995","17,105","16,788","15,979","18,165","19,443","20,621","19,691","18,210","17,878","20,255","19,960","16,231","13,504","14,109","11,520","7,765","7,667"
lacu2023:Plymouth,"264,768","13,149","15,059","15,079","15,422","21,141","17,907","18,494","17,453","15,763","15,586","17,609","17,409","15,407","12,984","13,090","9,972","6,660","6,584"
lacu2023:Torbay,"139,440","6,003","7,250","7,553","6,924","6,153","7,032","7,621","7,318","7,258","8,099","10,234","10,789","9,882","9,238","9,858","7,792","5,072","5,364"
lacu2023:Swindon,"233,760","13,556","15,119","14,865","12,458","11,966","15,079","17,294","17,309","16,375","16,251","16,728","16,074","13,301","10,597","9,861","7,148","4,897","4,882"
lacu2023:Cornwall,"571,948","25,416","30,221","31,365","29,433","28,724","28,368","31,754","30,977","31,397","34,409","40,780","43,400","40,612","37,482","40,185","30,293","18,754","18,378"
lacu2023:Isles of Scilly,"2,271",100,105,103,91,163,136,122,145,155,106,154,161,134,119,151,135,95,96
lacu2023:Wiltshire,"513,240","25,357","29,363","30,542","28,159","24,843","28,719","31,068","30,798","29,750","33,040","37,564","38,185","33,394","28,880","29,804","23,033","15,278","15,463"
"lacu2023:Bournemouth, Christchurch and Poole","400,155","18,796","21,171","21,401","21,656","26,936","23,625","26,110","26,218","25,693","24,572","26,851","26,668","23,593","20,717","22,588","17,547","12,065","13,948"
lacu2023:Dorset,"381,245","14,991","18,068","20,432","19,547","15,659","16,615","18,402","18,379","18,988","21,239","26,883","29,858","29,137","27,095","30,325","23,529","15,677","16,421"
lacu2023:Somerset,"573,100","26,972","30,437","32,627","30,410","26,060","30,250","33,101","31,693","30,790","34,173","41,380","43,334","39,035","36,102","38,531","29,324","19,194","19,687"
lacu2023:Devon,"814,435","35,174","41,222","43,345","44,469","44,537","40,808","44,145","43,790","43,104","47,337","57,128","61,315","57,118","52,516","56,585","43,767","28,505","29,570"
lacu2023:Gloucestershire,"646,485","32,034","36,061","37,505","35,006","33,500","36,599","40,295","39,644","38,554","40,328","46,565","47,917","41,684","36,169","37,232","28,676","19,374","19,342"
lacu2023:Isle of Anglesey,"68,937","3,150","3,846","3,957","3,519","3,058","3,318","3,681","3,448","3,500","3,957","4,970","5,208","5,026","4,767","5,056","3,750","2,531","2,195"
lacu2023:Gwynedd,"117,072","5,315","6,236","6,539","6,814","8,397","6,447","6,638","5,912","5,926","6,748","8,086","8,571","8,035","7,157","7,233","5,575","3,624","3,819"
lacu2023:Conwy,"114,788","4,981","5,815","6,270","5,614","5,036","5,519","6,166","5,821","5,725","6,522","8,188","9,073","8,591","7,883","8,491","6,305","4,287","4,501"
lacu2023:Denbighshire,"96,047","4,754","5,324","5,705","5,273","4,477","5,087","5,156","4,902","4,952","5,684","6,856","7,330","6,662","6,081","6,577","4,906","3,266","3,055"
lacu2023:Flintshire,"155,045","7,572","8,630","9,376","8,300","7,404","8,858","9,729","9,421","8,945","9,818","11,915","11,670","10,037","8,598","9,626","6,751","4,542","3,853"
lacu2023:Wrexham,"135,152","6,914","7,961","8,302","7,388","6,960","7,865","8,595","8,720","8,214","8,576","10,145","9,657","8,308","7,491","7,558","5,573","3,549","3,376"
lacu2023:Ceredigion,"70,676","2,687","3,297","3,419","4,383","5,910","3,570","3,480","3,313","3,153","3,606","4,753","5,428","5,164","4,919","5,063","3,783","2,399","2,349"
lacu2023:Pembrokeshire,"123,633","5,540","6,706","7,083","6,409","5,682","6,249","6,696","6,322","6,214","6,855","8,647","9,609","9,118","8,608","8,829","6,630","4,320","4,116"
lacu2023:Carmarthenshire,"188,172","8,901","10,252","10,990","10,107","8,796","9,874","10,729","10,462","10,199","11,063","13,244","14,324","13,543","12,420","12,147","9,392","6,027","5,702"
lacu2023:Swansea,"237,897","11,342","12,989","13,711","13,951","18,740","14,187","15,087","14,605","13,880","13,858","15,733","16,003","14,580","12,788","13,119","9,750","6,816","6,758"
lacu2023:Neath Port Talbot,"141,934","6,926","7,992","8,404","8,738","7,507","8,286","8,788","8,767","8,237","8,385","9,792","10,332","9,551","8,337","8,238","5,970","3,986","3,698"
lacu2023:Bridgend,"145,738","7,287","8,330","8,737","7,737","7,435","8,751","9,872","8,963","8,607","9,075","10,641","10,701","9,249","8,077","8,231","6,135","4,268","3,642"
lacu2023:Vale of Glamorgan,"132,491","6,796","7,866","8,330","7,114","6,115","7,189","7,925","8,160","8,177","8,189","9,232","9,477","8,705","7,837","7,819","5,904","3,929","3,727"
lacu2023:Cardiff,"359,824","18,901","21,493","21,573","24,659","36,564","29,396","26,949","25,021","22,367","20,265","21,009","20,572","18,147","14,967","14,104","9,772","6,867","7,198"
lacu2023:Rhondda Cynon Taf,"237,545","12,389","14,011","14,550","13,516","14,250","14,577","16,082","15,283","13,720","14,351","16,695","16,793","14,541","12,770","13,191","9,473","6,111","5,242"
lacu2023:Caerphilly,"175,999","9,105","10,412","10,797","9,711","9,034","10,601","11,609","11,252","10,626","10,887","12,612","12,661","11,079","9,850","10,046","7,165","4,672","3,880"
lacu2023:Blaenau Gwent,"66,989","3,472","3,722","3,799","3,391","3,548","4,362","4,609","4,053","3,683","4,075","5,077","5,215","4,345","3,719","3,816","2,842","1,789","1,472"
lacu2023:Torfaen,"92,454","4,964","5,366","5,644","5,014","4,735","5,771","6,272","5,740","5,260","5,286","6,390","6,770","5,944","5,246","5,234","3,838","2,548","2,432"
lacu2023:Monmouthshire,"93,163","3,926","4,614","5,145","4,709","3,870","4,499","4,777","4,919","5,041","5,704","7,243","7,844","6,732","6,154","6,392","4,982","3,306","3,306"
lacu2023:Newport,"159,687","9,670","10,330","10,290","8,780","8,665","10,949","12,436","11,258","9,986","9,595","10,781","10,690","9,070","7,293","7,200","5,436","3,751","3,507"
lacu2023:Powys,"133,521","5,691","6,523","6,982","6,605","5,770","6,526","6,762","6,481","6,412","7,600","9,666","10,714","10,436","9,893","10,004","7,684","5,001","4,771"
lacu2023:Merthyr Tydfil,"58,869","3,281","3,636","3,574","3,179","3,199","3,649","4,119","4,038","3,382","3,438","4,108","4,291","3,803","3,166","3,135","2,204","1,429","1,238"
lacu2023:Clackmannanshire,"51,600","2,346","2,790","3,021","2,691","2,681","2,953","3,068","3,018","2,979","3,432","4,174","4,160","3,590","3,124","3,119","2,133","1,294","1,027"
lacu2023:Dumfries and Galloway,"146,250","6,020","6,929","7,894","6,839","6,575","7,017","7,501","7,334","7,072","8,347","11,098","12,509","11,681","10,670","10,750","7,891","5,357","4,766"
lacu2023:East Ayrshire,"120,500","5,799","6,689","6,732","6,235","6,091","6,665","7,388","7,140","6,832","7,738","9,417","9,593","8,640","7,431","7,158","4,909","3,340","2,703"
lacu2023:East Lothian,"111,340","5,466","6,475","6,777","6,076","5,224","5,773","6,406","6,748","6,843","7,345","8,483","8,685","7,834","6,424","6,206","4,586","3,086","2,903"
lacu2023:East Renfrewshire,"96,210","4,775","6,447","6,758","5,682","4,530","3,845","4,598","5,690","6,411","6,391","6,947","7,005","6,505","5,677","5,235","3,892","2,790","3,032"
lacu2023:Na h-Eileanan Siar,"26,160","1,048","1,298","1,363","1,220",967,"1,201","1,268","1,252","1,512","1,696","2,100","2,218","2,080","1,914","1,836","1,283","1,023",881
lacu2023:Falkirk,"158,760","7,431","8,505","9,507","8,162","8,510","9,420","9,931","10,047","10,004","11,079","12,538","12,282","10,511","8,772","8,711","5,859","4,072","3,419"
lacu2023:Highland,"235,850","9,993","12,083","12,960","11,675","10,940","12,124","13,106","13,803","13,807","14,899","18,104","19,421","17,714","15,950","15,019","10,693","7,071","6,488"
lacu2023:Inverclyde,"78,390","3,287","3,807","4,132","3,977","4,164","4,363","4,514","4,460","4,374","4,790","6,132","6,900","6,173","4,988","4,624","3,316","2,295","2,094"
lacu2023:Midlothian,"95,670","5,486","5,959","5,455","4,783","4,841","5,634","6,797","6,784","6,037","6,013","6,855","6,782","6,138","5,125","5,160","3,594","2,322","1,905"
lacu2023:Moray,"94,270","4,261","4,911","5,354","4,851","4,824","5,280","5,485","5,394","5,295","6,062","7,187","7,347","6,731","5,959","5,708","4,128","2,831","2,662"
lacu2023:North Ayrshire,"133,860","5,650","6,861","7,475","7,085","6,925","6,939","7,224","7,260","7,152","8,409","10,209","11,106","10,076","9,082","8,693","6,271","4,053","3,390"
lacu2023:Orkney Islands,"22,030",979,"1,097","1,206","1,022",904,"1,178","1,255","1,233","1,144","1,354","1,725","1,855","1,672","1,491","1,426","1,094",751,644
lacu2023:Scottish Borders,"117,080","4,857","5,857","6,436","5,738","5,022","5,283","5,672","6,069","6,050","7,326","9,257","9,863","9,292","8,316","8,347","5,930","4,082","3,683"
lacu2023:Shetland Islands,"22,960","1,098","1,355","1,473","1,238","1,082","1,238","1,374","1,274","1,425","1,511","1,678","1,734","1,517","1,396","1,323","1,028",661,555
lacu2023:South Ayrshire,"111,560","4,513","5,469","5,991","5,378","5,280","5,291","5,598","5,916","5,975","6,714","8,328","9,010","8,790","8,038","7,850","5,810","3,938","3,671"
lacu2023:South Lanarkshire,"325,390","15,969","17,416","18,220","16,956","17,257","18,707","19,740","20,807","20,220","20,982","25,108","25,472","23,185","19,739","17,396","12,322","8,439","7,455"
lacu2023:Stirling,"91,470","3,865","4,672","5,193","6,063","7,098","4,765","4,853","5,000","5,292","5,709","7,022","7,116","6,087","5,071","5,096","3,714","2,586","2,268"
lacu2023:Aberdeen City,"220,630","10,680","11,104","10,759","12,320","18,764","16,622","17,380","16,242","14,343","13,522","13,952","14,196","12,979","10,952","10,131","6,719","5,063","4,902"
lacu2023:Aberdeenshire,"263,140","13,171","15,892","16,374","13,685","11,227","12,249","15,143","16,901","17,085","18,031","20,504","20,452","17,937","15,953","15,218","10,336","6,789","6,193"
lacu2023:Argyll and Bute,"87,960","3,286","4,054","4,405","4,010","4,060","4,339","4,512","4,506","4,655","5,319","6,868","7,561","7,165","6,381","6,507","4,521","3,081","2,730"
lacu2023:City of Edinburgh,"505,750","22,283","24,079","24,193","29,258","45,573","43,458","42,827","37,886","33,896","30,624","31,639","31,172","27,672","22,702","21,490","14,725","10,721","11,552"
lacu2023:Renfrewshire,"182,330","8,400","9,424","9,649","9,545","10,624","11,738","12,311","11,808","10,981","11,252","14,000","14,280","12,823","10,175","9,605","6,779","4,725","4,211"
lacu2023:West Dunbartonshire,"88,510","4,143","4,866","5,189","4,584","4,822","5,246","5,591","5,578","5,132","5,361","6,710","7,235","6,537","5,385","4,751","3,236","2,179","1,965"
lacu2023:West Lothian,"180,850","9,247","10,878","11,473","9,956","9,485","10,427","11,885","12,238","11,746","12,719","14,478","13,617","11,492","9,237","8,889","6,089","3,915","3,079"
lacu2023:Angus,"114,950","4,957","5,992","6,233","5,850","5,403","5,719","6,138","6,620","6,352","7,051","8,483","9,267","8,483","7,544","8,010","5,549","3,745","3,554"
lacu2023:Dundee City,"146,790","6,717","7,478","7,933","9,664","13,621","10,637","10,471","9,520","8,019","7,829","9,212","9,801","9,219","7,291","7,055","4,928","3,647","3,748"
lacu2023:East Dunbartonshire,"108,920","5,211","6,275","6,436","5,580","4,936","4,703","5,530","6,459","6,865","6,828","7,883","8,549","7,890","6,910","6,633","4,906","3,758","3,568"
lacu2023:Fife,"370,880","16,998","19,743","21,593","20,869","22,211","20,013","21,758","22,093","21,703","22,897","27,506","28,319","25,730","22,087","22,097","15,736","10,122","9,405"
lacu2023:Perth and Kinross,"150,700","6,352","7,468","8,398","7,581","7,156","7,528","8,111","8,688","8,565","9,425","11,438","12,176","10,980","10,010","9,785","7,087","4,977","4,975"
lacu2023:Glasgow City,"610,860","29,524","30,609","30,055","35,524","54,251","56,817","53,863","45,005","37,358","35,055","39,751","40,790","35,837","27,830","22,099","15,083","10,956","10,453"
lacu2023:North Lanarkshire,"341,280","17,146","19,094","20,570","19,546","20,041","20,296","21,696","22,121","21,850","22,925","26,927","26,381","22,278","18,492","16,483","11,523","7,831","6,080"
lacu2023:Antrim and Newtownabbey,"145,852","8,220","9,373","9,858","8,700","7,762","8,713","9,553","9,908","9,831","9,758","10,306","10,028","8,527","7,057","6,460","5,211","3,496","3,091"
"lacu2023:Armagh City, Banbridge and Craigavon","219,127","14,041","15,488","15,814","13,289","11,382","13,228","14,687","15,184","14,527","14,302","15,014","14,504","12,331","9,896","9,069","7,326","4,808","4,237"
lacu2023:Belfast,"344,992","19,559","21,343","21,201","20,863","29,041","26,824","26,590","24,563","21,680","19,531","21,054","22,011","19,553","14,970","12,173","10,028","6,897","7,111"
lacu2023:Causeway Coast and Glens,"141,664","7,882","8,858","9,121","8,330","7,842","7,641","8,377","8,573","8,487","9,193","10,356","10,211","9,191","7,848","6,991","5,745","3,778","3,240"
lacu2023:Derry City and Strabane,"150,834","9,226","10,240","10,451","9,437","8,628","8,904","9,782","10,022","9,740","9,758","10,710","10,691","8,930","7,387","6,570","4,828","3,103","2,427"
lacu2023:Fermanagh and Omagh,"116,926","7,288","7,860","8,086","7,267","5,939","6,279","6,732","7,597","7,505","7,506","7,925","7,940","7,354","6,545","5,685","4,164","2,756","2,498"
lacu2023:Lisburn and Castlereagh,"149,272","9,011","9,591","9,792","7,988","7,006","8,832","10,334","10,607","10,033","9,633","10,455","10,477","9,090","7,146","6,482","5,470","3,824","3,501"
lacu2023:Mid and East Antrim,"139,127","7,568","8,146","8,485","8,020","7,127","7,633","8,404","8,537","8,566","9,031","10,665","10,325","9,069","7,579","7,010","5,747","3,822","3,393"
lacu2023:Mid Ulster,"150,598","10,601","10,995","11,009","9,655","8,330","9,184","10,230","10,897","10,149","9,992","9,720","9,157","7,956","6,669","5,768","4,572","2,984","2,730"
"lacu2023:Newry, Mourne and Down","182,345","11,648","13,021","13,158","11,366","9,877","10,277","11,274","11,859","11,850","11,534","12,577","12,363","10,904","9,210","7,842","6,086","3,887","3,612"
lacu2023:Ards and North Down,"163,827","7,988","9,621","10,155","8,863","7,372","8,426","9,468","9,882","10,173","10,700","11,831","11,829","11,022","9,640","9,685","8,085","4,705","4,382"
ladu2023:Hartlepool,"92,575","4,967","5,538","5,947","5,285","5,155","5,458","5,899","5,526","5,094","5,316","6,607","7,082","6,365","5,257","5,084","3,272","2,465","2,258"
ladu2023:Middlesbrough,"143,943","8,898","9,721","9,508","8,636","9,984","10,306","10,263","9,508","8,061","7,883","8,672","9,396","8,736","7,259","6,466","4,404","3,204","3,038"
ladu2023:Redcar and Cleveland,"136,605","6,741","7,802","8,025","7,234","6,549","7,435","7,904","7,683","7,251","7,820","9,897","10,725","9,602","8,524","8,661","6,460","4,488","3,804"
ladu2023:Stockton-on-Tees,"197,032","10,602","12,372","13,061","10,911","9,562","11,889","13,037","13,173","12,141","11,948","13,910","14,069","12,839","10,863","10,285","7,007","4,979","4,384"
ladu2023:Darlington,"108,210","5,472","6,319","6,651","5,959","5,346","6,378","6,963","6,631","6,687","6,819","7,762","7,935","7,017","6,003","6,014","4,228","3,129","2,897"
ladu2023:County Durham,"521,447","24,545","28,212","29,549","30,673","32,827","28,974","30,711","30,686","29,368","31,102","37,884","39,574","35,347","31,077","30,747","22,111","15,014","13,046"
ladu2023:Northumberland,"321,532","14,192","16,645","17,404","16,025","14,003","15,839","17,060","17,433","17,444","19,375","23,241","25,705","24,885","22,690","23,071","16,158","10,553","9,809"
ladu2023:Newcastle upon Tyne,"298,545","15,499","16,716","16,489","21,366","36,574","23,453","21,223","19,679","17,052","15,960","16,809","17,319","15,537","12,816","11,814","8,015","5,976","6,248"
ladu2023:North Tyneside,"209,128","10,856","11,962","12,087","10,668","9,434","12,059","13,878","14,277","13,744","13,481","14,590","15,211","13,668","12,171","11,855","8,081","5,585","5,521"
ladu2023:South Tyneside,"147,919","7,759","8,540","8,630","7,585","7,247","8,601","9,793","9,501","8,536","8,579","10,352","11,219","10,517","8,816","8,373","5,742","4,219","3,910"
ladu2023:Sunderland,"274,378","13,765","15,209","16,037","14,719","15,119","16,954","18,026","17,167","15,789","16,451","19,529","19,966","19,008","16,163","15,518","10,449","7,649","6,860"
ladu2023:Gateshead,"196,179","10,008","11,048","11,264","10,126","10,321","12,705","13,122","13,050","11,868","11,872","13,897","14,252","12,663","10,654","10,787","7,485","5,792","5,265"
ladu2023:Halton,"128,570","6,911","7,860","8,070","7,261","6,739","7,845","8,521","8,521","7,994","8,284","9,074","9,125","8,189","7,255","7,193","4,368","2,845","2,515"
ladu2023:Warrington,"211,182","10,538","12,301","12,869","11,358","10,436","12,408","13,870","14,218","13,707","14,115","16,014","15,937","13,049","10,680","10,747","8,315","5,842","4,778"
ladu2023:Blackburn with Darwen,"154,954","10,034","11,134","11,747","11,005","9,465","9,985","10,679","10,831","10,041","9,795","10,282","9,406","8,000","6,758","6,199","4,129","2,862","2,602"
ladu2023:Blackpool,"140,976","7,299","7,873","7,895","7,458","7,324","8,446","9,506","8,572","7,722","8,481","10,550","11,051","9,437","7,762","7,805","5,909","4,115","3,771"
ladu2023:Cheshire East,"400,474","19,952","22,091","22,918","20,311","17,617","21,640","24,367","24,681","24,034","26,029","30,389","30,535","25,920","22,422","24,354","18,422","12,488","12,304"
ladu2023:Cheshire West and Chester,"357,730","17,487","19,790","20,418","18,940","19,543","21,114","22,607","22,410","20,959","22,657","26,067","26,589","22,847","19,896","20,536","15,334","10,670","9,866"
ladu2023:Cumberland,"273,788","12,784","14,552","15,152","13,628","13,316","15,690","16,078","15,873","14,686","16,420","20,409","21,581","19,932","17,098","17,647","12,247","8,701","7,994"
ladu2023:Westmorland and Furness,"226,941","9,455","10,699","11,653","11,565","10,189","11,995","12,526","12,118","11,731","13,524","17,289","18,599","17,038","14,936","16,011","11,892","8,220","7,501"
ladu2023:Burnley,"94,734","5,719","6,163","6,317","5,563","5,099","6,078","6,742","6,386","5,666","5,715","6,302","6,326","5,657","4,736","4,816","3,376","2,156","1,917"
ladu2023:Chorley,"117,908","5,985","6,979","6,951","6,009","5,342","6,519","7,648","7,796","7,429","7,884","9,031","8,670","7,407","6,403","6,964","5,048","3,215","2,628"
ladu2023:Fylde,"81,750","3,291","3,881","4,129","3,790","3,262","3,764","4,246","4,532","4,222","4,676","6,007","6,690","6,432","5,617","5,976","4,755","3,234","3,246"
ladu2023:Hyndburn,"82,271","4,907","5,227","5,337","5,020","4,527","5,314","5,651","5,212","4,768","5,014","5,896","5,512","4,776","4,065","4,229","3,083","1,980","1,753"
ladu2023:Lancaster,"142,351","6,670","7,442","7,578","9,995","12,775","7,983","8,254","8,470","7,781","7,789","9,442","9,808","8,889","7,662","7,941","5,887","3,999","3,986"
ladu2023:Pendle,"95,819","5,878","6,514","6,783","5,876","5,225","5,544","6,424","6,507","5,892","5,852","6,308","6,158","5,556","4,817","4,896","3,362","2,163","2,064"
ladu2023:Preston,"147,786","8,939","9,257","9,266","9,620","12,348","10,936","10,717","10,024","9,190","8,932","9,448","9,365","7,767","6,223","5,748","4,041","3,006","2,959"
ladu2023:Ribble Valley,"61,865","2,647","3,076","3,652","3,359","2,747","2,825","3,251","3,271","3,356","3,929","4,996","5,162","4,626","3,820","3,985","3,147","2,048","1,968"
ladu2023:Rossendale,"71,008","3,771","4,366","4,557","3,930","3,220","4,058","4,618","4,428","4,325","4,706","5,493","5,287","4,516","3,917","3,971","2,662","1,637","1,546"
ladu2023:South Ribble,"111,203","5,430","6,357","6,504","5,768","5,212","6,064","7,084","6,683","6,619","7,274","8,334","8,523","7,124","6,328","6,690","4,888","3,332","2,989"
ladu2023:West Lancashire,"117,099","5,207","5,959","6,551","8,438","8,219","5,871","6,459","6,314","6,092","6,999","8,458","8,986","7,688","6,685","7,006","5,356","3,661","3,150"
ladu2023:Wyre,"112,434","4,823","5,565","5,978","5,783","4,812","5,491","5,908","5,738","5,585","6,272","7,987","8,818","8,471","7,604","8,406","6,414","4,557","4,222"
ladu2023:Bolton,"296,169","18,265","20,322","20,977","18,626","16,615","17,692","19,994","19,954","18,504","18,536","20,114","19,278","16,289","13,903","14,161","10,256","6,838","5,845"
ladu2023:Bury,"193,866","11,098","12,429","12,839","11,456","9,518","11,420","13,401","13,360","12,117","12,398","13,423","13,498","11,272","9,476","9,889","7,143","4,834","4,295"
ladu2023:Manchester,"550,630","34,005","36,418","36,398","40,540","61,646","52,810","47,993","42,126","35,960","31,142","30,337","26,954","21,695","16,726","13,878","9,306","6,632","6,064"
ladu2023:Oldham,"242,003","15,897","17,350","17,992","16,488","14,140","14,829","16,635","16,243","15,167","14,670","15,980","15,088","12,703","10,856","10,619","7,688","5,346","4,312"
ladu2023:Rochdale,"224,127","14,501","15,502","15,790","13,737","12,216","13,947","15,848","15,355","14,224","13,848","15,106","14,441","12,550","10,880","10,353","7,061","4,611","4,157"
ladu2023:Salford,"270,866","17,203","16,713","16,111","15,253","22,993","26,553","24,703","20,588","16,386","14,984","15,479","15,073","12,787","9,719","9,883","6,982","5,025","4,431"
ladu2023:Stockport,"295,268","16,512","18,037","17,917","15,186","13,357","16,765","20,031","20,517","19,584","18,941","20,607","20,436","17,774","15,363","15,578","11,757","8,489","8,417"
ladu2023:Tameside,"231,220","13,539","14,676","14,876","12,727","11,854","14,815","16,582","15,859","14,335","14,476","16,559","16,332","13,887","11,190","11,531","8,154","5,349","4,479"
ladu2023:Trafford,"235,586","13,304","15,950","16,540","13,676","10,645","12,498","14,844","17,221","17,466","16,356","16,568","15,914","13,135","10,810","10,688","8,034","6,004","5,933"
ladu2023:Wigan,"329,796","17,651","19,206","19,821","17,755","16,933","20,639","22,914","21,799","19,748","21,011","25,044","23,369","19,923","16,902","18,326","13,716","8,546","6,493"
ladu2023:Knowsley,"154,978","9,793","9,506","9,168","8,563","8,484","10,617","11,774","10,416","8,647","8,665","10,650","11,700","10,555","8,304","6,930","4,474","3,495","3,237"
ladu2023:Liverpool,"485,022","26,298","26,778","25,338","31,627","49,388","38,099","37,596","33,351","27,961","26,381","29,069","30,484","27,751","22,650","19,973","13,503","9,925","8,850"
ladu2023:St. Helens,"183,394","9,599","10,310","10,625","9,547","9,357","11,414","12,255","11,776","10,729","11,596","13,468","13,333","11,578","9,928","10,504","7,736","5,212","4,427"
ladu2023:Sefton,"279,693","13,492","15,088","15,330","14,231","13,467","15,058","17,152","16,929","15,672","16,463","20,070","21,596","19,987","16,881","16,605","12,626","9,556","9,490"
ladu2023:Wirral,"320,631","16,233","18,691","19,319","17,373","15,062","17,730","19,718","19,272","18,388","19,529","22,921","23,904","21,672","18,939","19,110","13,702","9,676","9,392"
"ladu2023:Kingston upon Hull, City of","266,516","15,792","17,206","16,781","15,386","19,092","20,000","20,795","18,816","15,890","16,178","17,269","17,182","15,011","12,297","11,352","7,310","5,197","4,962"
ladu2023:East Riding of Yorkshire,"343,145","14,681","17,324","18,430","17,173","14,540","16,646","18,012","18,119","17,978","21,168","25,622","27,302","25,085","23,194","25,188","18,450","12,609","11,624"
ladu2023:North East Lincolnshire,"157,188","8,360","9,507","9,599","8,628","7,912","9,213","10,404","9,544","8,500","9,225","11,110","11,799","10,347","8,809","8,815","6,366","4,634","4,416"
ladu2023:North Lincolnshire,"169,929","8,406","9,604","10,139","9,085","8,114","9,531","10,662","10,377","9,325","10,173","12,532","12,990","11,475","10,048","10,226","7,460","4,987","4,795"
ladu2023:York,"201,851","8,565","9,871","10,299","14,064","20,340","12,856","12,930","12,499","12,023","11,776","13,321","12,977","11,327","9,802","10,396","7,701","5,497","5,607"
ladu2023:North Yorkshire,"618,627","27,532","31,277","33,669","32,905","26,792","31,486","34,010","33,337","33,466","37,255","46,533","49,761","45,588","40,125","42,082","31,190","21,133","20,486"
ladu2023:Barnsley,"244,887","13,357","14,277","14,439","12,517","12,377","15,933","16,990","15,657","14,007","14,964","18,718","18,067","15,679","13,418","13,049","9,715","6,255","5,468"
ladu2023:Doncaster,"308,697","16,914","18,081","18,684","16,390","16,122","19,986","21,929","20,206","18,163","18,454","21,818","22,033","19,672","16,640","16,361","11,675","8,013","7,556"
ladu2023:Rotherham,"266,173","14,535","15,989","16,536","14,772","14,020","16,303","18,044","17,024","15,387","16,411","19,448","18,657","16,496","14,096","14,185","10,789","7,261","6,220"
ladu2023:Sheffield,"555,035","29,977","32,010","32,102","35,885","50,125","40,407","39,137","35,276","32,221","32,019","36,235","34,620","29,730","24,850","24,491","19,247","13,684","13,019"
ladu2023:Bradford,"546,839","35,806","39,400","41,299","38,274","33,221","34,298","37,870","38,123","35,915","33,578","34,402","32,211","28,942","24,244","22,393","14,742","11,098","11,023"
ladu2023:Calderdale,"206,828","11,228","12,796","13,285","11,831","10,172","11,931","12,929","13,006","12,708","13,606","15,734","15,136","12,970","10,906","11,072","7,815","5,014","4,689"
ladu2023:Kirklees,"433,458","24,955","27,454","28,649","27,079","25,719","26,448","28,294","28,205","27,255","27,793","30,960","28,610","24,773","20,972","21,501","15,148","10,269","9,374"
ladu2023:Leeds,"809,479","46,395","49,557","48,365","49,861","69,406","60,266","60,484","56,826","52,040","48,782","50,936","48,258","40,863","33,867","34,177","24,535","17,433","17,428"
ladu2023:Wakefield,"353,803","19,926","21,034","20,933","18,175","17,775","23,462","25,258","23,824","20,893","22,278","26,427","25,062","21,706","18,453","18,509","13,510","8,873","7,705"
ladu2023:Derby,"261,260","15,122","16,832","17,096","16,172","18,353","18,280","18,345","18,210","16,606","16,267","17,267","16,259","13,394","11,363","11,103","8,294","6,064","6,233"
ladu2023:Leicester,"366,940","22,004","24,803","25,443","27,427","35,396","27,284","27,411","27,219","24,702","22,592","21,958","19,494","17,391","14,026","11,393","7,415","5,480","5,502"
ladu2023:Rutland,"41,342","1,627","1,974","2,442","2,910","1,958","2,179","2,218","2,214","2,355","2,429","2,964","2,951","2,735","2,471","2,797","2,203","1,458","1,457"
ladu2023:Nottingham,"319,978","17,645","19,273","18,859","28,087","43,674","23,923","24,113","21,336","18,483","17,475","17,854","17,106","14,036","11,009","9,805","6,931","5,069","5,300"
ladu2023:North Northamptonshire,"360,418","20,139","22,381","23,358","20,312","17,727","22,115","24,867","24,538","23,350","23,724","26,520","25,035","20,729","17,908","18,377","13,388","8,234","7,716"
ladu2023:West Northamptonshire,"426,707","23,959","26,340","26,873","24,130","24,079","27,145","30,768","29,822","28,712","28,500","30,353","29,003","23,717","19,891","20,418","14,723","9,317","8,957"
ladu2023:Amber Valley,"126,442","6,018","6,699","7,081","6,164","6,043","7,184","7,542","7,237","7,189","8,337","9,948","9,878","8,456","7,537","8,158","5,984","3,680","3,307"
ladu2023:Bolsover,"80,473","4,099","4,421","4,520","3,998","4,194","5,243","5,418","5,007","4,355","5,100","6,399","6,109","5,264","4,420","4,422","3,555","2,089","1,860"
ladu2023:Chesterfield,"103,673","5,044","5,568","5,807","5,032","5,290","6,489","6,499","6,159","6,101","6,570","7,693","7,951","6,960","6,051","6,075","4,566","2,980","2,838"
ladu2023:Derbyshire Dales,"71,659","2,604","3,265","3,763","3,636","2,814","2,968","3,170","3,200","3,673","4,524","5,904","6,342","5,674","5,147","5,493","4,183","2,714","2,585"
ladu2023:Erewash,"113,039","5,430","6,338","6,337","5,844","5,707","6,963","7,530","6,986","6,623","7,258","8,704","8,570","7,139","6,048","6,439","4,941","3,187","2,995"
ladu2023:High Peak,"91,079","4,282","4,766","5,203","4,536","4,195","4,734","5,406","5,263","5,249","5,808","7,322","7,600","6,753","5,490","5,599","4,087","2,511","2,275"
ladu2023:North East Derbyshire,"102,294","4,825","5,381","5,541","4,869","4,621","5,648","5,760","5,624","5,623","6,220","7,707","7,897","7,132","6,450","6,819","5,586","3,576","3,015"
ladu2023:South Derbyshire,"108,051","5,824","6,432","6,710","5,842","5,240","6,886","7,354","6,982","6,744","7,235","8,404","7,865","6,405","5,716","5,551","4,105","2,466","2,290"
ladu2023:Blaby,"103,271","5,642","6,226","6,191","5,466","4,827","5,962","6,999","6,885","6,350","6,594","7,322","7,186","6,388","5,420","5,727","4,337","3,018","2,731"
ladu2023:Charnwood,"182,906","9,060","9,844","9,964","12,830","15,845","10,818","11,749","11,661","10,731","10,843","12,319","11,760","10,572","9,353","9,396","7,024","4,600","4,537"
ladu2023:Harborough,"98,254","4,736","5,364","5,889","5,598","4,387","5,035","5,536","5,670","5,981","6,670","7,655","7,608","6,433","5,532","5,900","4,509","2,960","2,791"
ladu2023:Hinckley and Bosworth,"113,653","5,562","6,386","6,422","5,718","5,032","6,499","7,213","7,139","6,743","7,285","8,523","8,275","7,344","6,623","7,142","5,305","3,361","3,081"
ladu2023:Melton,"51,756","2,367","2,814","3,009","2,624","2,202","2,601","2,882","2,788","2,943","3,171","4,120","4,333","3,656","3,279","3,453","2,473","1,539","1,502"
ladu2023:North West Leicestershire,"105,004","5,430","5,851","6,104","5,503","5,840","6,159","6,808","6,492","6,300","7,082","8,107","7,665","6,507","5,667","5,987","4,539","2,667","2,296"
ladu2023:Oadby and Wigston,"57,788","2,867","3,466","3,520","4,153","2,973","3,173","3,498","3,582","3,510","3,422","3,869","3,875","3,562","2,972","3,073","2,380","1,835","2,058"
ladu2023:Boston,"70,815","3,704","4,144","4,384","3,799","3,607","4,194","4,768","4,734","4,285","4,479","4,883","4,961","4,374","3,835","3,819","2,917","1,973","1,955"
ladu2023:East Lindsey,"142,916","5,608","6,494","7,299","6,532","5,979","6,541","6,855","6,345","6,370","7,627","10,262","11,689","11,625","11,200","12,192","9,434","5,760","5,104"
ladu2023:Lincoln,"102,411","5,038","5,354","5,298","7,814","13,202","7,858","7,691","6,588","5,879","5,532","5,960","5,984","5,059","4,134","4,004","2,899","2,006","2,111"
ladu2023:North Kesteven,"118,502","5,451","6,535","6,705","6,043","5,542","6,595","7,123","6,998","6,561","7,308","9,019","9,112","7,741","6,692","7,613","5,938","4,108","3,418"
ladu2023:South Holland,"95,490","4,749","5,166","5,204","4,651","4,526","5,219","5,872","5,555","5,291","5,991","6,993","7,213","6,252","5,625","6,188","4,665","3,231","3,099"
ladu2023:South Kesteven,"143,751","6,676","8,102","8,855","7,554","6,159","7,477","8,039","8,174","8,520","9,325","10,888","10,942","9,699","8,578","9,108","7,017","4,406","4,232"
ladu2023:West Lindsey,"95,555","4,374","5,257","5,347","4,736","4,115","4,868","5,107","5,209","4,994","5,649","7,193","7,524","7,031","6,374","6,602","5,189","3,201","2,785"
ladu2023:Ashfield,"126,356","6,745","7,623","7,595","6,671","6,374","7,756","8,717","7,940","7,520","7,911","9,495","9,242","7,751","6,602","6,684","5,391","3,473","2,866"
ladu2023:Bassetlaw,"118,327","5,973","6,566","6,646","5,920","5,694","6,969","7,264","6,911","6,625","7,353","8,974","9,208","7,933","6,852","7,233","5,485","3,537","3,184"
ladu2023:Broxtowe,"110,796","5,238","6,055","6,006","5,635","6,311","7,023","7,432","7,103","6,384","6,707","7,849","7,877","6,851","6,033","6,710","4,987","3,361","3,234"
ladu2023:Gedling,"117,291","5,938","6,658","6,831","5,865","5,239","6,833","7,616","7,465","7,348","7,367","8,677","8,578","7,494","6,551","6,910","5,048","3,534","3,339"
ladu2023:Mansfield,"110,592","5,927","6,558","6,606","5,476","5,446","7,091","7,897","7,636","6,630","6,723","7,903","8,157","7,123","5,905","5,699","4,400","2,799","2,616"
ladu2023:Newark and Sherwood,"123,352","6,075","6,677","6,917","6,377","6,073","7,234","7,557","7,215","6,966","7,639","9,167","9,353","8,256","7,240","7,644","5,820","3,738","3,404"
ladu2023:Rushcliffe,"119,418","5,853","6,850","7,330","6,497","6,263","6,097","6,768","7,365","7,781","7,970","8,694","8,627","7,372","6,417","6,885","5,307","3,515","3,827"
"ladu2023:Herefordshire, County of","187,522","8,366","9,487","10,094","9,278","8,163","9,529","10,601","10,226","9,903","11,004","13,589","14,653","13,749","12,590","12,937","9,977","6,743","6,633"
ladu2023:Telford and Wrekin,"185,857","10,507","11,819","12,264","10,929","10,843","11,672","12,743","12,203","11,216","11,919","13,560","12,682","10,527","9,214","9,098","6,683","4,362","3,616"
ladu2023:Stoke-on-Trent,"258,102","15,499","16,869","16,927","14,980","16,766","17,005","19,028","17,669","15,566","15,462","16,974","16,319","14,468","12,420","11,911","8,782","6,012","5,445"
ladu2023:Shropshire,"324,669","14,338","16,199","17,276","17,125","15,429","16,807","18,032","17,335","16,782","19,496","24,300","25,629","23,265","20,806","21,877","17,384","11,536","11,053"
ladu2023:Cannock Chase,"100,595","5,528","5,695","5,668","5,153","5,216","6,697","7,087","6,442","5,685","6,303","7,756","7,544","6,116","5,334","5,341","4,072","2,672","2,286"
ladu2023:East Staffordshire,"124,486","6,956","7,500","7,674","6,884","6,479","7,977","8,769","8,190","7,622","7,808","9,025","8,704","7,644","6,218","6,214","4,758","3,129","2,935"
ladu2023:Lichfield,"106,883","5,205","5,639","5,828","5,516","5,091","5,950","6,150","6,030","6,124","6,848","8,080","7,953","6,745","6,202","6,918","5,910","3,693","3,001"
ladu2023:Newcastle-under-Lyme,"123,039","5,796","6,449","6,559","7,297","8,484","6,862","7,552","7,289","6,854","7,474","8,796","8,804","7,979","6,877","7,242","5,385","3,773","3,567"
ladu2023:South Staffordshire,"110,787","4,913","5,551","5,570","5,310","5,480","5,838","6,216","6,261","5,895","6,651","8,332","8,841","7,974","6,860","7,388","6,038","4,085","3,584"
ladu2023:Stafford,"137,201","6,658","7,402","7,724","6,587","6,345","7,793","8,561","8,260","8,149","8,576","10,342","10,209","8,997","7,926","8,396","6,747","4,549","3,980"
ladu2023:Staffordshire Moorlands,"95,975","4,052","4,742","5,213","4,861","4,130","4,571","4,995","4,985","4,864","6,004","7,763","7,638","6,860","6,344","6,992","5,330","3,541","3,090"
ladu2023:Tamworth,"78,842","4,419","4,657","4,918","4,242","4,204","5,058","5,663","5,225","4,693","5,077","5,792","5,220","4,647","4,327","4,217","3,075","1,851","1,557"
ladu2023:North Warwickshire,"65,338","3,240","3,633","3,643","3,325","3,087","3,737","4,130","3,863","3,550","4,098","5,096","5,122","4,473","3,699","3,956","3,032","1,901","1,753"
ladu2023:Nuneaton and Bedworth,"134,303","7,723","8,161","8,202","7,024","7,011","8,667","9,700","8,981","8,110","8,287","9,506","9,270","7,922","6,862","6,943","5,395","3,498","3,041"
ladu2023:Rugby,"114,835","6,377","7,073","7,310","6,348","5,540","7,195","8,386","8,245","7,715","7,587","8,132","7,707","6,287","5,153","5,374","4,545","3,054","2,807"
ladu2023:Stratford-on-Avon,"135,946","6,310","6,984","7,499","6,655","5,524","6,695","7,639","7,394","7,730","8,717","10,313","10,717","9,537","8,224","8,940","7,493","4,797","4,778"
ladu2023:Warwick,"148,693","7,418","8,152","8,103","8,922","11,020","9,456","10,658","9,889","9,562","9,449","10,028","9,716","8,102","7,044","7,265","5,869","3,971","4,069"
ladu2023:Bromsgrove,"99,449","5,122","5,688","6,081","5,399","4,370","4,878","5,468","5,859","5,979","6,526","7,503","7,390","6,333","5,707","5,755","4,739","3,250","3,402"
ladu2023:Malvern Hills,"79,969","3,085","3,927","4,364","4,425","3,322","3,475","3,747","3,752","4,113","4,710","5,966","6,558","6,056","5,477","5,950","4,679","3,172","3,191"
ladu2023:Redditch,"86,981","4,918","5,411","5,399","4,694","4,435","5,635","6,420","6,063","5,858","5,501","5,786","5,578","5,048","4,790","4,663","3,266","1,871","1,645"
ladu2023:Worcester,"103,628","5,226","5,772","5,984","6,115","7,471","7,069","7,399","6,886","6,539","6,553","7,355","7,103","5,750","4,985","4,902","3,614","2,503","2,402"
ladu2023:Wychavon,"133,084","6,246","6,962","7,120","6,680","5,750","6,786","7,670","7,481","7,405","8,248","10,048","10,381","9,097","8,413","8,985","6,860","4,633","4,319"
ladu2023:Wyre Forest,"101,791","4,784","5,553","5,641","5,053","4,686","5,389","5,920","5,566","5,464","6,230","7,709","7,582","6,438","6,229","7,212","5,729","3,523","3,083"
ladu2023:Birmingham,"1,143,285","74,310","81,000","83,119","85,145","93,133","82,408","84,400","80,805","74,345","67,893","69,968","62,819","53,020","42,684","37,299","28,452","20,749","21,736"
ladu2023:Coventry,"344,151","20,343","21,919","22,104","24,204","31,102","24,536","25,551","24,077","22,094","20,213","21,410","19,654","16,478","13,451","12,578","10,127","7,157","7,153"
ladu2023:Dudley,"323,591","18,063","19,758","19,255","18,036","17,001","20,235","21,425","20,209","19,038","19,796","23,462","22,254","18,801","16,817","16,951","13,997","9,583","8,910"
ladu2023:Sandwell,"341,895","22,025","24,431","24,478","22,219","20,364","22,234","24,814","24,571","23,179","22,237","23,102","20,925","17,322","13,985","12,611","9,801","7,087","6,510"
ladu2023:Solihull,"216,677","11,604","13,687","13,704","12,143","10,780","11,949","13,021","13,232","13,025","13,597","15,634","15,438","13,089","10,930","11,950","9,641","6,466","6,787"
ladu2023:Walsall,"284,392","18,103","19,519","19,548","17,633","16,108","17,850","19,494","19,162","17,347","17,188","19,207","18,047","15,535","12,897","12,495","9,961","7,463","6,835"
ladu2023:Wolverhampton,"264,260","16,260","17,752","18,107","15,568","15,746","17,009","18,787","18,419","17,377","16,896","18,062","16,552","14,131","11,940","10,842","8,194","6,232","6,386"
ladu2023:Peterborough,"216,470","14,107","15,761","15,629","12,810","11,639","15,185","17,323","17,289","15,409","13,863","13,687","12,440","10,525","8,656","8,117","5,785","4,053","4,192"
ladu2023:Luton,"224,958","15,882","16,608","16,751","15,300","15,390","16,331","17,681","17,697","16,590","14,149","13,788","12,377","9,970","7,786","6,402","4,815","3,750","3,691"
ladu2023:Southend-on-Sea,"180,655","10,089","10,853","11,105","9,386","9,372","11,057","11,909","12,160","12,220","12,217","12,516","12,533","10,570","8,752","9,177","7,000","4,663","5,076"
ladu2023:Thurrock,"175,933","12,169","12,631","12,446","10,594","9,536","11,639","13,984","13,855","12,480","11,619","11,796","10,825","8,406","6,730","6,731","4,601","3,041","2,850"
ladu2023:Bedford,"185,796","11,076","11,773","11,964","10,534","9,980","11,860","13,471","13,375","13,032","12,245","12,995","12,140","10,077","8,370","8,285","6,099","4,153","4,367"
ladu2023:Central Bedfordshire,"295,651","17,856","18,583","17,992","15,128","14,016","17,864","21,320","20,988","19,625","19,206","21,061","21,032","17,734","14,438","14,678","10,810","6,907","6,413"
ladu2023:Cambridge,"145,022","6,368","6,682","6,656","10,570","20,196","16,296","13,530","10,531","9,218","8,031","7,824","6,953","5,420","4,577","4,159","3,193","2,342","2,476"
ladu2023:East Cambridgeshire,"88,125","4,481","5,226","5,545","4,620","3,722","4,734","5,400","5,831","5,931","6,217","6,477","6,212","5,382","4,750","4,931","3,680","2,505","2,481"
ladu2023:Fenland,"102,731","5,198","5,781","5,563","5,107","5,073","6,108","6,545","6,233","5,744","6,174","7,334","7,612","6,683","6,187","6,320","4,811","3,185","3,073"
ladu2023:Huntingdonshire,"181,827","9,663","10,693","10,433","9,040","8,606","10,626","12,259","12,252","11,567","12,079","13,259","13,199","11,300","9,590","10,213","7,703","4,978","4,367"
ladu2023:South Cambridgeshire,"163,042","8,738","10,344","10,707","9,015","6,295","8,281","10,187","11,060","11,939","11,839","11,984","11,159","9,397","8,086","8,474","6,609","4,410","4,518"
ladu2023:Basildon,"187,718","12,172","12,527","11,982","10,521","9,525","12,154","13,917","13,228","12,033","11,851","12,970","12,296","10,548","8,384","8,714","6,340","4,285","4,271"
ladu2023:Braintree,"155,693","8,437","8,969","9,426","8,290","7,483","9,124","10,000","9,686","9,496","10,408","11,799","11,164","9,328","8,406","9,014","6,577","4,137","3,949"
ladu2023:Brentwood,"77,111","4,263","4,563","4,442","4,061","3,595","4,677","5,170","5,052","4,999","5,013","5,526","5,592","4,585","3,779","3,929","3,040","2,176","2,649"
ladu2023:Castle Point,"89,712","4,321","4,832","5,076","4,628","4,578","4,822","5,041","5,013","4,890","5,304","6,429","6,442","5,698","5,204","6,343","4,953","3,224","2,914"
ladu2023:Chelmsford,"181,827","9,856","10,832","10,918","9,984","9,087","11,411","12,383","12,259","12,235","12,298","12,965","12,089","10,234","8,797","9,530","7,198","4,830","4,921"
ladu2023:Colchester,"192,658","10,699","11,818","11,635","11,001","13,861","12,429","13,568","12,926","12,616","12,348","13,004","12,148","10,095","8,612","9,564","7,153","4,603","4,578"
ladu2023:Epping Forest,"134,941","7,912","7,588","7,943","7,154","6,790","7,551","8,838","8,913","9,085","8,811","9,983","9,853","8,150","6,749","6,860","5,354","3,612","3,795"
ladu2023:Harlow,"93,428","6,232","6,612","6,327","5,166","4,814","6,333","7,755","7,468","6,547","5,640","5,952","5,852","4,995","4,117","3,387","2,498","1,757","1,976"
ladu2023:Maldon,"66,611","3,080","3,421","3,620","3,468","3,178","3,347","3,443","3,374","3,483","4,161","5,234","5,287","4,813","4,203","4,615","3,538","2,264","2,082"
ladu2023:Rochford,"86,181","4,282","4,644","5,165","4,546","4,247","4,448","4,771","4,921","5,044","5,523","6,554","6,362","5,518","4,766","5,506","4,280","2,814","2,790"
ladu2023:Tendring,"148,925","6,687","7,508","7,805","7,022","6,773","7,177","7,575","6,997","7,048","8,024","10,102","11,211","10,859","10,423","11,949","9,438","6,232","6,095"
ladu2023:Uttlesford,"91,921","4,958","5,748","5,899","5,214","4,009","4,407","5,177","5,779","6,047","6,234","7,063","6,860","5,904","4,847","5,013","3,757","2,429","2,576"
ladu2023:Broxbourne,"99,142","5,903","6,226","6,260","5,608","5,212","6,018","6,992","7,117","6,743","6,373","7,122","6,803","5,486","4,361","4,426","3,471","2,530","2,491"
ladu2023:Dacorum,"155,211","9,489","9,883","10,045","8,239","7,074","9,043","10,846","11,103","11,041","10,609","10,874","10,746","9,102","7,326","6,993","5,161","3,611","4,026"
ladu2023:Hertsmere,"108,129","6,306","6,798","7,080","6,304","5,447","6,115","6,723","7,664","7,855","7,477","7,537","7,483","6,055","4,896","4,943","3,790","2,656","3,000"
ladu2023:North Hertfordshire,"133,583","7,381","8,212","8,276","6,877","5,883","7,572","8,685","9,017","9,457","9,447","9,495","9,423","7,828","6,542","6,755","5,132","3,645","3,956"
ladu2023:Three Rivers,"93,934","5,058","5,927","6,480","5,535","4,444","4,795","5,425","6,283","6,881","6,937","6,929","6,709","5,524","4,432","4,432","3,377","2,245","2,521"
ladu2023:Watford,"102,507","6,539","6,835","6,747","5,691","5,342","7,478","8,824","8,996","8,371","7,328","6,849","5,853","4,672","3,622","3,300","2,461","1,754","1,845"
ladu2023:Breckland,"142,160","6,750","7,671","7,761","6,852","6,691","8,086","8,615","7,894","7,747","8,476","10,066","10,627","9,410","8,771","9,604","7,457","4,947","4,735"
ladu2023:Broadland,"132,238","5,922","6,829","7,184","6,435","5,630","6,479","7,130","7,450","7,643","8,480","9,909","9,982","8,875","8,184","9,210","7,024","4,984","4,888"
ladu2023:Great Yarmouth,"100,179","4,951","5,370","5,731","5,195","5,047","5,692","5,985","5,624","5,356","5,912","7,107","7,390","6,669","6,199","6,585","5,142","3,218","3,006"
ladu2023:King's Lynn and West Norfolk,"154,920","7,218","8,359","8,246","7,360","7,289","8,608","9,132","8,616","8,039","9,020","10,721","11,450","10,639","9,865","10,735","8,452","5,640","5,531"
ladu2023:North Norfolk,"103,239","3,580","4,406","4,814","4,506","3,921","4,260","4,609","4,618","4,452","5,447","7,083","8,132","8,641","8,363","9,410","7,220","4,759","5,018"
ladu2023:Norwich,"143,217","6,856","7,570","7,345","9,415","16,632","11,955","11,700","10,401","9,034","8,222","8,147","7,863","6,476","5,803","5,670","4,128","2,860","3,140"
ladu2023:South Norfolk,"142,509","6,912","8,154","8,083","7,102","5,989","7,265","8,172","8,562","8,346","9,157","10,171","10,432","9,446","8,441","9,386","7,331","4,825","4,735"
ladu2023:Babergh,"92,724","3,981","4,700","5,178","4,857","4,033","4,314","4,791","4,756","5,059","5,731","6,901","7,273","6,428","5,948","6,767","5,311","3,461","3,235"
ladu2023:Ipswich,"139,638","8,237","8,992","8,811","8,147","7,948","9,823","10,756","10,169","9,404","8,847","9,272","8,670","7,368","6,302","6,007","4,372","3,129","3,384"
ladu2023:Mid Suffolk,"103,398","4,489","5,180","5,672","5,341","4,761","5,473","5,746","5,564","5,592","6,328","7,607","8,090","7,398","6,744","7,259","5,396","3,473","3,285"
ladu2023:St Albans,"148,624","8,545","10,225","11,046","8,717","6,058","7,359","8,642","9,800","11,514","11,743","11,273","10,035","7,970","6,500","6,487","5,068","3,605","4,037"
ladu2023:Welwyn Hatfield,"119,747","6,690","7,251","7,106","7,723","10,582","7,814","8,147","8,305","8,031","7,452","7,694","7,598","6,414","4,908","4,675","3,612","2,714","3,031"
ladu2023:East Hertfordshire,"150,662","8,308","8,884","9,790","8,510","6,940","8,804","9,689","9,698","10,167","10,826","11,407","10,987","9,000","7,214","7,435","5,348","3,714","3,941"
ladu2023:Stevenage,"89,360","5,529","5,893","5,753","4,841","4,716","6,122","7,245","6,813","5,947","5,486","6,156","6,277","4,997","3,785","3,428","2,562","1,832","1,978"
ladu2023:East Suffolk,"246,776","10,567","12,453","13,553","12,577","10,840","11,918","12,558","12,272","12,712","14,509","17,562","18,723","17,741","16,625","18,613","14,327","9,338","9,888"
ladu2023:West Suffolk,"180,813","9,778","10,289","9,961","8,918","10,621","12,477","12,965","11,725","10,786","10,850","12,356","12,112","10,358","9,053","10,150","7,900","5,427","5,087"
ladu2023:City of London,"8,689",215,164,173,220,994,"1,246","1,007",707,558,525,657,523,460,408,326,217,164,125
ladu2023:Barking and Dagenham,"218,714","17,077","18,191","18,260","15,511","13,166","15,056","17,944","18,500","17,012","14,953","13,892","11,389","8,627","6,009","4,761","3,343","2,528","2,495"
ladu2023:Barnet,"388,955","23,930","25,087","25,764","22,196","22,068","27,468","29,896","30,512","30,090","27,444","25,653","23,027","19,254","15,480","14,464","10,698","7,290","8,634"
ladu2023:Bexley,"246,637","14,867","16,105","16,506","14,370","13,562","14,695","17,101","17,646","17,246","15,926","17,210","16,689","13,683","10,671","10,500","7,920","5,953","5,987"
ladu2023:Brent,"339,248","19,984","19,781","20,835","20,750","24,319","28,927","29,497","27,533","25,461","23,052","22,729","19,957","16,532","12,469","9,685","7,061","5,441","5,235"
ladu2023:Bromley,"329,899","19,287","20,547","20,926","17,813","14,661","18,132","22,087","24,615","25,166","23,638","23,849","22,449","18,368","14,406","15,321","11,491","8,075","9,068"
ladu2023:Camden,"210,968","10,092","9,815","10,435","13,273","20,619","22,209","20,663","16,531","14,537","13,406","13,300","11,813","9,262","7,229","6,481","4,964","3,266","3,073"
ladu2023:Croydon,"390,691","25,039","24,838","25,464","22,829","21,580","27,149","31,365","31,047","28,586","25,987","26,959","25,962","20,452","15,380","13,741","9,913","7,183","7,217"
ladu2023:Ealing,"366,762","21,345","22,019","23,571","22,080","22,616","28,556","30,472","30,521","29,729","26,530","24,735","22,009","17,792","13,707","11,440","8,045","5,991","5,604"
ladu2023:Enfield,"329,876","21,025","22,508","24,124","21,836","19,128","21,115","22,854","23,702","24,567","22,710","22,604","21,095","17,290","12,901","11,179","8,292","6,455","6,491"
ladu2023:Greenwich,"289,537","18,922","18,729","18,198","16,114","18,318","24,658","27,863","25,739","23,028","19,609","18,978","16,201","12,710","9,441","7,967","5,719","3,804","3,539"
ladu2023:Hackney,"260,082","16,264","15,131","15,375","14,375","18,387","31,848","31,993","23,621","18,632","15,597","14,495","13,458","10,176","7,181","5,470","3,464","2,371","2,244"
ladu2023:Hammersmith and Fulham,"183,310","9,035","8,764","8,998","8,269","16,834","23,342","19,375","14,871","12,865","12,094","11,895","10,334","7,519","5,792","5,010","3,564","2,568","2,181"
ladu2023:Haringey,"264,317","14,953","14,761","15,519","14,721","16,242","23,707","25,729","23,517","21,218","19,151","18,490","16,340","11,991","8,974","7,154","4,960","3,574","3,316"
ladu2023:Harrow,"261,159","15,591","16,055","16,408","15,414","15,015","18,307","20,288","20,955","19,960","17,033","16,384","15,346","13,896","11,676","9,897","7,512","5,655","5,767"
ladu2023:Havering,"262,086","16,378","16,909","16,042","14,593","14,038","16,729","19,189","19,227","17,511","16,136","17,279","17,030","14,830","11,842","12,060","8,938","6,344","7,011"
ladu2023:Hillingdon,"305,107","19,716","20,397","19,992","18,538","19,679","20,445","23,461","24,800","23,597","20,143","19,839","18,169","14,999","11,765","10,311","7,564","5,685","6,007"
ladu2023:Hounslow,"288,164","17,946","18,934","18,706","16,581","16,606","20,731","24,621","25,697","24,213","20,868","19,090","16,546","13,355","10,663","8,961","6,200","4,374","4,072"
ladu2023:Islington,"217,050","11,226","9,943","9,982","10,509","18,380","28,866","27,350","19,230","14,789","12,637","12,727","12,069","8,879","6,536","5,412","3,643","2,529","2,343"
ladu2023:Kensington and Chelsea,"144,266","6,150","6,315","6,500","6,822","12,402","13,255","12,169","10,511","9,635","10,107","11,021","10,621","7,947","5,914","5,467","4,147","2,783","2,500"
ladu2023:Kingston upon Thames,"167,992","9,493","10,433","10,593","9,536","11,010","10,909","12,237","12,881","13,465","12,704","11,687","10,251","8,280","6,730","6,595","4,677","3,148","3,363"
ladu2023:Lambeth,"317,691","15,141","14,850","15,339","15,072","26,332","45,871","36,473","26,223","22,491","20,245","20,416","18,423","13,291","9,128","6,933","4,692","3,554","3,217"
ladu2023:Lewisham,"300,013","18,977","17,993","17,567","15,868","18,582","27,392","30,550","27,375","23,759","20,763","19,934","18,747","13,647","9,117","7,126","5,100","3,913","3,603"
ladu2023:Merton,"215,426","13,400","13,250","13,205","10,933","11,175","16,937","19,102","18,927","18,096","15,652","14,453","12,675","10,329","7,962","7,107","4,841","3,749","3,633"
ladu2023:Newham,"351,256","23,941","23,291","23,357","22,248","27,924","35,789","36,471","32,543","27,573","22,836","20,530","16,452","12,810","9,327","6,335","4,039","3,140","2,650"
ladu2023:Redbridge,"310,130","21,128","21,647","21,350","19,677","18,866","21,612","24,569","26,043","24,844","21,270","19,409","17,022","14,528","11,380","9,609","6,778","5,103","5,295"
ladu2023:Richmond upon Thames,"195,315","10,942","12,695","13,263","10,528","8,344","9,839","11,973","14,131","16,268","16,157","15,447","13,680","10,397","8,370","8,725","6,339","4,068","4,149"
ladu2023:Southwark,"306,762","16,086","15,863","16,225","16,002","25,067","38,061","34,996","26,250","21,731","20,008","19,417","17,734","13,302","8,627","6,652","4,435","3,284","3,022"
ladu2023:Sutton,"209,617","12,613","14,217","14,463","11,673","9,935","12,268","14,552","16,503","17,211","15,249","14,697","13,648","10,721","8,663","8,225","6,129","4,234","4,616"
ladu2023:Tower Hamlets,"312,715","19,071","17,846","17,450","18,137","32,111","45,083","41,079","30,067","22,908","17,826","13,993","10,962","8,559","6,114","4,364","2,856","2,216","2,073"
ladu2023:Waltham Forest,"278,147","18,937","17,458","16,679","15,314","15,399","21,955","28,254","27,111","23,143","19,442","18,093","15,634","12,131","8,915","7,169","5,202","3,813","3,498"
ladu2023:Wandsworth,"328,429","18,645","16,929","15,701","13,331","23,230","48,078","38,760","29,236","24,543","20,949","18,765","16,378","12,239","9,206","8,305","5,883","4,184","4,067"
ladu2023:Westminster,"205,759","8,574","7,795","8,654","10,660","19,454","23,759","21,081","16,217","14,090","13,765","14,393","12,602","9,706","7,365","6,364","4,798","3,307","3,175"
ladu2023:Medway,"279,903","17,286","18,277","18,070","16,408","15,811","18,099","20,372","19,532","18,484","17,583","19,070","18,783","15,794","12,981","12,908","9,156","6,013","5,276"
ladu2023:Bracknell Forest,"125,195","7,138","7,796","8,134","7,199","6,509","8,260","9,332","9,415","9,187","8,774","9,042","8,383","7,017","5,524","5,033","3,613","2,427","2,412"
ladu2023:West Berkshire,"161,864","8,200","9,629","10,651","9,417","7,398","8,621","9,654","10,092","10,583","11,413","12,594","11,769","10,054","8,492","8,592","6,494","4,166","4,045"
ladu2023:Reading,"173,371","10,119","10,491","10,238","10,491","14,524","14,366","15,514","14,603","12,865","11,278","10,733","9,556","7,484","5,865","5,368","4,060","2,888","2,928"
ladu2023:Slough,"158,448","11,597","12,668","12,887","10,189","8,900","10,489","12,672","14,460","13,762","11,141","9,603","8,034","6,629","5,142","3,870","2,515","1,966","1,924"
ladu2023:Windsor and Maidenhead,"153,922","7,956","9,178","10,364","9,349","6,880","8,013","9,273","10,308","11,231","11,382","11,724","10,818","8,936","7,213","7,300","5,670","4,027","4,300"
ladu2023:Wokingham,"178,231","9,823","12,105","12,528","10,393","8,320","9,392","10,677","12,519","13,879","13,308","12,643","11,947","9,918","7,817","8,066","6,197","4,288","4,411"
ladu2023:Milton Keynes,"288,312","17,677","20,184","20,692","16,898","15,023","18,882","22,081","23,041","22,492","20,302","19,319","17,182","14,607","12,228","11,228","7,389","4,713","4,374"
ladu2023:Brighton and Hove,"276,454","11,657","13,009","14,137","16,661","28,028","20,818","20,624","19,506","19,322","20,192","20,946","18,575","13,742","10,937","10,299","7,316","5,067","5,618"
ladu2023:Portsmouth,"207,119","11,218","12,123","11,707","13,515","20,007","15,172","15,887","15,060","12,675","12,099","13,277","12,853","10,581","8,431","8,170","6,007","4,081","4,256"
ladu2023:Southampton,"247,672","13,748","14,271","13,977","15,679","25,744","20,562","20,174","18,351","16,487","14,619","14,057","13,797","11,800","9,661","8,967","6,740","4,462","4,576"
ladu2023:Isle of Wight,"140,885","5,570","6,795","7,060","6,515","5,983","6,674","7,228","6,918","7,038","7,779","10,227","11,206","10,592","10,491","11,183","8,861","5,350","5,415"
ladu2023:Buckinghamshire,"555,161","30,863","34,967","36,958","31,726","25,922","29,983","34,301","36,313","38,370","38,246","40,641","39,425","32,973","26,948","26,951","20,895","14,653","15,026"
ladu2023:Eastbourne,"101,601","4,687","5,477","5,763","5,387","5,170","5,592","6,076","5,932","5,948","6,104","6,880","7,148","6,382","5,798","6,482","5,058","3,628","4,089"
ladu2023:Hastings,"90,974","4,787","5,164","5,301","4,723","4,454","5,293","5,965","5,708","5,504","5,834","6,909","6,967","5,868","5,171","5,146","3,591","2,276","2,313"
ladu2023:Lewes,"100,166","4,500","5,255","5,778","5,317","4,177","4,244","5,224","5,462","5,573","6,255","7,434","7,484","6,796","6,429","6,986","5,430","3,711","4,111"
ladu2023:Rother,"93,409","3,681","4,193","4,770","4,395","3,747","3,917","4,166","4,015","4,186","4,986","6,481","7,394","7,060","6,932","8,214","6,451","4,234","4,587"
ladu2023:Wealden,"160,711","7,233","8,447","9,046","8,306","6,695","7,310","8,104","8,089","8,439","9,809","12,008","12,819","11,628","10,401","11,471","9,150","5,809","5,947"
ladu2023:Basingstoke and Deane,"185,713","10,438","11,567","11,247","9,394","9,207","11,870","13,668","13,198","12,785","12,876","13,676","13,047","10,471","8,544","8,897","6,562","4,370","3,896"
ladu2023:East Hampshire,"126,192","5,971","6,936","7,464","7,002","5,378","6,200","6,753","7,017","7,528","8,350","9,586","9,894","8,758","7,367","7,680","6,047","4,108","4,153"
ladu2023:Eastleigh,"136,963","7,545","8,542","8,463","7,150","6,368","8,251","9,523","9,288","9,087","8,759","9,584","9,317","8,170","7,045","7,008","5,301","3,743","3,819"
ladu2023:Fareham,"114,952","5,080","6,210","6,324","5,805","5,438","5,573","6,643","6,648","6,552","7,143","8,366","8,921","7,963","6,662","7,349","5,930","4,030","4,315"
ladu2023:Gosport,"82,169","4,216","4,637","4,920","4,345","4,302","4,860","5,154","5,108","4,727","4,918","5,793","6,050","5,482","4,506","4,845","3,579","2,328","2,399"
ladu2023:Hart,"100,262","5,141","6,254","6,422","5,940","4,654","5,245","5,810","6,287","6,791","7,371","7,496","7,280","5,811","4,694","5,201","4,199","2,941","2,725"
ladu2023:Havant,"124,467","6,113","6,889","6,996","6,365","5,883","6,758","7,515","7,114","6,561","6,946","8,794","9,358","8,761","7,521","7,837","6,233","4,349","4,474"
ladu2023:New Forest,"176,217","7,160","8,672","9,345","8,479","7,113","7,651","8,531","8,626","9,028","10,043","12,615","14,091","12,942","12,123","13,486","10,680","7,383","8,249"
ladu2023:Rushmoor,"100,096","6,203","6,076","5,550","5,145","5,663","7,620","8,742","7,835","6,910","6,501","6,962","6,588","5,081","4,058","4,238","3,117","2,049","1,758"
ladu2023:Test Valley,"131,158","6,903","7,794","7,669","6,519","5,760","7,310","8,316","8,279","8,303","8,764","9,685","9,721","8,263","6,902","7,494","5,871","3,753","3,852"
ladu2023:Winchester,"127,921","6,011","7,325","7,798","9,031","8,344","6,391","6,936","7,357","7,880","8,346","9,003","8,974","7,736","6,524","6,904","5,496","3,770","4,095"
ladu2023:Ashford,"133,221","7,579","8,309","8,566","7,488","6,485","7,840","8,864","8,369","8,215","8,443","9,977","9,349","7,595","6,656","7,191","5,549","3,490","3,256"
ladu2023:Canterbury,"156,631","6,827","7,723","8,358","11,652","15,539","8,677","8,458","8,397","8,289","8,854","9,867","10,252","9,227","8,529","9,355","7,085","4,726","4,816"
ladu2023:Dartford,"116,819","8,286","8,220","8,095","6,388","5,610","7,747","9,726","9,646","8,876","7,780","7,675","7,070","5,613","4,339","4,196","3,055","2,237","2,260"
ladu2023:Dover,"116,549","5,618","6,492","6,806","6,054","5,403","6,469","6,903","6,599","6,390","6,673","8,058","8,898","8,131","7,415","7,639","5,806","3,741","3,454"
ladu2023:Gravesham,"106,883","6,560","7,141","7,156","6,257","5,666","6,509","7,523","7,516","6,976","6,777","7,411","7,109","5,807","4,850","4,832","3,672","2,594","2,527"
ladu2023:Maidstone,"176,697","10,451","10,838","10,482","9,140","8,772","11,212","12,321","12,046","11,417","11,611","12,546","12,033","9,993","8,557","9,220","6,881","4,637","4,540"
ladu2023:Sevenoaks,"120,823","6,684","7,523","8,097","6,765","4,997","5,660","6,693","7,367","7,812","8,159","8,821","8,807","7,343","6,393","6,884","5,350","3,560","3,908"
ladu2023:Folkestone and Hythe,"110,040","5,088","5,705","6,204","5,368","5,278","5,830","6,234","5,924","6,254","6,566","7,975","8,397","7,633","6,834","7,746","5,773","3,676","3,555"
ladu2023:Swale,"152,218","8,844","9,475","9,579","8,332","7,898","9,381","10,453","10,063","9,332","9,353","10,530","10,825","9,042","7,630","8,344","5,954","3,854","3,329"
ladu2023:Thanet,"140,658","7,307","7,944","8,317","7,264","6,632","7,717","8,483","8,314","8,131","8,388","9,745","9,925","9,083","8,467","9,254","6,911","4,476","4,300"
ladu2023:Tonbridge and Malling,"132,363","7,666","8,480","8,705","7,710","5,883","7,052","8,105","8,233","8,742","9,325","9,849","9,438","7,736","6,360","6,731","5,284","3,636","3,428"
ladu2023:Tunbridge Wells,"115,650","6,106","7,003","8,112","6,765","4,894","5,985","6,900","7,250","7,799","8,416","8,929","8,214","6,705","5,475","5,874","4,601","3,163","3,459"
ladu2023:Cherwell,"161,830","9,340","9,358","9,839","8,599","7,936","10,602","12,217","12,060","11,055","10,571","11,461","11,314","9,165","7,547","7,599","5,532","3,814","3,821"
ladu2023:Oxford,"160,379","6,987","7,759","8,626","14,292","22,020","15,156","13,314","11,032","9,689","8,777","8,823","8,232","6,517","5,300","4,853","3,638","2,572","2,792"
ladu2023:South Oxfordshire,"150,002","7,972","8,773","9,054","7,969","6,547","8,343","9,360","9,760","9,745","10,187","11,415","10,975","9,083","7,680","7,856","6,489","4,430","4,364"
ladu2023:Vale of White Horse,"139,400","7,748","8,336","8,664","7,565","6,273","8,244","9,551","9,564","9,139","9,070","9,654","9,642","8,309","6,956","7,333","5,523","3,835","3,994"
ladu2023:West Oxfordshire,"115,116","5,717","6,557","6,893","5,902","5,535","6,696","7,210","7,027","7,063","7,394","8,338","8,542","7,312","6,182","6,562","5,134","3,413","3,639"
ladu2023:Elmbridge,"139,453","8,268","9,724","10,053","7,875","5,170","6,062","7,539","9,176","11,135","11,313","10,663","9,722","7,809","6,217","6,237","4,900","3,427","4,163"
ladu2023:Epsom and Ewell,"81,006","4,585","5,291","5,363","4,739","3,945","3,980","4,732","5,599","6,218","6,110","5,847","5,444","4,473","3,626","3,911","2,978","2,041","2,124"
ladu2023:Guildford,"144,013","6,701","7,778","8,273","10,293","13,528","8,654","8,737","8,708","9,257","9,555","9,730","9,608","7,837","6,512","6,563","4,944","3,438","3,897"
ladu2023:Mole Valley,"87,599","3,970","4,646","5,300","4,860","3,720","3,998","4,209","4,714","5,458","6,053","6,854","6,939","5,964","5,169","5,163","4,292","3,015","3,275"
ladu2023:Reigate and Banstead,"151,497","9,056","9,940","9,983","7,962","6,591","8,354","10,440","10,953","11,119","10,609","10,577","10,486","8,542","6,767","7,096","5,258","3,544","4,220"
ladu2023:Runnymede,"87,830","4,751","4,820","4,866","6,088","7,582","4,956","5,563","5,769","5,670","5,967","5,963","5,862","4,765","3,796","3,780","3,035","2,119","2,478"
ladu2023:Spelthorne,"103,036","5,974","6,350","6,128","5,254","4,936","5,967","7,400","7,593","7,495","6,838","7,332","7,331","5,798","4,596","4,636","3,706","2,795","2,907"
ladu2023:Surrey Heath,"90,653","4,406","5,318","5,764","5,044","4,231","4,871","5,446","5,738","6,112","6,568","6,976","6,749","5,423","4,415","4,555","3,660","2,526","2,851"
ladu2023:Tandridge,"88,127","4,990","5,257","5,692","5,025","3,939","4,091","4,900","5,535","5,710","5,872","6,591","6,540","5,510","4,648","4,750","3,728","2,532","2,817"
ladu2023:Waverley,"128,880","6,458","7,831","8,569","8,126","5,800","5,366","6,384","7,534","8,466","9,492","9,777","9,103","7,801","6,561","7,031","5,872","3,980","4,729"
ladu2023:Woking,"103,900","6,136","6,682","6,767","5,488","4,878","6,378","7,307","7,830","8,106","7,659","7,128","6,758","5,480","4,490","4,427","3,321","2,344","2,721"
ladu2023:Adur,"64,632","3,169","3,908","3,832","3,280","2,669","3,130","3,637","3,926","4,157","4,428","4,699","4,541","3,964","3,570","4,027","3,193","2,270","2,232"
ladu2023:Arun,"165,219","7,200","8,221","8,331","7,736","7,391","8,293","9,378","8,986","8,733","9,255","11,438","12,004","11,109","10,717","12,517","9,926","6,810","7,174"
ladu2023:Chichester,"124,517","5,283","6,115","6,641","6,514","6,619","6,146","6,461","6,426","6,451","7,181","8,437","9,432","8,872","8,090","8,707","7,082","4,870","5,190"
ladu2023:Crawley,"118,607","7,613","8,071","7,856","6,574","6,581","8,479","9,966","9,729","9,102","7,817","7,766","7,141","6,101","4,678","4,175","2,736","1,907","2,315"
ladu2023:Horsham,"147,500","7,350","8,047","8,980","7,895","6,297","7,536","8,504","8,653","9,088","9,505","10,877","11,291","9,787","8,371","8,814","6,912","4,633","4,960"
ladu2023:Mid Sussex,"152,919","8,239","9,337","9,743","8,306","6,358","7,658","9,149","9,928","10,470","10,930","11,414","10,701","8,987","7,884","8,176","6,634","4,232","4,773"
ladu2023:Worthing,"111,654","5,453","6,049","6,313","5,557","5,248","6,204","7,114","7,095","7,099","7,517","8,145","7,972","6,756","5,866","6,557","5,054","3,585","4,070"
ladu2023:Bath and North East Somerset,"192,419","8,996","10,029","10,593","13,678","18,453","11,345","11,770","10,974","10,879","11,512","12,753","12,797","10,908","9,407","9,814","7,545","5,356","5,610"
"ladu2023:Bristol, City of","471,285","25,685","26,628","25,562","28,085","47,784","44,291","43,704","37,950","31,355","27,000","26,382","25,074","20,778","16,906","16,023","11,508","8,135","8,435"
ladu2023:North Somerset,"217,385","10,585","12,221","12,899","11,136","9,765","10,778","12,393","13,093","13,434","14,000","15,545","15,772","13,566","12,494","13,914","11,012","7,306","7,472"
ladu2023:South Gloucestershire,"290,886","15,995","17,105","16,788","15,979","18,165","19,443","20,621","19,691","18,210","17,878","20,255","19,960","16,231","13,504","14,109","11,520","7,765","7,667"
ladu2023:Plymouth,"264,768","13,149","15,059","15,079","15,422","21,141","17,907","18,494","17,453","15,763","15,586","17,609","17,409","15,407","12,984","13,090","9,972","6,660","6,584"
ladu2023:Torbay,"139,440","6,003","7,250","7,553","6,924","6,153","7,032","7,621","7,318","7,258","8,099","10,234","10,789","9,882","9,238","9,858","7,792","5,072","5,364"
ladu2023:Swindon,"233,760","13,556","15,119","14,865","12,458","11,966","15,079","17,294","17,309","16,375","16,251","16,728","16,074","13,301","10,597","9,861","7,148","4,897","4,882"
ladu2023:Cornwall,"571,948","25,416","30,221","31,365","29,433","28,724","28,368","31,754","30,977","31,397","34,409","40,780","43,400","40,612","37,482","40,185","30,293","18,754","18,378"
ladu2023:Isles of Scilly,"2,271",100,105,103,91,163,136,122,145,155,106,154,161,134,119,151,135,95,96
ladu2023:Wiltshire,"513,240","25,357","29,363","30,542","28,159","24,843","28,719","31,068","30,798","29,750","33,040","37,564","38,185","33,394","28,880","29,804","23,033","15,278","15,463"
"ladu2023:Bournemouth, Christchurch and Poole","400,155","18,796","21,171","21,401","21,656","26,936","23,625","26,110","26,218","25,693","24,572","26,851","26,668","23,593","20,717","22,588","17,547","12,065","13,948"
ladu2023:Dorset,"381,245","14,991","18,068","20,432","19,547","15,659","16,615","18,402","18,379","18,988","21,239","26,883","29,858","29,137","27,095","30,325","23,529","15,677","16,421"
ladu2023:East Devon,"152,065","6,484","7,685","7,785","7,368","6,436","6,941","7,598","7,630","7,724","8,683","10,458","11,039","10,618","10,427","11,824","9,663","6,556","7,146"
ladu2023:Exeter,"129,527","5,816","6,228","6,131","10,377","16,283","8,936","9,036","8,504","7,494","7,256","7,762","7,504","6,322","5,493","5,714","4,252","3,158","3,261"
ladu2023:Mid Devon,"83,171","3,998","4,573","5,069","4,547","3,550","4,130","4,472","4,761","4,625","5,125","6,183","6,364","5,728","5,197","5,436","4,105","2,640","2,668"
ladu2023:North Devon,"99,398","4,482","5,233","5,674","5,096","4,337","5,132","5,443","5,156","5,352","5,837","7,091","7,721","7,193","6,326","6,929","5,413","3,427","3,556"
ladu2023:South Hams,"89,161","3,524","4,398","4,807","4,395","3,431","3,776","4,322","4,446","4,560","5,207","6,494","7,397","7,166","6,520","6,896","5,239","3,238","3,345"
ladu2023:Teignbridge,"135,189","5,886","6,876","7,173","6,460","5,561","6,390","7,213","7,280","7,192","7,979","9,758","10,800","10,006","9,333","9,827","7,680","4,785","4,990"
ladu2023:Torridge,"68,444","2,811","3,481","3,545","3,245","2,795","3,110","3,382","3,217","3,289","3,866","5,110","5,577","5,526","5,037","5,479","4,033","2,476","2,465"
ladu2023:West Devon,"57,480","2,173","2,748","3,161","2,981","2,144","2,393","2,679","2,796","2,868","3,384","4,272","4,913","4,559","4,183","4,480","3,382","2,225","2,139"
ladu2023:Cheltenham,"118,838","5,813","6,355","6,918","6,672","7,742","8,156","8,250","8,235","7,626","7,374","7,847","8,069","6,728","5,658","5,817","4,518","3,324","3,736"
ladu2023:Cotswold,"91,076","4,007","4,589","4,968","4,502","3,948","3,956","4,581","4,855","5,155","5,816","6,894","7,410","6,584","5,996","6,266","4,980","3,254","3,315"
ladu2023:Forest of Dean,"87,114","3,972","4,423","4,650","5,045","4,077","4,365","4,830","4,576","4,341","5,090","6,570","6,973","6,275","5,778","6,014","4,549","2,950","2,636"
ladu2023:Gloucester,"132,564","7,377","8,315","8,253","7,635","8,460","8,812","9,766","9,206","8,453","8,174","9,153","9,051","7,629","5,954","5,754","4,522","3,014","3,036"
ladu2023:Stroud,"121,493","5,598","6,638","7,203","6,484","5,094","6,017","6,634","6,815","7,130","8,077","9,445","9,435","8,504","7,397","7,767","5,674","3,773","3,808"
ladu2023:Tewkesbury,"95,400","5,267","5,741","5,513","4,668","4,179","5,293","6,234","5,957","5,849","5,797","6,656","6,979","5,964","5,386","5,614","4,433","3,059","2,811"
ladu2023:Somerset,"573,100","26,972","30,437","32,627","30,410","26,060","30,250","33,101","31,693","30,790","34,173","41,380","43,334","39,035","36,102","38,531","29,324","19,194","19,687"
ladu2023:Isle of Anglesey,"68,937","3,150","3,846","3,957","3,519","3,058","3,318","3,681","3,448","3,500","3,957","4,970","5,208","5,026","4,767","5,056","3,750","2,531","2,195"
ladu2023:Gwynedd,"117,072","5,315","6,236","6,539","6,814","8,397","6,447","6,638","5,912","5,926","6,748","8,086","8,571","8,035","7,157","7,233","5,575","3,624","3,819"
ladu2023:Conwy,"114,788","4,981","5,815","6,270","5,614","5,036","5,519","6,166","5,821","5,725","6,522","8,188","9,073","8,591","7,883","8,491","6,305","4,287","4,501"
ladu2023:Denbighshire,"96,047","4,754","5,324","5,705","5,273","4,477","5,087","5,156","4,902","4,952","5,684","6,856","7,330","6,662","6,081","6,577","4,906","3,266","3,055"
ladu2023:Flintshire,"155,045","7,572","8,630","9,376","8,300","7,404","8,858","9,729","9,421","8,945","9,818","11,915","11,670","10,037","8,598","9,626","6,751","4,542","3,853"
ladu2023:Wrexham,"135,152","6,914","7,961","8,302","7,388","6,960","7,865","8,595","8,720","8,214","8,576","10,145","9,657","8,308","7,491","7,558","5,573","3,549","3,376"
ladu2023:Ceredigion,"70,676","2,687","3,297","3,419","4,383","5,910","3,570","3,480","3,313","3,153","3,606","4,753","5,428","5,164","4,919","5,063","3,783","2,399","2,349"
ladu2023:Pembrokeshire,"123,633","5,540","6,706","7,083","6,409","5,682","6,249","6,696","6,322","6,214","6,855","8,647","9,609","9,118","8,608","8,829","6,630","4,320","4,116"
ladu2023:Carmarthenshire,"188,172","8,901","10,252","10,990","10,107","8,796","9,874","10,729","10,462","10,199","11,063","13,244","14,324","13,543","12,420","12,147","9,392","6,027","5,702"
ladu2023:Swansea,"237,897","11,342","12,989","13,711","13,951","18,740","14,187","15,087","14,605","13,880","13,858","15,733","16,003","14,580","12,788","13,119","9,750","6,816","6,758"
ladu2023:Neath Port Talbot,"141,934","6,926","7,992","8,404","8,738","7,507","8,286","8,788","8,767","8,237","8,385","9,792","10,332","9,551","8,337","8,238","5,970","3,986","3,698"
ladu2023:Bridgend,"145,738","7,287","8,330","8,737","7,737","7,435","8,751","9,872","8,963","8,607","9,075","10,641","10,701","9,249","8,077","8,231","6,135","4,268","3,642"
ladu2023:Vale of Glamorgan,"132,491","6,796","7,866","8,330","7,114","6,115","7,189","7,925","8,160","8,177","8,189","9,232","9,477","8,705","7,837","7,819","5,904","3,929","3,727"
ladu2023:Cardiff,"359,824","18,901","21,493","21,573","24,659","36,564","29,396","26,949","25,021","22,367","20,265","21,009","20,572","18,147","14,967","14,104","9,772","6,867","7,198"
ladu2023:Rhondda Cynon Taf,"237,545","12,389","14,011","14,550","13,516","14,250","14,577","16,082","15,283","13,720","14,351","16,695","16,793","14,541","12,770","13,191","9,473","6,111","5,242"
ladu2023:Caerphilly,"175,999","9,105","10,412","10,797","9,711","9,034","10,601","11,609","11,252","10,626","10,887","12,612","12,661","11,079","9,850","10,046","7,165","4,672","3,880"
ladu2023:Blaenau Gwent,"66,989","3,472","3,722","3,799","3,391","3,548","4,362","4,609","4,053","3,683","4,075","5,077","5,215","4,345","3,719","3,816","2,842","1,789","1,472"
ladu2023:Torfaen,"92,454","4,964","5,366","5,644","5,014","4,735","5,771","6,272","5,740","5,260","5,286","6,390","6,770","5,944","5,246","5,234","3,838","2,548","2,432"
ladu2023:Monmouthshire,"93,163","3,926","4,614","5,145","4,709","3,870","4,499","4,777","4,919","5,041","5,704","7,243","7,844","6,732","6,154","6,392","4,982","3,306","3,306"
ladu2023:Newport,"159,687","9,670","10,330","10,290","8,780","8,665","10,949","12,436","11,258","9,986","9,595","10,781","10,690","9,070","7,293","7,200","5,436","3,751","3,507"
ladu2023:Powys,"133,521","5,691","6,523","6,982","6,605","5,770","6,526","6,762","6,481","6,412","7,600","9,666","10,714","10,436","9,893","10,004","7,684","5,001","4,771"
ladu2023:Merthyr Tydfil,"58,869","3,281","3,636","3,574","3,179","3,199","3,649","4,119","4,038","3,382","3,438","4,108","4,291","3,803","3,166","3,135","2,204","1,429","1,238"
ladu2023:Clackmannanshire,"51,600","2,346","2,790","3,021","2,691","2,681","2,953","3,068","3,018","2,979","3,432","4,174","4,160","3,590","3,124","3,119","2,133","1,294","1,027"
ladu2023:Dumfries and Galloway,"146,250","6,020","6,929","7,894","6,839","6,575","7,017","7,501","7,334","7,072","8,347","11,098","12,509","11,681","10,670","10,750","7,891","5,357","4,766"
ladu2023:East Ayrshire,"120,500","5,799","6,689","6,732","6,235","6,091","6,665","7,388","7,140","6,832","7,738","9,417","9,593","8,640","7,431","7,158","4,909","3,340","2,703"
ladu2023:East Lothian,"111,340","5,466","6,475","6,777","6,076","5,224","5,773","6,406","6,748","6,843","7,345","8,483","8,685","7,834","6,424","6,206","4,586","3,086","2,903"
ladu2023:East Renfrewshire,"96,210","4,775","6,447","6,758","5,682","4,530","3,845","4,598","5,690","6,411","6,391","6,947","7,005","6,505","5,677","5,235","3,892","2,790","3,032"
ladu2023:Na h-Eileanan Siar,"26,160","1,048","1,298","1,363","1,220",967,"1,201","1,268","1,252","1,512","1,696","2,100","2,218","2,080","1,914","1,836","1,283","1,023",881
ladu2023:Falkirk,"158,760","7,431","8,505","9,507","8,162","8,510","9,420","9,931","10,047","10,004","11,079","12,538","12,282","10,511","8,772","8,711","5,859","4,072","3,419"
ladu2023:Highland,"235,850","9,993","12,083","12,960","11,675","10,940","12,124","13,106","13,803","13,807","14,899","18,104","19,421","17,714","15,950","15,019","10,693","7,071","6,488"
ladu2023:Inverclyde,"78,390","3,287","3,807","4,132","3,977","4,164","4,363","4,514","4,460","4,374","4,790","6,132","6,900","6,173","4,988","4,624","3,316","2,295","2,094"
ladu2023:Midlothian,"95,670","5,486","5,959","5,455","4,783","4,841","5,634","6,797","6,784","6,037","6,013","6,855","6,782","6,138","5,125","5,160","3,594","2,322","1,905"
ladu2023:Moray,"94,270","4,261","4,911","5,354","4,851","4,824","5,280","5,485","5,394","5,295","6,062","7,187","7,347","6,731","5,959","5,708","4,128","2,831","2,662"
ladu2023:North Ayrshire,"133,860","5,650","6,861","7,475","7,085","6,925","6,939","7,224","7,260","7,152","8,409","10,209","11,106","10,076","9,082","8,693","6,271","4,053","3,390"
ladu2023:Orkney Islands,"22,030",979,"1,097","1,206","1,022",904,"1,178","1,255","1,233","1,144","1,354","1,725","1,855","1,672","1,491","1,426","1,094",751,644
ladu2023:Scottish Borders,"117,080","4,857","5,857","6,436","5,738","5,022","5,283","5,672","6,069","6,050","7,326","9,257","9,863","9,292","8,316","8,347","5,930","4,082","3,683"
ladu2023:Shetland Islands,"22,960","1,098","1,355","1,473","1,238","1,082","1,238","1,374","1,274","1,425","1,511","1,678","1,734","1,517","1,396","1,323","1,028",661,555
ladu2023:South Ayrshire,"111,560","4,513","5,469","5,991","5,378","5,280","5,291","5,598","5,916","5,975","6,714","8,328","9,010","8,790","8,038","7,850","5,810","3,938","3,671"
ladu2023:South Lanarkshire,"325,390","15,969","17,416","18,220","16,956","17,257","18,707","19,740","20,807","20,220","20,982","25,108","25,472","23,185","19,739","17,396","12,322","8,439","7,455"
ladu2023:Stirling,"91,470","3,865","4,672","5,193","6,063","7,098","4,765","4,853","5,000","5,292","5,709","7,022","7,116","6,087","5,071","5,096","3,714","2,586","2,268"
ladu2023:Aberdeen City,"220,630","10,680","11,104","10,759","12,320","18,764","16,622","17,380","16,242","14,343","13,522","13,952","14,196","12,979","10,952","10,131","6,719","5,063","4,902"
ladu2023:Aberdeenshire,"263,140","13,171","15,892","16,374","13,685","11,227","12,249","15,143","16,901","17,085","18,031","20,504","20,452","17,937","15,953","15,218","10,336","6,789","6,193"
ladu2023:Argyll and Bute,"87,960","3,286","4,054","4,405","4,010","4,060","4,339","4,512","4,506","4,655","5,319","6,868","7,561","7,165","6,381","6,507","4,521","3,081","2,730"
ladu2023:City of Edinburgh,"505,750","22,283","24,079","24,193","29,258","45,573","43,458","42,827","37,886","33,896","30,624","31,639","31,172","27,672","22,702","21,490","14,725","10,721","11,552"
ladu2023:Renfrewshire,"182,330","8,400","9,424","9,649","9,545","10,624","11,738","12,311","11,808","10,981","11,252","14,000","14,280","12,823","10,175","9,605","6,779","4,725","4,211"
ladu2023:West Dunbartonshire,"88,510","4,143","4,866","5,189","4,584","4,822","5,246","5,591","5,578","5,132","5,361","6,710","7,235","6,537","5,385","4,751","3,236","2,179","1,965"
ladu2023:West Lothian,"180,850","9,247","10,878","11,473","9,956","9,485","10,427","11,885","12,238","11,746","12,719","14,478","13,617","11,492","9,237","8,889","6,089","3,915","3,079"
ladu2023:Angus,"114,950","4,957","5,992","6,233","5,850","5,403","5,719","6,138","6,620","6,352","7,051","8,483","9,267","8,483","7,544","8,010","5,549","3,745","3,554"
ladu2023:Dundee City,"146,790","6,717","7,478","7,933","9,664","13,621","10,637","10,471","9,520","8,019","7,829","9,212","9,801","9,219","7,291","7,055","4,928","3,647","3,748"
ladu2023:East Dunbartonshire,"108,920","5,211","6,275","6,436","5,580","4,936","4,703","5,530","6,459","6,865","6,828","7,883","8,549","7,890","6,910","6,633","4,906","3,758","3,568"
ladu2023:Fife,"370,880","16,998","19,743","21,593","20,869","22,211","20,013","21,758","22,093","21,703","22,897","27,506","28,319","25,730","22,087","22,097","15,736","10,122","9,405"
ladu2023:Perth and Kinross,"150,700","6,352","7,468","8,398","7,581","7,156","7,528","8,111","8,688","8,565","9,425","11,438","12,176","10,980","10,010","9,785","7,087","4,977","4,975"
ladu2023:Glasgow City,"610,860","29,524","30,609","30,055","35,524","54,251","56,817","53,863","45,005","37,358","35,055","39,751","40,790","35,837","27,830","22,099","15,083","10,956","10,453"
ladu2023:North Lanarkshire,"341,280","17,146","19,094","20,570","19,546","20,041","20,296","21,696","22,121","21,850","22,925","26,927","26,381","22,278","18,492","16,483","11,523","7,831","6,080"
ladu2023:Antrim and Newtownabbey,"145,852","8,220","9,373","9,858","8,700","7,762","8,713","9,553","9,908","9,831","9,758","10,306","10,028","8,527","7,057","6,460","5,211","3,496","3,091"
"ladu2023:Armagh City, Banbridge and Craigavon","219,127","14,041","15,488","15,814","13,289","11,382","13,228","14,687","15,184","14,527","14,302","15,014","14,504","12,331","9,896","9,069","7,326","4,808","4,237"
ladu2023:Belfast,"344,992","19,559","21,343","21,201","20,863","29,041","26,824","26,590","24,563","21,680","19,531","21,054","22,011","19,553","14,970","12,173","10,028","6,897","7,111"
ladu2023:Causeway Coast and Glens,"141,664","7,882","8,858","9,121","8,330","7,842","7,641","8,377","8,573","8,487","9,193","10,356","10,211","9,191","7,848","6,991","5,745","3,778","3,240"
ladu2023:Derry City and Strabane,"150,834","9,226","10,240","10,451","9,437","8,628","8,904","9,782","10,022","9,740","9,758","10,710","10,691","8,930","7,387","6,570","4,828","3,103","2,427"
ladu2023:Fermanagh and Omagh,"116,926","7,288","7,860","8,086","7,267","5,939","6,279","6,732","7,597","7,505","7,506","7,925","7,940","7,354","6,545","5,685","4,164","2,756","2,498"
ladu2023:Lisburn and Castlereagh,"149,272","9,011","9,591","9,792","7,988","7,006","8,832","10,334","10,607","10,033","9,633","10,455","10,477","9,090","7,146","6,482","5,470","3,824","3,501"
ladu2023:Mid and East Antrim,"139,127","7,568","8,146","8,485","8,020","7,127","7,633","8,404","8,537","8,566","9,031","10,665","10,325","9,069","7,579","7,010","5,747","3,822","3,393"
ladu2023:Mid Ulster,"150,598","10,601","10,995","11,009","9,655","8,330","9,184","10,230","10,897","10,149","9,992","9,720","9,157","7,956","6,669","5,768","4,572","2,984","2,730"
"ladu2023:Newry, Mourne and Down","182,345","11,648","13,021","13,158","11,366","9,877","10,277","11,274","11,859","11,850","11,534","12,577","12,363","10,904","9,210","7,842","6,086","3,887","3,612"
ladu2023:Ards and North Down,"163,827","7,988","9,621","10,155","8,863","7,372","8,426","9,468","9,882","10,173","10,700","11,831","11,829","11,022","9,640","9,685","8,085","4,705","4,382"
mcounty:Greater Manchester (Met County),"2,869,531","171,975","186,603","189,261","175,444","189,917","201,968","212,945","203,022","183,491","176,362","189,217","180,383","152,015","125,825","124,906","90,097","61,674","54,426"
mcounty:Inner London,"3,411,307","188,370","179,460","181,275","179,507","276,558","408,506","377,696","296,899","249,329","219,909","210,033","186,456","139,788","100,918","81,399","56,762","40,853","37,589"
mcounty:Merseyside (Met County),"1,423,718","75,415","80,373","79,780","81,341","95,758","92,918","98,495","91,744","81,397","82,634","96,178","101,017","91,543","76,702","73,122","52,041","37,864","35,396"
mcounty:Outer London,"5,393,462","337,620","349,800","354,349","316,286","309,485","375,488","427,325","436,090","419,193","374,503","362,987","328,779","268,174","208,430","187,717","136,662","98,893","101,681"
mcounty:South Yorkshire (Met County),"1,374,792","74,783","80,357","81,761","79,564","92,644","92,629","96,100","88,163","79,778","81,848","96,219","93,377","81,577","69,004","68,086","51,426","35,213","32,263"
mcounty:Tyne and Wear (Met County),"1,126,149","57,887","63,475","64,507","64,464","78,695","73,772","76,042","73,674","66,989","66,343","75,177","77,967","71,393","60,620","58,347","39,772","29,221","27,804"
mcounty:West Midlands (Met County),"2,918,251","180,708","198,066","200,315","194,948","204,234","196,221","207,492","200,475","186,405","177,820","190,845","175,689","148,376","122,704","114,726","90,173","64,737","64,317"
mcounty:West Yorkshire (Met County),"2,350,407","138,310","150,241","152,531","145,220","156,293","156,405","164,835","159,984","148,811","146,037","158,459","149,277","129,254","108,442","107,652","75,750","52,687","50,219"
