areacd,areanm,period,value
E06000001,Hartlepool,30/06/1991,970
E06000001,Hartlepool,30/06/1992,972
E06000001,Hartlepool,30/06/1993,970
E06000001,Hartlepool,30/06/1994,970
E06000001,Hartlepool,30/06/1995,966
E06000001,Hartlepool,30/06/1996,963
E06000001,Hartlepool,30/06/1997,958
E06000001,Hartlepool,30/06/1998,956
E06000001,Hartlepool,30/06/1999,955
E06000001,Hartlepool,30/06/2000,957
E06000001,Hartlepool,30/06/2001,960
E06000001,Hartlepool,30/06/2002,959
E06000001,Hartlepool,30/06/2003,960
E06000001,Hartlepool,30/06/2004,962
E06000001,Hartlepool,30/06/2005,963
E06000001,Hartlepool,30/06/2006,967
E06000001,Hartlepool,30/06/2007,969
E06000001,Hartlepool,30/06/2008,973
E06000001,Hartlepool,30/06/2009,975
E06000001,Hartlepool,30/06/2010,977
E06000001,Hartlepool,30/06/2011,981
E06000001,Hartlepool,30/06/2012,984
E06000001,Hartlepool,30/06/2013,985
E06000001,Hartlepool,30/06/2014,984
E06000001,Hartlepool,30/06/2015,981
E06000001,Hartlepool,30/06/2016,983
E06000001,Hartlepool,30/06/2017,983
E06000001,Hartlepool,30/06/2018,983
E06000001,Hartlepool,30/06/2019,984
E06000001,Hartlepool,30/06/2020,982
E06000001,Hartlepool,30/06/2021,986
E06000001,Hartlepool,30/06/2022,1003
E06000001,Hartlepool,30/06/2023,1022
E06000001,Hartlepool,30/06/2024,1046
E06000002,Middlesbrough,30/06/1991,2686
E06000002,Middlesbrough,30/06/1992,2675
E06000002,Middlesbrough,30/06/1993,2681
E06000002,Middlesbrough,30/06/1994,2703
E06000002,Middlesbrough,30/06/1995,2717
E06000002,Middlesbrough,30/06/1996,2705
E06000002,Middlesbrough,30/06/1997,2682
E06000002,Middlesbrough,30/06/1998,2673
E06000002,Middlesbrough,30/06/1999,2654
E06000002,Middlesbrough,30/06/2000,2640
E06000002,Middlesbrough,30/06/2001,2621
E06000002,Middlesbrough,30/06/2002,2600
E06000002,Middlesbrough,30/06/2003,2581
E06000002,Middlesbrough,30/06/2004,2570
E06000002,Middlesbrough,30/06/2005,2571
E06000002,Middlesbrough,30/06/2006,2564
E06000002,Middlesbrough,30/06/2007,2565
E06000002,Middlesbrough,30/06/2008,2559
E06000002,Middlesbrough,30/06/2009,2548
E06000002,Middlesbrough,30/06/2010,2555
E06000002,Middlesbrough,30/06/2011,2568
E06000002,Middlesbrough,30/06/2012,2570
E06000002,Middlesbrough,30/06/2013,2572
E06000002,Middlesbrough,30/06/2014,2580
E06000002,Middlesbrough,30/06/2015,2591
E06000002,Middlesbrough,30/06/2016,2610
E06000002,Middlesbrough,30/06/2017,2621
E06000002,Middlesbrough,30/06/2018,2618
E06000002,Middlesbrough,30/06/2019,2638
E06000002,Middlesbrough,30/06/2020,2644
E06000002,Middlesbrough,30/06/2021,2671
E06000002,Middlesbrough,30/06/2022,2772
E06000002,Middlesbrough,30/06/2023,2851
E06000002,Middlesbrough,30/06/2024,2898
E06000003,Redcar and Cleveland,30/06/1991,595
E06000003,Redcar and Cleveland,30/06/1992,595
E06000003,Redcar and Cleveland,30/06/1993,589
E06000003,Redcar and Cleveland,30/06/1994,585
E06000003,Redcar and Cleveland,30/06/1995,581
E06000003,Redcar and Cleveland,30/06/1996,576
E06000003,Redcar and Cleveland,30/06/1997,574
E06000003,Redcar and Cleveland,30/06/1998,573
E06000003,Redcar and Cleveland,30/06/1999,569
E06000003,Redcar and Cleveland,30/06/2000,568
E06000003,Redcar and Cleveland,30/06/2001,568
E06000003,Redcar and Cleveland,30/06/2002,565
E06000003,Redcar and Cleveland,30/06/2003,565
E06000003,Redcar and Cleveland,30/06/2004,566
E06000003,Redcar and Cleveland,30/06/2005,564
E06000003,Redcar and Cleveland,30/06/2006,561
E06000003,Redcar and Cleveland,30/06/2007,559
E06000003,Redcar and Cleveland,30/06/2008,557
E06000003,Redcar and Cleveland,30/06/2009,554
E06000003,Redcar and Cleveland,30/06/2010,552
E06000003,Redcar and Cleveland,30/06/2011,551
E06000003,Redcar and Cleveland,30/06/2012,551
E06000003,Redcar and Cleveland,30/06/2013,550
E06000003,Redcar and Cleveland,30/06/2014,551
E06000003,Redcar and Cleveland,30/06/2015,552
E06000003,Redcar and Cleveland,30/06/2016,552
E06000003,Redcar and Cleveland,30/06/2017,553
E06000003,Redcar and Cleveland,30/06/2018,556
E06000003,Redcar and Cleveland,30/06/2019,558
E06000003,Redcar and Cleveland,30/06/2020,557
E06000003,Redcar and Cleveland,30/06/2021,557
E06000003,Redcar and Cleveland,30/06/2022,560
E06000003,Redcar and Cleveland,30/06/2023,563
E06000003,Redcar and Cleveland,30/06/2024,568
E06000004,Stockton-on-Tees,30/06/1991,855
E06000004,Stockton-on-Tees,30/06/1992,860
E06000004,Stockton-on-Tees,30/06/1993,865
E06000004,Stockton-on-Tees,30/06/1994,865
E06000004,Stockton-on-Tees,30/06/1995,864
E06000004,Stockton-on-Tees,30/06/1996,867
E06000004,Stockton-on-Tees,30/06/1997,869
E06000004,Stockton-on-Tees,30/06/1998,875
E06000004,Stockton-on-Tees,30/06/1999,882
E06000004,Stockton-on-Tees,30/06/2000,891
E06000004,Stockton-on-Tees,30/06/2001,897
E06000004,Stockton-on-Tees,30/06/2002,902
E06000004,Stockton-on-Tees,30/06/2003,906
E06000004,Stockton-on-Tees,30/06/2004,906
E06000004,Stockton-on-Tees,30/06/2005,909
E06000004,Stockton-on-Tees,30/06/2006,914
E06000004,Stockton-on-Tees,30/06/2007,917
E06000004,Stockton-on-Tees,30/06/2008,922
E06000004,Stockton-on-Tees,30/06/2009,927
E06000004,Stockton-on-Tees,30/06/2010,931
E06000004,Stockton-on-Tees,30/06/2011,936
E06000004,Stockton-on-Tees,30/06/2012,941
E06000004,Stockton-on-Tees,30/06/2013,946
E06000004,Stockton-on-Tees,30/06/2014,952
E06000004,Stockton-on-Tees,30/06/2015,955
E06000004,Stockton-on-Tees,30/06/2016,958
E06000004,Stockton-on-Tees,30/06/2017,961
E06000004,Stockton-on-Tees,30/06/2018,964
E06000004,Stockton-on-Tees,30/06/2019,961
E06000004,Stockton-on-Tees,30/06/2020,958
E06000004,Stockton-on-Tees,30/06/2021,961
E06000004,Stockton-on-Tees,30/06/2022,980
E06000004,Stockton-on-Tees,30/06/2023,994
E06000004,Stockton-on-Tees,30/06/2024,1009
E06000005,Darlington,30/06/1991,503
E06000005,Darlington,30/06/1992,503
E06000005,Darlington,30/06/1993,502
E06000005,Darlington,30/06/1994,503
E06000005,Darlington,30/06/1995,502
E06000005,Darlington,30/06/1996,504
E06000005,Darlington,30/06/1997,502
E06000005,Darlington,30/06/1998,503
E06000005,Darlington,30/06/1999,497
E06000005,Darlington,30/06/2000,497
E06000005,Darlington,30/06/2001,496
E06000005,Darlington,30/06/2002,499
E06000005,Darlington,30/06/2003,501
E06000005,Darlington,30/06/2004,503
E06000005,Darlington,30/06/2005,508
E06000005,Darlington,30/06/2006,514
E06000005,Darlington,30/06/2007,520
E06000005,Darlington,30/06/2008,525
E06000005,Darlington,30/06/2009,528
E06000005,Darlington,30/06/2010,532
E06000005,Darlington,30/06/2011,535
E06000005,Darlington,30/06/2012,534
E06000005,Darlington,30/06/2013,535
E06000005,Darlington,30/06/2014,536
E06000005,Darlington,30/06/2015,537
E06000005,Darlington,30/06/2016,538
E06000005,Darlington,30/06/2017,539
E06000005,Darlington,30/06/2018,539
E06000005,Darlington,30/06/2019,539
E06000005,Darlington,30/06/2020,541
E06000005,Darlington,30/06/2021,548
E06000005,Darlington,30/06/2022,554
E06000005,Darlington,30/06/2023,562
E06000005,Darlington,30/06/2024,570
E06000006,Halton,30/06/1991,1578
E06000006,Halton,30/06/1992,1571
E06000006,Halton,30/06/1993,1565
E06000006,Halton,30/06/1994,1553
E06000006,Halton,30/06/1995,1545
E06000006,Halton,30/06/1996,1540
E06000006,Halton,30/06/1997,1529
E06000006,Halton,30/06/1998,1520
E06000006,Halton,30/06/1999,1512
E06000006,Halton,30/06/2000,1506
E06000006,Halton,30/06/2001,1499
E06000006,Halton,30/06/2002,1502
E06000006,Halton,30/06/2003,1507
E06000006,Halton,30/06/2004,1517
E06000006,Halton,30/06/2005,1522
E06000006,Halton,30/06/2006,1534
E06000006,Halton,30/06/2007,1543
E06000006,Halton,30/06/2008,1554
E06000006,Halton,30/06/2009,1563
E06000006,Halton,30/06/2010,1578
E06000006,Halton,30/06/2011,1590
E06000006,Halton,30/06/2012,1588
E06000006,Halton,30/06/2013,1592
E06000006,Halton,30/06/2014,1598
E06000006,Halton,30/06/2015,1599
E06000006,Halton,30/06/2016,1604
E06000006,Halton,30/06/2017,1606
E06000006,Halton,30/06/2018,1617
E06000006,Halton,30/06/2019,1624
E06000006,Halton,30/06/2020,1625
E06000006,Halton,30/06/2021,1626
E06000006,Halton,30/06/2022,1637
E06000006,Halton,30/06/2023,1649
E06000006,Halton,30/06/2024,1663
E06000007,Warrington,30/06/1991,1023
E06000007,Warrington,30/06/1992,1015
E06000007,Warrington,30/06/1993,1023
E06000007,Warrington,30/06/1994,1030
E06000007,Warrington,30/06/1995,1037
E06000007,Warrington,30/06/1996,1042
E06000007,Warrington,30/06/1997,1046
E06000007,Warrington,30/06/1998,1049
E06000007,Warrington,30/06/1999,1054
E06000007,Warrington,30/06/2000,1055
E06000007,Warrington,30/06/2001,1059
E06000007,Warrington,30/06/2002,1061
E06000007,Warrington,30/06/2003,1063
E06000007,Warrington,30/06/2004,1062
E06000007,Warrington,30/06/2005,1068
E06000007,Warrington,30/06/2006,1077
E06000007,Warrington,30/06/2007,1088
E06000007,Warrington,30/06/2008,1097
E06000007,Warrington,30/06/2009,1108
E06000007,Warrington,30/06/2010,1114
E06000007,Warrington,30/06/2011,1122
E06000007,Warrington,30/06/2012,1129
E06000007,Warrington,30/06/2013,1140
E06000007,Warrington,30/06/2014,1152
E06000007,Warrington,30/06/2015,1160
E06000007,Warrington,30/06/2016,1167
E06000007,Warrington,30/06/2017,1174
E06000007,Warrington,30/06/2018,1174
E06000007,Warrington,30/06/2019,1175
E06000007,Warrington,30/06/2020,1172
E06000007,Warrington,30/06/2021,1169
E06000007,Warrington,30/06/2022,1172
E06000007,Warrington,30/06/2023,1183
E06000007,Warrington,30/06/2024,1192
E06000008,Blackburn with Darwen,30/06/1991,1003
E06000008,Blackburn with Darwen,30/06/1992,1006
E06000008,Blackburn with Darwen,30/06/1993,1014
E06000008,Blackburn with Darwen,30/06/1994,1018
E06000008,Blackburn with Darwen,30/06/1995,1019
E06000008,Blackburn with Darwen,30/06/1996,1013
E06000008,Blackburn with Darwen,30/06/1997,1013
E06000008,Blackburn with Darwen,30/06/1998,1019
E06000008,Blackburn with Darwen,30/06/1999,1009
E06000008,Blackburn with Darwen,30/06/2000,1009
E06000008,Blackburn with Darwen,30/06/2001,1010
E06000008,Blackburn with Darwen,30/06/2002,1018
E06000008,Blackburn with Darwen,30/06/2003,1025
E06000008,Blackburn with Darwen,30/06/2004,1032
E06000008,Blackburn with Darwen,30/06/2005,1037
E06000008,Blackburn with Darwen,30/06/2006,1044
E06000008,Blackburn with Darwen,30/06/2007,1051
E06000008,Blackburn with Darwen,30/06/2008,1058
E06000008,Blackburn with Darwen,30/06/2009,1067
E06000008,Blackburn with Darwen,30/06/2010,1073
E06000008,Blackburn with Darwen,30/06/2011,1078
E06000008,Blackburn with Darwen,30/06/2012,1084
E06000008,Blackburn with Darwen,30/06/2013,1089
E06000008,Blackburn with Darwen,30/06/2014,1092
E06000008,Blackburn with Darwen,30/06/2015,1098
E06000008,Blackburn with Darwen,30/06/2016,1106
E06000008,Blackburn with Darwen,30/06/2017,1112
E06000008,Blackburn with Darwen,30/06/2018,1115
E06000008,Blackburn with Darwen,30/06/2019,1124
E06000008,Blackburn with Darwen,30/06/2020,1128
E06000008,Blackburn with Darwen,30/06/2021,1131
E06000008,Blackburn with Darwen,30/06/2022,1140
E06000008,Blackburn with Darwen,30/06/2023,1162
E06000008,Blackburn with Darwen,30/06/2024,1186
E06000009,Blackpool,30/06/1991,4259
E06000009,Blackpool,30/06/1992,4305
E06000009,Blackpool,30/06/1993,4330
E06000009,Blackpool,30/06/1994,4319
E06000009,Blackpool,30/06/1995,4287
E06000009,Blackpool,30/06/1996,4229
E06000009,Blackpool,30/06/1997,4170
E06000009,Blackpool,30/06/1998,4130
E06000009,Blackpool,30/06/1999,4098
E06000009,Blackpool,30/06/2000,4099
E06000009,Blackpool,30/06/2001,4077
E06000009,Blackpool,30/06/2002,4074
E06000009,Blackpool,30/06/2003,4088
E06000009,Blackpool,30/06/2004,4102
E06000009,Blackpool,30/06/2005,4118
E06000009,Blackpool,30/06/2006,4119
E06000009,Blackpool,30/06/2007,4117
E06000009,Blackpool,30/06/2008,4096
E06000009,Blackpool,30/06/2009,4086
E06000009,Blackpool,30/06/2010,4091
E06000009,Blackpool,30/06/2011,4072
E06000009,Blackpool,30/06/2012,4086
E06000009,Blackpool,30/06/2013,4090
E06000009,Blackpool,30/06/2014,4077
E06000009,Blackpool,30/06/2015,4063
E06000009,Blackpool,30/06/2016,4069
E06000009,Blackpool,30/06/2017,4073
E06000009,Blackpool,30/06/2018,4066
E06000009,Blackpool,30/06/2019,4081
E06000009,Blackpool,30/06/2020,4057
E06000009,Blackpool,30/06/2021,4040
E06000009,Blackpool,30/06/2022,4060
E06000009,Blackpool,30/06/2023,4100
E06000009,Blackpool,30/06/2024,4132
E06000010,"Kingston upon Hull, City of",30/06/1991,3679
E06000010,"Kingston upon Hull, City of",30/06/1992,3708
E06000010,"Kingston upon Hull, City of",30/06/1993,3702
E06000010,"Kingston upon Hull, City of",30/06/1994,3722
E06000010,"Kingston upon Hull, City of",30/06/1995,3719
E06000010,"Kingston upon Hull, City of",30/06/1996,3698
E06000010,"Kingston upon Hull, City of",30/06/1997,3659
E06000010,"Kingston upon Hull, City of",30/06/1998,3629
E06000010,"Kingston upon Hull, City of",30/06/1999,3575
E06000010,"Kingston upon Hull, City of",30/06/2000,3525
E06000010,"Kingston upon Hull, City of",30/06/2001,3491
E06000010,"Kingston upon Hull, City of",30/06/2002,3485
E06000010,"Kingston upon Hull, City of",30/06/2003,3501
E06000010,"Kingston upon Hull, City of",30/06/2004,3535
E06000010,"Kingston upon Hull, City of",30/06/2005,3565
E06000010,"Kingston upon Hull, City of",30/06/2006,3569
E06000010,"Kingston upon Hull, City of",30/06/2007,3573
E06000010,"Kingston upon Hull, City of",30/06/2008,3587
E06000010,"Kingston upon Hull, City of",30/06/2009,3578
E06000010,"Kingston upon Hull, City of",30/06/2010,3579
E06000010,"Kingston upon Hull, City of",30/06/2011,3578
E06000010,"Kingston upon Hull, City of",30/06/2012,3606
E06000010,"Kingston upon Hull, City of",30/06/2013,3620
E06000010,"Kingston upon Hull, City of",30/06/2014,3645
E06000010,"Kingston upon Hull, City of",30/06/2015,3670
E06000010,"Kingston upon Hull, City of",30/06/2016,3707
E06000010,"Kingston upon Hull, City of",30/06/2017,3738
E06000010,"Kingston upon Hull, City of",30/06/2018,3747
E06000010,"Kingston upon Hull, City of",30/06/2019,3755
E06000010,"Kingston upon Hull, City of",30/06/2020,3738
E06000010,"Kingston upon Hull, City of",30/06/2021,3723
E06000010,"Kingston upon Hull, City of",30/06/2022,3755
E06000010,"Kingston upon Hull, City of",30/06/2023,3815
E06000010,"Kingston upon Hull, City of",30/06/2024,3848
E06000011,East Riding of Yorkshire,30/06/1991,122
E06000011,East Riding of Yorkshire,30/06/1992,123
E06000011,East Riding of Yorkshire,30/06/1993,125
E06000011,East Riding of Yorkshire,30/06/1994,126
E06000011,East Riding of Yorkshire,30/06/1995,127
E06000011,East Riding of Yorkshire,30/06/1996,127
E06000011,East Riding of Yorkshire,30/06/1997,127
E06000011,East Riding of Yorkshire,30/06/1998,128
E06000011,East Riding of Yorkshire,30/06/1999,129
E06000011,East Riding of Yorkshire,30/06/2000,130
E06000011,East Riding of Yorkshire,30/06/2001,131
E06000011,East Riding of Yorkshire,30/06/2002,133
E06000011,East Riding of Yorkshire,30/06/2003,134
E06000011,East Riding of Yorkshire,30/06/2004,135
E06000011,East Riding of Yorkshire,30/06/2005,136
E06000011,East Riding of Yorkshire,30/06/2006,137
E06000011,East Riding of Yorkshire,30/06/2007,138
E06000011,East Riding of Yorkshire,30/06/2008,138
E06000011,East Riding of Yorkshire,30/06/2009,138
E06000011,East Riding of Yorkshire,30/06/2010,139
E06000011,East Riding of Yorkshire,30/06/2011,139
E06000011,East Riding of Yorkshire,30/06/2012,139
E06000011,East Riding of Yorkshire,30/06/2013,139
E06000011,East Riding of Yorkshire,30/06/2014,140
E06000011,East Riding of Yorkshire,30/06/2015,139
E06000011,East Riding of Yorkshire,30/06/2016,140
E06000011,East Riding of Yorkshire,30/06/2017,140
E06000011,East Riding of Yorkshire,30/06/2018,140
E06000011,East Riding of Yorkshire,30/06/2019,141
E06000011,East Riding of Yorkshire,30/06/2020,142
E06000011,East Riding of Yorkshire,30/06/2021,143
E06000011,East Riding of Yorkshire,30/06/2022,144
E06000011,East Riding of Yorkshire,30/06/2023,146
E06000011,East Riding of Yorkshire,30/06/2024,148
E06000012,North East Lincolnshire,30/06/1991,836
E06000012,North East Lincolnshire,30/06/1992,837
E06000012,North East Lincolnshire,30/06/1993,840
E06000012,North East Lincolnshire,30/06/1994,838
E06000012,North East Lincolnshire,30/06/1995,833
E06000012,North East Lincolnshire,30/06/1996,826
E06000012,North East Lincolnshire,30/06/1997,823
E06000012,North East Lincolnshire,30/06/1998,819
E06000012,North East Lincolnshire,30/06/1999,820
E06000012,North East Lincolnshire,30/06/2000,818
E06000012,North East Lincolnshire,30/06/2001,820
E06000012,North East Lincolnshire,30/06/2002,820
E06000012,North East Lincolnshire,30/06/2003,822
E06000012,North East Lincolnshire,30/06/2004,823
E06000012,North East Lincolnshire,30/06/2005,824
E06000012,North East Lincolnshire,30/06/2006,823
E06000012,North East Lincolnshire,30/06/2007,823
E06000012,North East Lincolnshire,30/06/2008,824
E06000012,North East Lincolnshire,30/06/2009,824
E06000012,North East Lincolnshire,30/06/2010,825
E06000012,North East Lincolnshire,30/06/2011,829
E06000012,North East Lincolnshire,30/06/2012,828
E06000012,North East Lincolnshire,30/06/2013,828
E06000012,North East Lincolnshire,30/06/2014,828
E06000012,North East Lincolnshire,30/06/2015,826
E06000012,North East Lincolnshire,30/06/2016,825
E06000012,North East Lincolnshire,30/06/2017,824
E06000012,North East Lincolnshire,30/06/2018,823
E06000012,North East Lincolnshire,30/06/2019,820
E06000012,North East Lincolnshire,30/06/2020,817
E06000012,North East Lincolnshire,30/06/2021,816
E06000012,North East Lincolnshire,30/06/2022,819
E06000012,North East Lincolnshire,30/06/2023,824
E06000012,North East Lincolnshire,30/06/2024,830
E06000013,North Lincolnshire,30/06/1991,181
E06000013,North Lincolnshire,30/06/1992,181
E06000013,North Lincolnshire,30/06/1993,180
E06000013,North Lincolnshire,30/06/1994,181
E06000013,North Lincolnshire,30/06/1995,179
E06000013,North Lincolnshire,30/06/1996,180
E06000013,North Lincolnshire,30/06/1997,180
E06000013,North Lincolnshire,30/06/1998,180
E06000013,North Lincolnshire,30/06/1999,180
E06000013,North Lincolnshire,30/06/2000,180
E06000013,North Lincolnshire,30/06/2001,181
E06000013,North Lincolnshire,30/06/2002,182
E06000013,North Lincolnshire,30/06/2003,185
E06000013,North Lincolnshire,30/06/2004,187
E06000013,North Lincolnshire,30/06/2005,189
E06000013,North Lincolnshire,30/06/2006,190
E06000013,North Lincolnshire,30/06/2007,192
E06000013,North Lincolnshire,30/06/2008,194
E06000013,North Lincolnshire,30/06/2009,196
E06000013,North Lincolnshire,30/06/2010,197
E06000013,North Lincolnshire,30/06/2011,198
E06000013,North Lincolnshire,30/06/2012,198
E06000013,North Lincolnshire,30/06/2013,199
E06000013,North Lincolnshire,30/06/2014,199
E06000013,North Lincolnshire,30/06/2015,200
E06000013,North Lincolnshire,30/06/2016,201
E06000013,North Lincolnshire,30/06/2017,202
E06000013,North Lincolnshire,30/06/2018,201
E06000013,North Lincolnshire,30/06/2019,201
E06000013,North Lincolnshire,30/06/2020,201
E06000013,North Lincolnshire,30/06/2021,201
E06000013,North Lincolnshire,30/06/2022,201
E06000013,North Lincolnshire,30/06/2023,201
E06000013,North Lincolnshire,30/06/2024,202
E06000014,York,30/06/1991,633
E06000014,York,30/06/1992,631
E06000014,York,30/06/1993,631
E06000014,York,30/06/1994,635
E06000014,York,30/06/1995,636
E06000014,York,30/06/1996,642
E06000014,York,30/06/1997,643
E06000014,York,30/06/1998,648
E06000014,York,30/06/1999,651
E06000014,York,30/06/2000,659
E06000014,York,30/06/2001,667
E06000014,York,30/06/2002,670
E06000014,York,30/06/2003,676
E06000014,York,30/06/2004,686
E06000014,York,30/06/2005,692
E06000014,York,30/06/2006,695
E06000014,York,30/06/2007,698
E06000014,York,30/06/2008,702
E06000014,York,30/06/2009,707
E06000014,York,30/06/2010,717
E06000014,York,30/06/2011,727
E06000014,York,30/06/2012,732
E06000014,York,30/06/2013,740
E06000014,York,30/06/2014,744
E06000014,York,30/06/2015,747
E06000014,York,30/06/2016,746
E06000014,York,30/06/2017,748
E06000014,York,30/06/2018,750
E06000014,York,30/06/2019,750
E06000014,York,30/06/2020,743
E06000014,York,30/06/2021,742
E06000014,York,30/06/2022,753
E06000014,York,30/06/2023,760
E06000014,York,30/06/2024,770
E06000015,Derby,30/06/1991,2857
E06000015,Derby,30/06/1992,2873
E06000015,Derby,30/06/1993,2887
E06000015,Derby,30/06/1994,2904
E06000015,Derby,30/06/1995,2918
E06000015,Derby,30/06/1996,2938
E06000015,Derby,30/06/1997,2954
E06000015,Derby,30/06/1998,2959
E06000015,Derby,30/06/1999,2964
E06000015,Derby,30/06/2000,2958
E06000015,Derby,30/06/2001,2957
E06000015,Derby,30/06/2002,2973
E06000015,Derby,30/06/2003,2984
E06000015,Derby,30/06/2004,3006
E06000015,Derby,30/06/2005,3031
E06000015,Derby,30/06/2006,3052
E06000015,Derby,30/06/2007,3075
E06000015,Derby,30/06/2008,3100
E06000015,Derby,30/06/2009,3127
E06000015,Derby,30/06/2010,3166
E06000015,Derby,30/06/2011,3191
E06000015,Derby,30/06/2012,3228
E06000015,Derby,30/06/2013,3253
E06000015,Derby,30/06/2014,3273
E06000015,Derby,30/06/2015,3299
E06000015,Derby,30/06/2016,3331
E06000015,Derby,30/06/2017,3347
E06000015,Derby,30/06/2018,3363
E06000015,Derby,30/06/2019,3371
E06000015,Derby,30/06/2020,3358
E06000015,Derby,30/06/2021,3349
E06000015,Derby,30/06/2022,3388
E06000015,Derby,30/06/2023,3460
E06000015,Derby,30/06/2024,3514
E06000016,Leicester,30/06/1991,3838
E06000016,Leicester,30/06/1992,3845
E06000016,Leicester,30/06/1993,3895
E06000016,Leicester,30/06/1994,3948
E06000016,Leicester,30/06/1995,3978
E06000016,Leicester,30/06/1996,3969
E06000016,Leicester,30/06/1997,3949
E06000016,Leicester,30/06/1998,3954
E06000016,Leicester,30/06/1999,3899
E06000016,Leicester,30/06/2000,3870
E06000016,Leicester,30/06/2001,3856
E06000016,Leicester,30/06/2002,3890
E06000016,Leicester,30/06/2003,3936
E06000016,Leicester,30/06/2004,4011
E06000016,Leicester,30/06/2005,4112
E06000016,Leicester,30/06/2006,4180
E06000016,Leicester,30/06/2007,4245
E06000016,Leicester,30/06/2008,4302
E06000016,Leicester,30/06/2009,4359
E06000016,Leicester,30/06/2010,4430
E06000016,Leicester,30/06/2011,4495
E06000016,Leicester,30/06/2012,4556
E06000016,Leicester,30/06/2013,4620
E06000016,Leicester,30/06/2014,4676
E06000016,Leicester,30/06/2015,4770
E06000016,Leicester,30/06/2016,4865
E06000016,Leicester,30/06/2017,4935
E06000016,Leicester,30/06/2018,5006
E06000016,Leicester,30/06/2019,5042
E06000016,Leicester,30/06/2020,5030
E06000016,Leicester,30/06/2021,5003
E06000016,Leicester,30/06/2022,5087
E06000016,Leicester,30/06/2023,5218
E06000016,Leicester,30/06/2024,5295
E06000017,Rutland,30/06/1991,86
E06000017,Rutland,30/06/1992,86
E06000017,Rutland,30/06/1993,85
E06000017,Rutland,30/06/1994,84
E06000017,Rutland,30/06/1995,86
E06000017,Rutland,30/06/1996,87
E06000017,Rutland,30/06/1997,86
E06000017,Rutland,30/06/1998,85
E06000017,Rutland,30/06/1999,88
E06000017,Rutland,30/06/2000,89
E06000017,Rutland,30/06/2001,91
E06000017,Rutland,30/06/2002,92
E06000017,Rutland,30/06/2003,93
E06000017,Rutland,30/06/2004,93
E06000017,Rutland,30/06/2005,95
E06000017,Rutland,30/06/2006,96
E06000017,Rutland,30/06/2007,97
E06000017,Rutland,30/06/2008,98
E06000017,Rutland,30/06/2009,98
E06000017,Rutland,30/06/2010,99
E06000017,Rutland,30/06/2011,98
E06000017,Rutland,30/06/2012,97
E06000017,Rutland,30/06/2013,99
E06000017,Rutland,30/06/2014,100
E06000017,Rutland,30/06/2015,101
E06000017,Rutland,30/06/2016,102
E06000017,Rutland,30/06/2017,104
E06000017,Rutland,30/06/2018,105
E06000017,Rutland,30/06/2019,105
E06000017,Rutland,30/06/2020,106
E06000017,Rutland,30/06/2021,108
E06000017,Rutland,30/06/2022,108
E06000017,Rutland,30/06/2023,107
E06000017,Rutland,30/06/2024,109
E06000018,Nottingham,30/06/1991,3743
E06000018,Nottingham,30/06/1992,3748
E06000018,Nottingham,30/06/1993,3734
E06000018,Nottingham,30/06/1994,3714
E06000018,Nottingham,30/06/1995,3719
E06000018,Nottingham,30/06/1996,3707
E06000018,Nottingham,30/06/1997,3732
E06000018,Nottingham,30/06/1998,3716
E06000018,Nottingham,30/06/1999,3665
E06000018,Nottingham,30/06/2000,3627
E06000018,Nottingham,30/06/2001,3603
E06000018,Nottingham,30/06/2002,3641
E06000018,Nottingham,30/06/2003,3691
E06000018,Nottingham,30/06/2004,3746
E06000018,Nottingham,30/06/2005,3816
E06000018,Nottingham,30/06/2006,3838
E06000018,Nottingham,30/06/2007,3861
E06000018,Nottingham,30/06/2008,3896
E06000018,Nottingham,30/06/2009,3950
E06000018,Nottingham,30/06/2010,4016
E06000018,Nottingham,30/06/2011,4071
E06000018,Nottingham,30/06/2012,4119
E06000018,Nottingham,30/06/2013,4135
E06000018,Nottingham,30/06/2014,4158
E06000018,Nottingham,30/06/2015,4197
E06000018,Nottingham,30/06/2016,4255
E06000018,Nottingham,30/06/2017,4292
E06000018,Nottingham,30/06/2018,4318
E06000018,Nottingham,30/06/2019,4329
E06000018,Nottingham,30/06/2020,4325
E06000018,Nottingham,30/06/2021,4287
E06000018,Nottingham,30/06/2022,4375
E06000018,Nottingham,30/06/2023,4383
E06000018,Nottingham,30/06/2024,4435
E06000019,"Herefordshire, County of",30/06/1991,74
E06000019,"Herefordshire, County of",30/06/1992,74
E06000019,"Herefordshire, County of",30/06/1993,75
E06000019,"Herefordshire, County of",30/06/1994,76
E06000019,"Herefordshire, County of",30/06/1995,76
E06000019,"Herefordshire, County of",30/06/1996,76
E06000019,"Herefordshire, County of",30/06/1997,77
E06000019,"Herefordshire, County of",30/06/1998,78
E06000019,"Herefordshire, County of",30/06/1999,79
E06000019,"Herefordshire, County of",30/06/2000,80
E06000019,"Herefordshire, County of",30/06/2001,80
E06000019,"Herefordshire, County of",30/06/2002,80
E06000019,"Herefordshire, County of",30/06/2003,81
E06000019,"Herefordshire, County of",30/06/2004,81
E06000019,"Herefordshire, County of",30/06/2005,81
E06000019,"Herefordshire, County of",30/06/2006,82
E06000019,"Herefordshire, County of",30/06/2007,83
E06000019,"Herefordshire, County of",30/06/2008,83
E06000019,"Herefordshire, County of",30/06/2009,84
E06000019,"Herefordshire, County of",30/06/2010,84
E06000019,"Herefordshire, County of",30/06/2011,84
E06000019,"Herefordshire, County of",30/06/2012,85
E06000019,"Herefordshire, County of",30/06/2013,85
E06000019,"Herefordshire, County of",30/06/2014,85
E06000019,"Herefordshire, County of",30/06/2015,85
E06000019,"Herefordshire, County of",30/06/2016,85
E06000019,"Herefordshire, County of",30/06/2017,86
E06000019,"Herefordshire, County of",30/06/2018,86
E06000019,"Herefordshire, County of",30/06/2019,86
E06000019,"Herefordshire, County of",30/06/2020,85
E06000019,"Herefordshire, County of",30/06/2021,86
E06000019,"Herefordshire, County of",30/06/2022,86
E06000019,"Herefordshire, County of",30/06/2023,87
E06000019,"Herefordshire, County of",30/06/2024,88
E06000020,Telford and Wrekin,30/06/1991,487
E06000020,Telford and Wrekin,30/06/1992,490
E06000020,Telford and Wrekin,30/06/1993,493
E06000020,Telford and Wrekin,30/06/1994,498
E06000020,Telford and Wrekin,30/06/1995,503
E06000020,Telford and Wrekin,30/06/1996,504
E06000020,Telford and Wrekin,30/06/1997,516
E06000020,Telford and Wrekin,30/06/1998,527
E06000020,Telford and Wrekin,30/06/1999,530
E06000020,Telford and Wrekin,30/06/2000,537
E06000020,Telford and Wrekin,30/06/2001,546
E06000020,Telford and Wrekin,30/06/2002,549
E06000020,Telford and Wrekin,30/06/2003,551
E06000020,Telford and Wrekin,30/06/2004,553
E06000020,Telford and Wrekin,30/06/2005,556
E06000020,Telford and Wrekin,30/06/2006,561
E06000020,Telford and Wrekin,30/06/2007,563
E06000020,Telford and Wrekin,30/06/2008,565
E06000020,Telford and Wrekin,30/06/2009,568
E06000020,Telford and Wrekin,30/06/2010,571
E06000020,Telford and Wrekin,30/06/2011,575
E06000020,Telford and Wrekin,30/06/2012,579
E06000020,Telford and Wrekin,30/06/2013,582
E06000020,Telford and Wrekin,30/06/2014,588
E06000020,Telford and Wrekin,30/06/2015,596
E06000020,Telford and Wrekin,30/06/2016,604
E06000020,Telford and Wrekin,30/06/2017,612
E06000020,Telford and Wrekin,30/06/2018,619
E06000020,Telford and Wrekin,30/06/2019,627
E06000020,Telford and Wrekin,30/06/2020,632
E06000020,Telford and Wrekin,30/06/2021,640
E06000020,Telford and Wrekin,30/06/2022,651
E06000020,Telford and Wrekin,30/06/2023,663
E06000020,Telford and Wrekin,30/06/2024,675
E06000021,Stoke-on-Trent,30/06/1991,2669
E06000021,Stoke-on-Trent,30/06/1992,2664
E06000021,Stoke-on-Trent,30/06/1993,2660
E06000021,Stoke-on-Trent,30/06/1994,2670
E06000021,Stoke-on-Trent,30/06/1995,2668
E06000021,Stoke-on-Trent,30/06/1996,2665
E06000021,Stoke-on-Trent,30/06/1997,2647
E06000021,Stoke-on-Trent,30/06/1998,2625
E06000021,Stoke-on-Trent,30/06/1999,2613
E06000021,Stoke-on-Trent,30/06/2000,2590
E06000021,Stoke-on-Trent,30/06/2001,2573
E06000021,Stoke-on-Trent,30/06/2002,2568
E06000021,Stoke-on-Trent,30/06/2003,2569
E06000021,Stoke-on-Trent,30/06/2004,2580
E06000021,Stoke-on-Trent,30/06/2005,2584
E06000021,Stoke-on-Trent,30/06/2006,2601
E06000021,Stoke-on-Trent,30/06/2007,2608
E06000021,Stoke-on-Trent,30/06/2008,2628
E06000021,Stoke-on-Trent,30/06/2009,2631
E06000021,Stoke-on-Trent,30/06/2010,2648
E06000021,Stoke-on-Trent,30/06/2011,2662
E06000021,Stoke-on-Trent,30/06/2012,2679
E06000021,Stoke-on-Trent,30/06/2013,2692
E06000021,Stoke-on-Trent,30/06/2014,2711
E06000021,Stoke-on-Trent,30/06/2015,2719
E06000021,Stoke-on-Trent,30/06/2016,2742
E06000021,Stoke-on-Trent,30/06/2017,2764
E06000021,Stoke-on-Trent,30/06/2018,2770
E06000021,Stoke-on-Trent,30/06/2019,2774
E06000021,Stoke-on-Trent,30/06/2020,2770
E06000021,Stoke-on-Trent,30/06/2021,2762
E06000021,Stoke-on-Trent,30/06/2022,2789
E06000021,Stoke-on-Trent,30/06/2023,2845
E06000021,Stoke-on-Trent,30/06/2024,2894
E06000022,Bath and North East Somerset,30/06/1991,472
E06000022,Bath and North East Somerset,30/06/1992,471
E06000022,Bath and North East Somerset,30/06/1993,469
E06000022,Bath and North East Somerset,30/06/1994,471
E06000022,Bath and North East Somerset,30/06/1995,473
E06000022,Bath and North East Somerset,30/06/1996,473
E06000022,Bath and North East Somerset,30/06/1997,476
E06000022,Bath and North East Somerset,30/06/1998,480
E06000022,Bath and North East Somerset,30/06/1999,483
E06000022,Bath and North East Somerset,30/06/2000,487
E06000022,Bath and North East Somerset,30/06/2001,489
E06000022,Bath and North East Somerset,30/06/2002,491
E06000022,Bath and North East Somerset,30/06/2003,493
E06000022,Bath and North East Somerset,30/06/2004,493
E06000022,Bath and North East Somerset,30/06/2005,495
E06000022,Bath and North East Somerset,30/06/2006,495
E06000022,Bath and North East Somerset,30/06/2007,499
E06000022,Bath and North East Somerset,30/06/2008,502
E06000022,Bath and North East Somerset,30/06/2009,501
E06000022,Bath and North East Somerset,30/06/2010,504
E06000022,Bath and North East Somerset,30/06/2011,507
E06000022,Bath and North East Somerset,30/06/2012,511
E06000022,Bath and North East Somerset,30/06/2013,517
E06000022,Bath and North East Somerset,30/06/2014,521
E06000022,Bath and North East Somerset,30/06/2015,528
E06000022,Bath and North East Somerset,30/06/2016,536
E06000022,Bath and North East Somerset,30/06/2017,540
E06000022,Bath and North East Somerset,30/06/2018,548
E06000022,Bath and North East Somerset,30/06/2019,550
E06000022,Bath and North East Somerset,30/06/2020,555
E06000022,Bath and North East Somerset,30/06/2021,556
E06000022,Bath and North East Somerset,30/06/2022,565
E06000022,Bath and North East Somerset,30/06/2023,573
E06000022,Bath and North East Somerset,30/06/2024,578
E06000023,"Bristol, City of",30/06/1991,3576
E06000023,"Bristol, City of",30/06/1992,3562
E06000023,"Bristol, City of",30/06/1993,3562
E06000023,"Bristol, City of",30/06/1994,3566
E06000023,"Bristol, City of",30/06/1995,3569
E06000023,"Bristol, City of",30/06/1996,3549
E06000023,"Bristol, City of",30/06/1997,3549
E06000023,"Bristol, City of",30/06/1998,3551
E06000023,"Bristol, City of",30/06/1999,3566
E06000023,"Bristol, City of",30/06/2000,3561
E06000023,"Bristol, City of",30/06/2001,3557
E06000023,"Bristol, City of",30/06/2002,3554
E06000023,"Bristol, City of",30/06/2003,3570
E06000023,"Bristol, City of",30/06/2004,3609
E06000023,"Bristol, City of",30/06/2005,3697
E06000023,"Bristol, City of",30/06/2006,3725
E06000023,"Bristol, City of",30/06/2007,3756
E06000023,"Bristol, City of",30/06/2008,3783
E06000023,"Bristol, City of",30/06/2009,3821
E06000023,"Bristol, City of",30/06/2010,3858
E06000023,"Bristol, City of",30/06/2011,3904
E06000023,"Bristol, City of",30/06/2012,3951
E06000023,"Bristol, City of",30/06/2013,4003
E06000023,"Bristol, City of",30/06/2014,4047
E06000023,"Bristol, City of",30/06/2015,4120
E06000023,"Bristol, City of",30/06/2016,4191
E06000023,"Bristol, City of",30/06/2017,4223
E06000023,"Bristol, City of",30/06/2018,4259
E06000023,"Bristol, City of",30/06/2019,4285
E06000023,"Bristol, City of",30/06/2020,4303
E06000023,"Bristol, City of",30/06/2021,4298
E06000023,"Bristol, City of",30/06/2022,4374
E06000023,"Bristol, City of",30/06/2023,4435
E06000023,"Bristol, City of",30/06/2024,4509
E06000024,North Somerset,30/06/1991,479
E06000024,North Somerset,30/06/1992,481
E06000024,North Somerset,30/06/1993,484
E06000024,North Somerset,30/06/1994,485
E06000024,North Somerset,30/06/1995,487
E06000024,North Somerset,30/06/1996,490
E06000024,North Somerset,30/06/1997,492
E06000024,North Somerset,30/06/1998,497
E06000024,North Somerset,30/06/1999,500
E06000024,North Somerset,30/06/2000,502
E06000024,North Somerset,30/06/2001,505
E06000024,North Somerset,30/06/2002,508
E06000024,North Somerset,30/06/2003,512
E06000024,North Somerset,30/06/2004,516
E06000024,North Somerset,30/06/2005,521
E06000024,North Somerset,30/06/2006,527
E06000024,North Somerset,30/06/2007,534
E06000024,North Somerset,30/06/2008,537
E06000024,North Somerset,30/06/2009,540
E06000024,North Somerset,30/06/2010,543
E06000024,North Somerset,30/06/2011,543
E06000024,North Somerset,30/06/2012,547
E06000024,North Somerset,30/06/2013,552
E06000024,North Somerset,30/06/2014,558
E06000024,North Somerset,30/06/2015,563
E06000024,North Somerset,30/06/2016,569
E06000024,North Somerset,30/06/2017,572
E06000024,North Somerset,30/06/2018,573
E06000024,North Somerset,30/06/2019,577
E06000024,North Somerset,30/06/2020,577
E06000024,North Somerset,30/06/2021,582
E06000024,North Somerset,30/06/2022,586
E06000024,North Somerset,30/06/2023,594
E06000024,North Somerset,30/06/2024,601
E06000025,South Gloucestershire,30/06/1991,447
E06000025,South Gloucestershire,30/06/1992,454
E06000025,South Gloucestershire,30/06/1993,460
E06000025,South Gloucestershire,30/06/1994,464
E06000025,South Gloucestershire,30/06/1995,465
E06000025,South Gloucestershire,30/06/1996,469
E06000025,South Gloucestershire,30/06/1997,475
E06000025,South Gloucestershire,30/06/1998,480
E06000025,South Gloucestershire,30/06/1999,486
E06000025,South Gloucestershire,30/06/2000,493
E06000025,South Gloucestershire,30/06/2001,495
E06000025,South Gloucestershire,30/06/2002,498
E06000025,South Gloucestershire,30/06/2003,501
E06000025,South Gloucestershire,30/06/2004,505
E06000025,South Gloucestershire,30/06/2005,509
E06000025,South Gloucestershire,30/06/2006,514
E06000025,South Gloucestershire,30/06/2007,516
E06000025,South Gloucestershire,30/06/2008,519
E06000025,South Gloucestershire,30/06/2009,523
E06000025,South Gloucestershire,30/06/2010,526
E06000025,South Gloucestershire,30/06/2011,530
E06000025,South Gloucestershire,30/06/2012,535
E06000025,South Gloucestershire,30/06/2013,540
E06000025,South Gloucestershire,30/06/2014,543
E06000025,South Gloucestershire,30/06/2015,548
E06000025,South Gloucestershire,30/06/2016,555
E06000025,South Gloucestershire,30/06/2017,560
E06000025,South Gloucestershire,30/06/2018,567
E06000025,South Gloucestershire,30/06/2019,573
E06000025,South Gloucestershire,30/06/2020,578
E06000025,South Gloucestershire,30/06/2021,585
E06000025,South Gloucestershire,30/06/2022,594
E06000025,South Gloucestershire,30/06/2023,604
E06000025,South Gloucestershire,30/06/2024,616
E06000026,Plymouth,30/06/1991,3146
E06000026,Plymouth,30/06/1992,3172
E06000026,Plymouth,30/06/1993,3178
E06000026,Plymouth,30/06/1994,3125
E06000026,Plymouth,30/06/1995,3135
E06000026,Plymouth,30/06/1996,3103
E06000026,Plymouth,30/06/1997,3081
E06000026,Plymouth,30/06/1998,3042
E06000026,Plymouth,30/06/1999,3030
E06000026,Plymouth,30/06/2000,3027
E06000026,Plymouth,30/06/2001,3018
E06000026,Plymouth,30/06/2002,3038
E06000026,Plymouth,30/06/2003,3048
E06000026,Plymouth,30/06/2004,3056
E06000026,Plymouth,30/06/2005,3100
E06000026,Plymouth,30/06/2006,3121
E06000026,Plymouth,30/06/2007,3146
E06000026,Plymouth,30/06/2008,3162
E06000026,Plymouth,30/06/2009,3170
E06000026,Plymouth,30/06/2010,3184
E06000026,Plymouth,30/06/2011,3213
E06000026,Plymouth,30/06/2012,3230
E06000026,Plymouth,30/06/2013,3250
E06000026,Plymouth,30/06/2014,3281
E06000026,Plymouth,30/06/2015,3295
E06000026,Plymouth,30/06/2016,3312
E06000026,Plymouth,30/06/2017,3322
E06000026,Plymouth,30/06/2018,3327
E06000026,Plymouth,30/06/2019,3319
E06000026,Plymouth,30/06/2020,3317
E06000026,Plymouth,30/06/2021,3316
E06000026,Plymouth,30/06/2022,3350
E06000026,Plymouth,30/06/2023,3389
E06000026,Plymouth,30/06/2024,3407
E06000027,Torbay,30/06/1991,1940
E06000027,Torbay,30/06/1992,1933
E06000027,Torbay,30/06/1993,1933
E06000027,Torbay,30/06/1994,1967
E06000027,Torbay,30/06/1995,1987
E06000027,Torbay,30/06/1996,1984
E06000027,Torbay,30/06/1997,1981
E06000027,Torbay,30/06/1998,1987
E06000027,Torbay,30/06/1999,2009
E06000027,Torbay,30/06/2000,2043
E06000027,Torbay,30/06/2001,2067
E06000027,Torbay,30/06/2002,2076
E06000027,Torbay,30/06/2003,2087
E06000027,Torbay,30/06/2004,2098
E06000027,Torbay,30/06/2005,2102
E06000027,Torbay,30/06/2006,2097
E06000027,Torbay,30/06/2007,2102
E06000027,Torbay,30/06/2008,2101
E06000027,Torbay,30/06/2009,2094
E06000027,Torbay,30/06/2010,2091
E06000027,Torbay,30/06/2011,2087
E06000027,Torbay,30/06/2012,2096
E06000027,Torbay,30/06/2013,2114
E06000027,Torbay,30/06/2014,2135
E06000027,Torbay,30/06/2015,2148
E06000027,Torbay,30/06/2016,2166
E06000027,Torbay,30/06/2017,2184
E06000027,Torbay,30/06/2018,2196
E06000027,Torbay,30/06/2019,2207
E06000027,Torbay,30/06/2020,2206
E06000027,Torbay,30/06/2021,2218
E06000027,Torbay,30/06/2022,2218
E06000027,Torbay,30/06/2023,2223
E06000027,Torbay,30/06/2024,2229
E06000030,Swindon,30/06/1991,745
E06000030,Swindon,30/06/1992,748
E06000030,Swindon,30/06/1993,748
E06000030,Swindon,30/06/1994,747
E06000030,Swindon,30/06/1995,747
E06000030,Swindon,30/06/1996,751
E06000030,Swindon,30/06/1997,761
E06000030,Swindon,30/06/1998,773
E06000030,Swindon,30/06/1999,779
E06000030,Swindon,30/06/2000,781
E06000030,Swindon,30/06/2001,783
E06000030,Swindon,30/06/2002,792
E06000030,Swindon,30/06/2003,801
E06000030,Swindon,30/06/2004,810
E06000030,Swindon,30/06/2005,824
E06000030,Swindon,30/06/2006,836
E06000030,Swindon,30/06/2007,856
E06000030,Swindon,30/06/2008,876
E06000030,Swindon,30/06/2009,888
E06000030,Swindon,30/06/2010,899
E06000030,Swindon,30/06/2011,912
E06000030,Swindon,30/06/2012,925
E06000030,Swindon,30/06/2013,939
E06000030,Swindon,30/06/2014,952
E06000030,Swindon,30/06/2015,964
E06000030,Swindon,30/06/2016,976
E06000030,Swindon,30/06/2017,990
E06000030,Swindon,30/06/2018,1000
E06000030,Swindon,30/06/2019,1008
E06000030,Swindon,30/06/2020,1011
E06000030,Swindon,30/06/2021,1016
E06000030,Swindon,30/06/2022,1026
E06000030,Swindon,30/06/2023,1044
E06000030,Swindon,30/06/2024,1060
E06000031,Peterborough,30/06/1991,449
E06000031,Peterborough,30/06/1992,453
E06000031,Peterborough,30/06/1993,453
E06000031,Peterborough,30/06/1994,460
E06000031,Peterborough,30/06/1995,462
E06000031,Peterborough,30/06/1996,460
E06000031,Peterborough,30/06/1997,455
E06000031,Peterborough,30/06/1998,454
E06000031,Peterborough,30/06/1999,456
E06000031,Peterborough,30/06/2000,456
E06000031,Peterborough,30/06/2001,458
E06000031,Peterborough,30/06/2002,462
E06000031,Peterborough,30/06/2003,468
E06000031,Peterborough,30/06/2004,476
E06000031,Peterborough,30/06/2005,487
E06000031,Peterborough,30/06/2006,495
E06000031,Peterborough,30/06/2007,502
E06000031,Peterborough,30/06/2008,513
E06000031,Peterborough,30/06/2009,521
E06000031,Peterborough,30/06/2010,529
E06000031,Peterborough,30/06/2011,537
E06000031,Peterborough,30/06/2012,549
E06000031,Peterborough,30/06/2013,561
E06000031,Peterborough,30/06/2014,570
E06000031,Peterborough,30/06/2015,583
E06000031,Peterborough,30/06/2016,597
E06000031,Peterborough,30/06/2017,606
E06000031,Peterborough,30/06/2018,615
E06000031,Peterborough,30/06/2019,620
E06000031,Peterborough,30/06/2020,622
E06000031,Peterborough,30/06/2021,630
E06000031,Peterborough,30/06/2022,635
E06000031,Peterborough,30/06/2023,644
E06000031,Peterborough,30/06/2024,651
E06000032,Luton,30/06/1991,4006
E06000032,Luton,30/06/1992,4056
E06000032,Luton,30/06/1993,4121
E06000032,Luton,30/06/1994,4171
E06000032,Luton,30/06/1995,4184
E06000032,Luton,30/06/1996,4188
E06000032,Luton,30/06/1997,4202
E06000032,Luton,30/06/1998,4250
E06000032,Luton,30/06/1999,4267
E06000032,Luton,30/06/2000,4279
E06000032,Luton,30/06/2001,4288
E06000032,Luton,30/06/2002,4282
E06000032,Luton,30/06/2003,4268
E06000032,Luton,30/06/2004,4234
E06000032,Luton,30/06/2005,4276
E06000032,Luton,30/06/2006,4321
E06000032,Luton,30/06/2007,4377
E06000032,Luton,30/06/2008,4431
E06000032,Luton,30/06/2009,4508
E06000032,Luton,30/06/2010,4604
E06000032,Luton,30/06/2011,4697
E06000032,Luton,30/06/2012,4749
E06000032,Luton,30/06/2013,4835
E06000032,Luton,30/06/2014,4931
E06000032,Luton,30/06/2015,5020
E06000032,Luton,30/06/2016,5097
E06000032,Luton,30/06/2017,5092
E06000032,Luton,30/06/2018,5110
E06000032,Luton,30/06/2019,5146
E06000032,Luton,30/06/2020,5170
E06000032,Luton,30/06/2021,5189
E06000032,Luton,30/06/2022,5249
E06000032,Luton,30/06/2023,5389
E06000032,Luton,30/06/2024,5515
E06000033,Southend-on-Sea,30/06/1991,3868
E06000033,Southend-on-Sea,30/06/1992,3898
E06000033,Southend-on-Sea,30/06/1993,3923
E06000033,Southend-on-Sea,30/06/1994,3945
E06000033,Southend-on-Sea,30/06/1995,3934
E06000033,Southend-on-Sea,30/06/1996,3920
E06000033,Southend-on-Sea,30/06/1997,3962
E06000033,Southend-on-Sea,30/06/1998,3931
E06000033,Southend-on-Sea,30/06/1999,3909
E06000033,Southend-on-Sea,30/06/2000,3877
E06000033,Southend-on-Sea,30/06/2001,3848
E06000033,Southend-on-Sea,30/06/2002,3867
E06000033,Southend-on-Sea,30/06/2003,3874
E06000033,Southend-on-Sea,30/06/2004,3875
E06000033,Southend-on-Sea,30/06/2005,3903
E06000033,Southend-on-Sea,30/06/2006,3930
E06000033,Southend-on-Sea,30/06/2007,3970
E06000033,Southend-on-Sea,30/06/2008,4035
E06000033,Southend-on-Sea,30/06/2009,4080
E06000033,Southend-on-Sea,30/06/2010,4130
E06000033,Southend-on-Sea,30/06/2011,4182
E06000033,Southend-on-Sea,30/06/2012,4204
E06000033,Southend-on-Sea,30/06/2013,4232
E06000033,Southend-on-Sea,30/06/2014,4286
E06000033,Southend-on-Sea,30/06/2015,4300
E06000033,Southend-on-Sea,30/06/2016,4330
E06000033,Southend-on-Sea,30/06/2017,4353
E06000033,Southend-on-Sea,30/06/2018,4364
E06000033,Southend-on-Sea,30/06/2019,4370
E06000033,Southend-on-Sea,30/06/2020,4350
E06000033,Southend-on-Sea,30/06/2021,4335
E06000033,Southend-on-Sea,30/06/2022,4339
E06000033,Southend-on-Sea,30/06/2023,4386
E06000033,Southend-on-Sea,30/06/2024,4445
E06000034,Thurrock,30/06/1991,785
E06000034,Thurrock,30/06/1992,799
E06000034,Thurrock,30/06/1993,804
E06000034,Thurrock,30/06/1994,809
E06000034,Thurrock,30/06/1995,814
E06000034,Thurrock,30/06/1996,822
E06000034,Thurrock,30/06/1997,826
E06000034,Thurrock,30/06/1998,847
E06000034,Thurrock,30/06/1999,851
E06000034,Thurrock,30/06/2000,864
E06000034,Thurrock,30/06/2001,875
E06000034,Thurrock,30/06/2002,883
E06000034,Thurrock,30/06/2003,891
E06000034,Thurrock,30/06/2004,898
E06000034,Thurrock,30/06/2005,907
E06000034,Thurrock,30/06/2006,917
E06000034,Thurrock,30/06/2007,926
E06000034,Thurrock,30/06/2008,938
E06000034,Thurrock,30/06/2009,946
E06000034,Thurrock,30/06/2010,956
E06000034,Thurrock,30/06/2011,966
E06000034,Thurrock,30/06/2012,977
E06000034,Thurrock,30/06/2013,987
E06000034,Thurrock,30/06/2014,1004
E06000034,Thurrock,30/06/2015,1017
E06000034,Thurrock,30/06/2016,1031
E06000034,Thurrock,30/06/2017,1044
E06000034,Thurrock,30/06/2018,1057
E06000034,Thurrock,30/06/2019,1068
E06000034,Thurrock,30/06/2020,1073
E06000034,Thurrock,30/06/2021,1074
E06000034,Thurrock,30/06/2022,1079
E06000034,Thurrock,30/06/2023,1094
E06000034,Thurrock,30/06/2024,1105
E06000035,Medway,30/06/1991,1252
E06000035,Medway,30/06/1992,1258
E06000035,Medway,30/06/1993,1252
E06000035,Medway,30/06/1994,1252
E06000035,Medway,30/06/1995,1246
E06000035,Medway,30/06/1996,1246
E06000035,Medway,30/06/1997,1251
E06000035,Medway,30/06/1998,1266
E06000035,Medway,30/06/1999,1272
E06000035,Medway,30/06/2000,1283
E06000035,Medway,30/06/2001,1289
E06000035,Medway,30/06/2002,1292
E06000035,Medway,30/06/2003,1296
E06000035,Medway,30/06/2004,1298
E06000035,Medway,30/06/2005,1301
E06000035,Medway,30/06/2006,1308
E06000035,Medway,30/06/2007,1321
E06000035,Medway,30/06/2008,1333
E06000035,Medway,30/06/2009,1343
E06000035,Medway,30/06/2010,1356
E06000035,Medway,30/06/2011,1367
E06000035,Medway,30/06/2012,1384
E06000035,Medway,30/06/2013,1399
E06000035,Medway,30/06/2014,1414
E06000035,Medway,30/06/2015,1425
E06000035,Medway,30/06/2016,1432
E06000035,Medway,30/06/2017,1438
E06000035,Medway,30/06/2018,1439
E06000035,Medway,30/06/2019,1445
E06000035,Medway,30/06/2020,1447
E06000035,Medway,30/06/2021,1445
E06000035,Medway,30/06/2022,1460
E06000035,Medway,30/06/2023,1487
E06000035,Medway,30/06/2024,1511
E06000036,Bracknell Forest,30/06/1991,897
E06000036,Bracknell Forest,30/06/1992,909
E06000036,Bracknell Forest,30/06/1993,923
E06000036,Bracknell Forest,30/06/1994,947
E06000036,Bracknell Forest,30/06/1995,973
E06000036,Bracknell Forest,30/06/1996,993
E06000036,Bracknell Forest,30/06/1997,996
E06000036,Bracknell Forest,30/06/1998,996
E06000036,Bracknell Forest,30/06/1999,1004
E06000036,Bracknell Forest,30/06/2000,1003
E06000036,Bracknell Forest,30/06/2001,1003
E06000036,Bracknell Forest,30/06/2002,1001
E06000036,Bracknell Forest,30/06/2003,1001
E06000036,Bracknell Forest,30/06/2004,998
E06000036,Bracknell Forest,30/06/2005,1001
E06000036,Bracknell Forest,30/06/2006,1005
E06000036,Bracknell Forest,30/06/2007,1012
E06000036,Bracknell Forest,30/06/2008,1019
E06000036,Bracknell Forest,30/06/2009,1023
E06000036,Bracknell Forest,30/06/2010,1032
E06000036,Bracknell Forest,30/06/2011,1040
E06000036,Bracknell Forest,30/06/2012,1052
E06000036,Bracknell Forest,30/06/2013,1066
E06000036,Bracknell Forest,30/06/2014,1079
E06000036,Bracknell Forest,30/06/2015,1089
E06000036,Bracknell Forest,30/06/2016,1093
E06000036,Bracknell Forest,30/06/2017,1099
E06000036,Bracknell Forest,30/06/2018,1107
E06000036,Bracknell Forest,30/06/2019,1112
E06000036,Bracknell Forest,30/06/2020,1126
E06000036,Bracknell Forest,30/06/2021,1145
E06000036,Bracknell Forest,30/06/2022,1163
E06000036,Bracknell Forest,30/06/2023,1180
E06000036,Bracknell Forest,30/06/2024,1196
E06000037,West Berkshire,30/06/1991,197
E06000037,West Berkshire,30/06/1992,198
E06000037,West Berkshire,30/06/1993,199
E06000037,West Berkshire,30/06/1994,200
E06000037,West Berkshire,30/06/1995,202
E06000037,West Berkshire,30/06/1996,203
E06000037,West Berkshire,30/06/1997,204
E06000037,West Berkshire,30/06/1998,204
E06000037,West Berkshire,30/06/1999,205
E06000037,West Berkshire,30/06/2000,205
E06000037,West Berkshire,30/06/2001,205
E06000037,West Berkshire,30/06/2002,204
E06000037,West Berkshire,30/06/2003,205
E06000037,West Berkshire,30/06/2004,206
E06000037,West Berkshire,30/06/2005,208
E06000037,West Berkshire,30/06/2006,210
E06000037,West Berkshire,30/06/2007,213
E06000037,West Berkshire,30/06/2008,216
E06000037,West Berkshire,30/06/2009,217
E06000037,West Berkshire,30/06/2010,219
E06000037,West Berkshire,30/06/2011,219
E06000037,West Berkshire,30/06/2012,220
E06000037,West Berkshire,30/06/2013,223
E06000037,West Berkshire,30/06/2014,224
E06000037,West Berkshire,30/06/2015,226
E06000037,West Berkshire,30/06/2016,228
E06000037,West Berkshire,30/06/2017,228
E06000037,West Berkshire,30/06/2018,229
E06000037,West Berkshire,30/06/2019,228
E06000037,West Berkshire,30/06/2020,229
E06000037,West Berkshire,30/06/2021,230
E06000037,West Berkshire,30/06/2022,231
E06000037,West Berkshire,30/06/2023,233
E06000037,West Berkshire,30/06/2024,234
E06000038,Reading,30/06/1991,3338
E06000038,Reading,30/06/1992,3351
E06000038,Reading,30/06/1993,3354
E06000038,Reading,30/06/1994,3362
E06000038,Reading,30/06/1995,3427
E06000038,Reading,30/06/1996,3453
E06000038,Reading,30/06/1997,3520
E06000038,Reading,30/06/1998,3568
E06000038,Reading,30/06/1999,3553
E06000038,Reading,30/06/2000,3563
E06000038,Reading,30/06/2001,3582
E06000038,Reading,30/06/2002,3563
E06000038,Reading,30/06/2003,3567
E06000038,Reading,30/06/2004,3580
E06000038,Reading,30/06/2005,3638
E06000038,Reading,30/06/2006,3672
E06000038,Reading,30/06/2007,3705
E06000038,Reading,30/06/2008,3750
E06000038,Reading,30/06/2009,3771
E06000038,Reading,30/06/2010,3820
E06000038,Reading,30/06/2011,3846
E06000038,Reading,30/06/2012,3938
E06000038,Reading,30/06/2013,4037
E06000038,Reading,30/06/2014,4117
E06000038,Reading,30/06/2015,4189
E06000038,Reading,30/06/2016,4252
E06000038,Reading,30/06/2017,4284
E06000038,Reading,30/06/2018,4320
E06000038,Reading,30/06/2019,4315
E06000038,Reading,30/06/2020,4305
E06000038,Reading,30/06/2021,4292
E06000038,Reading,30/06/2022,4362
E06000038,Reading,30/06/2023,4453
E06000038,Reading,30/06/2024,4528
E06000039,Slough,30/06/1991,3238
E06000039,Slough,30/06/1992,3286
E06000039,Slough,30/06/1993,3343
E06000039,Slough,30/06/1994,3411
E06000039,Slough,30/06/1995,3470
E06000039,Slough,30/06/1996,3530
E06000039,Slough,30/06/1997,3580
E06000039,Slough,30/06/1998,3625
E06000039,Slough,30/06/1999,3641
E06000039,Slough,30/06/2000,3678
E06000039,Slough,30/06/2001,3705
E06000039,Slough,30/06/2002,3716
E06000039,Slough,30/06/2003,3714
E06000039,Slough,30/06/2004,3713
E06000039,Slough,30/06/2005,3776
E06000039,Slough,30/06/2006,3847
E06000039,Slough,30/06/2007,3933
E06000039,Slough,30/06/2008,4039
E06000039,Slough,30/06/2009,4141
E06000039,Slough,30/06/2010,4235
E06000039,Slough,30/06/2011,4324
E06000039,Slough,30/06/2012,4397
E06000039,Slough,30/06/2013,4452
E06000039,Slough,30/06/2014,4527
E06000039,Slough,30/06/2015,4613
E06000039,Slough,30/06/2016,4688
E06000039,Slough,30/06/2017,4750
E06000039,Slough,30/06/2018,4791
E06000039,Slough,30/06/2019,4844
E06000039,Slough,30/06/2020,4864
E06000039,Slough,30/06/2021,4869
E06000039,Slough,30/06/2022,4908
E06000039,Slough,30/06/2023,5038
E06000039,Slough,30/06/2024,5143
E06000040,Windsor and Maidenhead,30/06/1991,680
E06000040,Windsor and Maidenhead,30/06/1992,681
E06000040,Windsor and Maidenhead,30/06/1993,682
E06000040,Windsor and Maidenhead,30/06/1994,683
E06000040,Windsor and Maidenhead,30/06/1995,689
E06000040,Windsor and Maidenhead,30/06/1996,692
E06000040,Windsor and Maidenhead,30/06/1997,687
E06000040,Windsor and Maidenhead,30/06/1998,677
E06000040,Windsor and Maidenhead,30/06/1999,676
E06000040,Windsor and Maidenhead,30/06/2000,680
E06000040,Windsor and Maidenhead,30/06/2001,680
E06000040,Windsor and Maidenhead,30/06/2002,680
E06000040,Windsor and Maidenhead,30/06/2003,683
E06000040,Windsor and Maidenhead,30/06/2004,687
E06000040,Windsor and Maidenhead,30/06/2005,694
E06000040,Windsor and Maidenhead,30/06/2006,702
E06000040,Windsor and Maidenhead,30/06/2007,711
E06000040,Windsor and Maidenhead,30/06/2008,719
E06000040,Windsor and Maidenhead,30/06/2009,725
E06000040,Windsor and Maidenhead,30/06/2010,733
E06000040,Windsor and Maidenhead,30/06/2011,738
E06000040,Windsor and Maidenhead,30/06/2012,746
E06000040,Windsor and Maidenhead,30/06/2013,751
E06000040,Windsor and Maidenhead,30/06/2014,758
E06000040,Windsor and Maidenhead,30/06/2015,764
E06000040,Windsor and Maidenhead,30/06/2016,774
E06000040,Windsor and Maidenhead,30/06/2017,777
E06000040,Windsor and Maidenhead,30/06/2018,781
E06000040,Windsor and Maidenhead,30/06/2019,783
E06000040,Windsor and Maidenhead,30/06/2020,784
E06000040,Windsor and Maidenhead,30/06/2021,783
E06000040,Windsor and Maidenhead,30/06/2022,789
E06000040,Windsor and Maidenhead,30/06/2023,800
E06000040,Windsor and Maidenhead,30/06/2024,809
E06000041,Wokingham,30/06/1991,789
E06000041,Wokingham,30/06/1992,795
E06000041,Wokingham,30/06/1993,800
E06000041,Wokingham,30/06/1994,797
E06000041,Wokingham,30/06/1995,802
E06000041,Wokingham,30/06/1996,807
E06000041,Wokingham,30/06/1997,819
E06000041,Wokingham,30/06/1998,827
E06000041,Wokingham,30/06/1999,826
E06000041,Wokingham,30/06/2000,835
E06000041,Wokingham,30/06/2001,840
E06000041,Wokingham,30/06/2002,835
E06000041,Wokingham,30/06/2003,831
E06000041,Wokingham,30/06/2004,833
E06000041,Wokingham,30/06/2005,836
E06000041,Wokingham,30/06/2006,841
E06000041,Wokingham,30/06/2007,850
E06000041,Wokingham,30/06/2008,856
E06000041,Wokingham,30/06/2009,861
E06000041,Wokingham,30/06/2010,864
E06000041,Wokingham,30/06/2011,866
E06000041,Wokingham,30/06/2012,877
E06000041,Wokingham,30/06/2013,885
E06000041,Wokingham,30/06/2014,892
E06000041,Wokingham,30/06/2015,904
E06000041,Wokingham,30/06/2016,915
E06000041,Wokingham,30/06/2017,926
E06000041,Wokingham,30/06/2018,943
E06000041,Wokingham,30/06/2019,960
E06000041,Wokingham,30/06/2020,976
E06000041,Wokingham,30/06/2021,996
E06000041,Wokingham,30/06/2022,1013
E06000041,Wokingham,30/06/2023,1031
E06000041,Wokingham,30/06/2024,1046
E06000042,Milton Keynes,30/06/1991,578
E06000042,Milton Keynes,30/06/1992,584
E06000042,Milton Keynes,30/06/1993,596
E06000042,Milton Keynes,30/06/1994,609
E06000042,Milton Keynes,30/06/1995,623
E06000042,Milton Keynes,30/06/1996,637
E06000042,Milton Keynes,30/06/1997,647
E06000042,Milton Keynes,30/06/1998,657
E06000042,Milton Keynes,30/06/1999,670
E06000042,Milton Keynes,30/06/2000,680
E06000042,Milton Keynes,30/06/2001,689
E06000042,Milton Keynes,30/06/2002,697
E06000042,Milton Keynes,30/06/2003,705
E06000042,Milton Keynes,30/06/2004,711
E06000042,Milton Keynes,30/06/2005,724
E06000042,Milton Keynes,30/06/2006,736
E06000042,Milton Keynes,30/06/2007,749
E06000042,Milton Keynes,30/06/2008,763
E06000042,Milton Keynes,30/06/2009,778
E06000042,Milton Keynes,30/06/2010,795
E06000042,Milton Keynes,30/06/2011,810
E06000042,Milton Keynes,30/06/2012,823
E06000042,Milton Keynes,30/06/2013,841
E06000042,Milton Keynes,30/06/2014,858
E06000042,Milton Keynes,30/06/2015,874
E06000042,Milton Keynes,30/06/2016,888
E06000042,Milton Keynes,30/06/2017,896
E06000042,Milton Keynes,30/06/2018,904
E06000042,Milton Keynes,30/06/2019,912
E06000042,Milton Keynes,30/06/2020,919
E06000042,Milton Keynes,30/06/2021,934
E06000042,Milton Keynes,30/06/2022,948
E06000042,Milton Keynes,30/06/2023,973
E06000042,Milton Keynes,30/06/2024,991
E06000043,Brighton and Hove,30/06/1991,2904
E06000043,Brighton and Hove,30/06/1992,2909
E06000043,Brighton and Hove,30/06/1993,2906
E06000043,Brighton and Hove,30/06/1994,2908
E06000043,Brighton and Hove,30/06/1995,2921
E06000043,Brighton and Hove,30/06/1996,2928
E06000043,Brighton and Hove,30/06/1997,2955
E06000043,Brighton and Hove,30/06/1998,2980
E06000043,Brighton and Hove,30/06/1999,2994
E06000043,Brighton and Hove,30/06/2000,3004
E06000043,Brighton and Hove,30/06/2001,3018
E06000043,Brighton and Hove,30/06/2002,3015
E06000043,Brighton and Hove,30/06/2003,3017
E06000043,Brighton and Hove,30/06/2004,3017
E06000043,Brighton and Hove,30/06/2005,3053
E06000043,Brighton and Hove,30/06/2006,3086
E06000043,Brighton and Hove,30/06/2007,3117
E06000043,Brighton and Hove,30/06/2008,3164
E06000043,Brighton and Hove,30/06/2009,3207
E06000043,Brighton and Hove,30/06/2010,3254
E06000043,Brighton and Hove,30/06/2011,3296
E06000043,Brighton and Hove,30/06/2012,3309
E06000043,Brighton and Hove,30/06/2013,3326
E06000043,Brighton and Hove,30/06/2014,3332
E06000043,Brighton and Hove,30/06/2015,3349
E06000043,Brighton and Hove,30/06/2016,3378
E06000043,Brighton and Hove,30/06/2017,3375
E06000043,Brighton and Hove,30/06/2018,3396
E06000043,Brighton and Hove,30/06/2019,3380
E06000043,Brighton and Hove,30/06/2020,3363
E06000043,Brighton and Hove,30/06/2021,3338
E06000043,Brighton and Hove,30/06/2022,3357
E06000043,Brighton and Hove,30/06/2023,3394
E06000043,Brighton and Hove,30/06/2024,3427
E06000044,Portsmouth,30/06/1991,4624
E06000044,Portsmouth,30/06/1992,4645
E06000044,Portsmouth,30/06/1993,4640
E06000044,Portsmouth,30/06/1994,4653
E06000044,Portsmouth,30/06/1995,4678
E06000044,Portsmouth,30/06/1996,4692
E06000044,Portsmouth,30/06/1997,4690
E06000044,Portsmouth,30/06/1998,4683
E06000044,Portsmouth,30/06/1999,4649
E06000044,Portsmouth,30/06/2000,4651
E06000044,Portsmouth,30/06/2001,4656
E06000044,Portsmouth,30/06/2002,4667
E06000044,Portsmouth,30/06/2003,4712
E06000044,Portsmouth,30/06/2004,4791
E06000044,Portsmouth,30/06/2005,4861
E06000044,Portsmouth,30/06/2006,4852
E06000044,Portsmouth,30/06/2007,4826
E06000044,Portsmouth,30/06/2008,4854
E06000044,Portsmouth,30/06/2009,4927
E06000044,Portsmouth,30/06/2010,5019
E06000044,Portsmouth,30/06/2011,5087
E06000044,Portsmouth,30/06/2012,5094
E06000044,Portsmouth,30/06/2013,5098
E06000044,Portsmouth,30/06/2014,5106
E06000044,Portsmouth,30/06/2015,5147
E06000044,Portsmouth,30/06/2016,5199
E06000044,Portsmouth,30/06/2017,5224
E06000044,Portsmouth,30/06/2018,5230
E06000044,Portsmouth,30/06/2019,5210
E06000044,Portsmouth,30/06/2020,5179
E06000044,Portsmouth,30/06/2021,5128
E06000044,Portsmouth,30/06/2022,5190
E06000044,Portsmouth,30/06/2023,5298
E06000044,Portsmouth,30/06/2024,5307
E06000045,Southampton,30/06/1991,4105
E06000045,Southampton,30/06/1992,4119
E06000045,Southampton,30/06/1993,4140
E06000045,Southampton,30/06/1994,4193
E06000045,Southampton,30/06/1995,4234
E06000045,Southampton,30/06/1996,4269
E06000045,Southampton,30/06/1997,4284
E06000045,Southampton,30/06/1998,4321
E06000045,Southampton,30/06/1999,4332
E06000045,Southampton,30/06/2000,4356
E06000045,Southampton,30/06/2001,4401
E06000045,Southampton,30/06/2002,4420
E06000045,Southampton,30/06/2003,4451
E06000045,Southampton,30/06/2004,4483
E06000045,Southampton,30/06/2005,4544
E06000045,Southampton,30/06/2006,4545
E06000045,Southampton,30/06/2007,4556
E06000045,Southampton,30/06/2008,4580
E06000045,Southampton,30/06/2009,4612
E06000045,Southampton,30/06/2010,4673
E06000045,Southampton,30/06/2011,4729
E06000045,Southampton,30/06/2012,4774
E06000045,Southampton,30/06/2013,4801
E06000045,Southampton,30/06/2014,4836
E06000045,Southampton,30/06/2015,4905
E06000045,Southampton,30/06/2016,4985
E06000045,Southampton,30/06/2017,5022
E06000045,Southampton,30/06/2018,5028
E06000045,Southampton,30/06/2019,5001
E06000045,Southampton,30/06/2020,4986
E06000045,Southampton,30/06/2021,4966
E06000045,Southampton,30/06/2022,5056
E06000045,Southampton,30/06/2023,5160
E06000045,Southampton,30/06/2024,5201
E06000046,Isle of Wight,30/06/1991,332
E06000046,Isle of Wight,30/06/1992,331
E06000046,Isle of Wight,30/06/1993,330
E06000046,Isle of Wight,30/06/1994,330
E06000046,Isle of Wight,30/06/1995,332
E06000046,Isle of Wight,30/06/1996,334
E06000046,Isle of Wight,30/06/1997,335
E06000046,Isle of Wight,30/06/1998,339
E06000046,Isle of Wight,30/06/1999,342
E06000046,Isle of Wight,30/06/2000,346
E06000046,Isle of Wight,30/06/2001,350
E06000046,Isle of Wight,30/06/2002,353
E06000046,Isle of Wight,30/06/2003,355
E06000046,Isle of Wight,30/06/2004,358
E06000046,Isle of Wight,30/06/2005,361
E06000046,Isle of Wight,30/06/2006,363
E06000046,Isle of Wight,30/06/2007,364
E06000046,Isle of Wight,30/06/2008,365
E06000046,Isle of Wight,30/06/2009,364
E06000046,Isle of Wight,30/06/2010,365
E06000046,Isle of Wight,30/06/2011,365
E06000046,Isle of Wight,30/06/2012,365
E06000046,Isle of Wight,30/06/2013,364
E06000046,Isle of Wight,30/06/2014,366
E06000046,Isle of Wight,30/06/2015,367
E06000046,Isle of Wight,30/06/2016,368
E06000046,Isle of Wight,30/06/2017,372
E06000046,Isle of Wight,30/06/2018,373
E06000046,Isle of Wight,30/06/2019,373
E06000046,Isle of Wight,30/06/2020,371
E06000046,Isle of Wight,30/06/2021,371
E06000046,Isle of Wight,30/06/2022,371
E06000046,Isle of Wight,30/06/2023,372
E06000046,Isle of Wight,30/06/2024,373
E06000047,County Durham,30/06/1991,225
E06000047,County Durham,30/06/1992,225
E06000047,County Durham,30/06/1993,225
E06000047,County Durham,30/06/1994,225
E06000047,County Durham,30/06/1995,225
E06000047,County Durham,30/06/1996,224
E06000047,County Durham,30/06/1997,224
E06000047,County Durham,30/06/1998,223
E06000047,County Durham,30/06/1999,223
E06000047,County Durham,30/06/2000,223
E06000047,County Durham,30/06/2001,222
E06000047,County Durham,30/06/2002,222
E06000047,County Durham,30/06/2003,222
E06000047,County Durham,30/06/2004,223
E06000047,County Durham,30/06/2005,223
E06000047,County Durham,30/06/2006,224
E06000047,County Durham,30/06/2007,226
E06000047,County Durham,30/06/2008,227
E06000047,County Durham,30/06/2009,228
E06000047,County Durham,30/06/2010,229
E06000047,County Durham,30/06/2011,231
E06000047,County Durham,30/06/2012,231
E06000047,County Durham,30/06/2013,231
E06000047,County Durham,30/06/2014,231
E06000047,County Durham,30/06/2015,231
E06000047,County Durham,30/06/2016,231
E06000047,County Durham,30/06/2017,232
E06000047,County Durham,30/06/2018,232
E06000047,County Durham,30/06/2019,233
E06000047,County Durham,30/06/2020,233
E06000047,County Durham,30/06/2021,234
E06000047,County Durham,30/06/2022,237
E06000047,County Durham,30/06/2023,240
E06000047,County Durham,30/06/2024,242
E06000049,Cheshire East,30/06/1991,292
E06000049,Cheshire East,30/06/1992,293
E06000049,Cheshire East,30/06/1993,295
E06000049,Cheshire East,30/06/1994,297
E06000049,Cheshire East,30/06/1995,299
E06000049,Cheshire East,30/06/1996,300
E06000049,Cheshire East,30/06/1997,301
E06000049,Cheshire East,30/06/1998,302
E06000049,Cheshire East,30/06/1999,301
E06000049,Cheshire East,30/06/2000,301
E06000049,Cheshire East,30/06/2001,302
E06000049,Cheshire East,30/06/2002,303
E06000049,Cheshire East,30/06/2003,305
E06000049,Cheshire East,30/06/2004,306
E06000049,Cheshire East,30/06/2005,309
E06000049,Cheshire East,30/06/2006,310
E06000049,Cheshire East,30/06/2007,313
E06000049,Cheshire East,30/06/2008,315
E06000049,Cheshire East,30/06/2009,316
E06000049,Cheshire East,30/06/2010,316
E06000049,Cheshire East,30/06/2011,318
E06000049,Cheshire East,30/06/2012,319
E06000049,Cheshire East,30/06/2013,321
E06000049,Cheshire East,30/06/2014,323
E06000049,Cheshire East,30/06/2015,325
E06000049,Cheshire East,30/06/2016,327
E06000049,Cheshire East,30/06/2017,329
E06000049,Cheshire East,30/06/2018,332
E06000049,Cheshire East,30/06/2019,335
E06000049,Cheshire East,30/06/2020,337
E06000049,Cheshire East,30/06/2021,343
E06000049,Cheshire East,30/06/2022,349
E06000049,Cheshire East,30/06/2023,356
E06000049,Cheshire East,30/06/2024,361
E06000050,Cheshire West and Chester,30/06/1991,340
E06000050,Cheshire West and Chester,30/06/1992,342
E06000050,Cheshire West and Chester,30/06/1993,345
E06000050,Cheshire West and Chester,30/06/1994,345
E06000050,Cheshire West and Chester,30/06/1995,345
E06000050,Cheshire West and Chester,30/06/1996,345
E06000050,Cheshire West and Chester,30/06/1997,347
E06000050,Cheshire West and Chester,30/06/1998,348
E06000050,Cheshire West and Chester,30/06/1999,347
E06000050,Cheshire West and Chester,30/06/2000,349
E06000050,Cheshire West and Chester,30/06/2001,350
E06000050,Cheshire West and Chester,30/06/2002,351
E06000050,Cheshire West and Chester,30/06/2003,353
E06000050,Cheshire West and Chester,30/06/2004,354
E06000050,Cheshire West and Chester,30/06/2005,356
E06000050,Cheshire West and Chester,30/06/2006,357
E06000050,Cheshire West and Chester,30/06/2007,358
E06000050,Cheshire West and Chester,30/06/2008,358
E06000050,Cheshire West and Chester,30/06/2009,358
E06000050,Cheshire West and Chester,30/06/2010,358
E06000050,Cheshire West and Chester,30/06/2011,358
E06000050,Cheshire West and Chester,30/06/2012,360
E06000050,Cheshire West and Chester,30/06/2013,362
E06000050,Cheshire West and Chester,30/06/2014,366
E06000050,Cheshire West and Chester,30/06/2015,369
E06000050,Cheshire West and Chester,30/06/2016,372
E06000050,Cheshire West and Chester,30/06/2017,376
E06000050,Cheshire West and Chester,30/06/2018,381
E06000050,Cheshire West and Chester,30/06/2019,384
E06000050,Cheshire West and Chester,30/06/2020,386
E06000050,Cheshire West and Chester,30/06/2021,389
E06000050,Cheshire West and Chester,30/06/2022,394
E06000050,Cheshire West and Chester,30/06/2023,399
E06000050,Cheshire West and Chester,30/06/2024,404
E06000051,Shropshire,30/06/1991,84
E06000051,Shropshire,30/06/1992,84
E06000051,Shropshire,30/06/1993,84
E06000051,Shropshire,30/06/1994,85
E06000051,Shropshire,30/06/1995,86
E06000051,Shropshire,30/06/1996,86
E06000051,Shropshire,30/06/1997,86
E06000051,Shropshire,30/06/1998,87
E06000051,Shropshire,30/06/1999,87
E06000051,Shropshire,30/06/2000,88
E06000051,Shropshire,30/06/2001,89
E06000051,Shropshire,30/06/2002,89
E06000051,Shropshire,30/06/2003,90
E06000051,Shropshire,30/06/2004,90
E06000051,Shropshire,30/06/2005,91
E06000051,Shropshire,30/06/2006,92
E06000051,Shropshire,30/06/2007,93
E06000051,Shropshire,30/06/2008,94
E06000051,Shropshire,30/06/2009,94
E06000051,Shropshire,30/06/2010,95
E06000051,Shropshire,30/06/2011,96
E06000051,Shropshire,30/06/2012,96
E06000051,Shropshire,30/06/2013,96
E06000051,Shropshire,30/06/2014,97
E06000051,Shropshire,30/06/2015,97
E06000051,Shropshire,30/06/2016,98
E06000051,Shropshire,30/06/2017,99
E06000051,Shropshire,30/06/2018,99
E06000051,Shropshire,30/06/2019,100
E06000051,Shropshire,30/06/2020,100
E06000051,Shropshire,30/06/2021,102
E06000051,Shropshire,30/06/2022,102
E06000051,Shropshire,30/06/2023,103
E06000051,Shropshire,30/06/2024,104
E06000052,Cornwall,30/06/1991,132
E06000052,Cornwall,30/06/1992,133
E06000052,Cornwall,30/06/1993,133
E06000052,Cornwall,30/06/1994,134
E06000052,Cornwall,30/06/1995,135
E06000052,Cornwall,30/06/1996,135
E06000052,Cornwall,30/06/1997,136
E06000052,Cornwall,30/06/1998,137
E06000052,Cornwall,30/06/1999,138
E06000052,Cornwall,30/06/2000,140
E06000052,Cornwall,30/06/2001,141
E06000052,Cornwall,30/06/2002,142
E06000052,Cornwall,30/06/2003,143
E06000052,Cornwall,30/06/2004,144
E06000052,Cornwall,30/06/2005,145
E06000052,Cornwall,30/06/2006,146
E06000052,Cornwall,30/06/2007,147
E06000052,Cornwall,30/06/2008,148
E06000052,Cornwall,30/06/2009,148
E06000052,Cornwall,30/06/2010,149
E06000052,Cornwall,30/06/2011,151
E06000052,Cornwall,30/06/2012,152
E06000052,Cornwall,30/06/2013,152
E06000052,Cornwall,30/06/2014,153
E06000052,Cornwall,30/06/2015,154
E06000052,Cornwall,30/06/2016,155
E06000052,Cornwall,30/06/2017,157
E06000052,Cornwall,30/06/2018,158
E06000052,Cornwall,30/06/2019,159
E06000052,Cornwall,30/06/2020,159
E06000052,Cornwall,30/06/2021,161
E06000052,Cornwall,30/06/2022,162
E06000052,Cornwall,30/06/2023,163
E06000052,Cornwall,30/06/2024,165
E06000053,Isles of Scilly,30/06/1991,123
E06000053,Isles of Scilly,30/06/1992,122
E06000053,Isles of Scilly,30/06/1993,124
E06000053,Isles of Scilly,30/06/1994,121
E06000053,Isles of Scilly,30/06/1995,118
E06000053,Isles of Scilly,30/06/1996,114
E06000053,Isles of Scilly,30/06/1997,117
E06000053,Isles of Scilly,30/06/1998,119
E06000053,Isles of Scilly,30/06/1999,124
E06000053,Isles of Scilly,30/06/2000,129
E06000053,Isles of Scilly,30/06/2001,131
E06000053,Isles of Scilly,30/06/2002,133
E06000053,Isles of Scilly,30/06/2003,132
E06000053,Isles of Scilly,30/06/2004,135
E06000053,Isles of Scilly,30/06/2005,135
E06000053,Isles of Scilly,30/06/2006,139
E06000053,Isles of Scilly,30/06/2007,141
E06000053,Isles of Scilly,30/06/2008,143
E06000053,Isles of Scilly,30/06/2009,138
E06000053,Isles of Scilly,30/06/2010,137
E06000053,Isles of Scilly,30/06/2011,136
E06000053,Isles of Scilly,30/06/2012,138
E06000053,Isles of Scilly,30/06/2013,136
E06000053,Isles of Scilly,30/06/2014,134
E06000053,Isles of Scilly,30/06/2015,137
E06000053,Isles of Scilly,30/06/2016,137
E06000053,Isles of Scilly,30/06/2017,133
E06000053,Isles of Scilly,30/06/2018,133
E06000053,Isles of Scilly,30/06/2019,129
E06000053,Isles of Scilly,30/06/2020,124
E06000053,Isles of Scilly,30/06/2021,139
E06000053,Isles of Scilly,30/06/2022,143
E06000053,Isles of Scilly,30/06/2023,149
E06000053,Isles of Scilly,30/06/2024,145
E06000054,Wiltshire,30/06/1991,122
E06000054,Wiltshire,30/06/1992,124
E06000054,Wiltshire,30/06/1993,125
E06000054,Wiltshire,30/06/1994,126
E06000054,Wiltshire,30/06/1995,127
E06000054,Wiltshire,30/06/1996,128
E06000054,Wiltshire,30/06/1997,129
E06000054,Wiltshire,30/06/1998,130
E06000054,Wiltshire,30/06/1999,131
E06000054,Wiltshire,30/06/2000,132
E06000054,Wiltshire,30/06/2001,133
E06000054,Wiltshire,30/06/2002,135
E06000054,Wiltshire,30/06/2003,136
E06000054,Wiltshire,30/06/2004,137
E06000054,Wiltshire,30/06/2005,138
E06000054,Wiltshire,30/06/2006,139
E06000054,Wiltshire,30/06/2007,141
E06000054,Wiltshire,30/06/2008,143
E06000054,Wiltshire,30/06/2009,143
E06000054,Wiltshire,30/06/2010,144
E06000054,Wiltshire,30/06/2011,146
E06000054,Wiltshire,30/06/2012,146
E06000054,Wiltshire,30/06/2013,147
E06000054,Wiltshire,30/06/2014,149
E06000054,Wiltshire,30/06/2015,150
E06000054,Wiltshire,30/06/2016,151
E06000054,Wiltshire,30/06/2017,153
E06000054,Wiltshire,30/06/2018,153
E06000054,Wiltshire,30/06/2019,155
E06000054,Wiltshire,30/06/2020,156
E06000054,Wiltshire,30/06/2021,158
E06000054,Wiltshire,30/06/2022,159
E06000054,Wiltshire,30/06/2023,160
E06000054,Wiltshire,30/06/2024,161
E06000055,Bedford,30/06/1991,284
E06000055,Bedford,30/06/1992,287
E06000055,Bedford,30/06/1993,288
E06000055,Bedford,30/06/1994,288
E06000055,Bedford,30/06/1995,288
E06000055,Bedford,30/06/1996,290
E06000055,Bedford,30/06/1997,294
E06000055,Bedford,30/06/1998,297
E06000055,Bedford,30/06/1999,302
E06000055,Bedford,30/06/2000,307
E06000055,Bedford,30/06/2001,311
E06000055,Bedford,30/06/2002,314
E06000055,Bedford,30/06/2003,316
E06000055,Bedford,30/06/2004,318
E06000055,Bedford,30/06/2005,319
E06000055,Bedford,30/06/2006,320
E06000055,Bedford,30/06/2007,321
E06000055,Bedford,30/06/2008,324
E06000055,Bedford,30/06/2009,325
E06000055,Bedford,30/06/2010,329
E06000055,Bedford,30/06/2011,331
E06000055,Bedford,30/06/2012,337
E06000055,Bedford,30/06/2013,344
E06000055,Bedford,30/06/2014,350
E06000055,Bedford,30/06/2015,357
E06000055,Bedford,30/06/2016,365
E06000055,Bedford,30/06/2017,368
E06000055,Bedford,30/06/2018,374
E06000055,Bedford,30/06/2019,379
E06000055,Bedford,30/06/2020,383
E06000055,Bedford,30/06/2021,390
E06000055,Bedford,30/06/2022,394
E06000055,Bedford,30/06/2023,402
E06000055,Bedford,30/06/2024,409
E06000056,Central Bedfordshire,30/06/1991,308
E06000056,Central Bedfordshire,30/06/1992,309
E06000056,Central Bedfordshire,30/06/1993,309
E06000056,Central Bedfordshire,30/06/1994,311
E06000056,Central Bedfordshire,30/06/1995,313
E06000056,Central Bedfordshire,30/06/1996,315
E06000056,Central Bedfordshire,30/06/1997,317
E06000056,Central Bedfordshire,30/06/1998,318
E06000056,Central Bedfordshire,30/06/1999,322
E06000056,Central Bedfordshire,30/06/2000,324
E06000056,Central Bedfordshire,30/06/2001,327
E06000056,Central Bedfordshire,30/06/2002,330
E06000056,Central Bedfordshire,30/06/2003,333
E06000056,Central Bedfordshire,30/06/2004,336
E06000056,Central Bedfordshire,30/06/2005,338
E06000056,Central Bedfordshire,30/06/2006,341
E06000056,Central Bedfordshire,30/06/2007,345
E06000056,Central Bedfordshire,30/06/2008,348
E06000056,Central Bedfordshire,30/06/2009,350
E06000056,Central Bedfordshire,30/06/2010,353
E06000056,Central Bedfordshire,30/06/2011,357
E06000056,Central Bedfordshire,30/06/2012,363
E06000056,Central Bedfordshire,30/06/2013,368
E06000056,Central Bedfordshire,30/06/2014,373
E06000056,Central Bedfordshire,30/06/2015,379
E06000056,Central Bedfordshire,30/06/2016,384
E06000056,Central Bedfordshire,30/06/2017,388
E06000056,Central Bedfordshire,30/06/2018,392
E06000056,Central Bedfordshire,30/06/2019,398
E06000056,Central Bedfordshire,30/06/2020,404
E06000056,Central Bedfordshire,30/06/2021,413
E06000056,Central Bedfordshire,30/06/2022,422
E06000056,Central Bedfordshire,30/06/2023,432
E06000056,Central Bedfordshire,30/06/2024,441
E06000057,Northumberland,30/06/1991,61
E06000057,Northumberland,30/06/1992,61
E06000057,Northumberland,30/06/1993,61
E06000057,Northumberland,30/06/1994,61
E06000057,Northumberland,30/06/1995,61
E06000057,Northumberland,30/06/1996,61
E06000057,Northumberland,30/06/1997,61
E06000057,Northumberland,30/06/1998,61
E06000057,Northumberland,30/06/1999,61
E06000057,Northumberland,30/06/2000,61
E06000057,Northumberland,30/06/2001,61
E06000057,Northumberland,30/06/2002,61
E06000057,Northumberland,30/06/2003,62
E06000057,Northumberland,30/06/2004,62
E06000057,Northumberland,30/06/2005,62
E06000057,Northumberland,30/06/2006,62
E06000057,Northumberland,30/06/2007,62
E06000057,Northumberland,30/06/2008,63
E06000057,Northumberland,30/06/2009,63
E06000057,Northumberland,30/06/2010,63
E06000057,Northumberland,30/06/2011,63
E06000057,Northumberland,30/06/2012,63
E06000057,Northumberland,30/06/2013,63
E06000057,Northumberland,30/06/2014,63
E06000057,Northumberland,30/06/2015,63
E06000057,Northumberland,30/06/2016,63
E06000057,Northumberland,30/06/2017,63
E06000057,Northumberland,30/06/2018,63
E06000057,Northumberland,30/06/2019,63
E06000057,Northumberland,30/06/2020,63
E06000057,Northumberland,30/06/2021,64
E06000057,Northumberland,30/06/2022,65
E06000057,Northumberland,30/06/2023,65
E06000057,Northumberland,30/06/2024,66
E06000058,"Bournemouth, Christchurch and Poole",30/06/1991,2053
E06000058,"Bournemouth, Christchurch and Poole",30/06/1992,2064
E06000058,"Bournemouth, Christchurch and Poole",30/06/1993,2074
E06000058,"Bournemouth, Christchurch and Poole",30/06/1994,2084
E06000058,"Bournemouth, Christchurch and Poole",30/06/1995,2095
E06000058,"Bournemouth, Christchurch and Poole",30/06/1996,2097
E06000058,"Bournemouth, Christchurch and Poole",30/06/1997,2116
E06000058,"Bournemouth, Christchurch and Poole",30/06/1998,2125
E06000058,"Bournemouth, Christchurch and Poole",30/06/1999,2125
E06000058,"Bournemouth, Christchurch and Poole",30/06/2000,2133
E06000058,"Bournemouth, Christchurch and Poole",30/06/2001,2140
E06000058,"Bournemouth, Christchurch and Poole",30/06/2002,2151
E06000058,"Bournemouth, Christchurch and Poole",30/06/2003,2150
E06000058,"Bournemouth, Christchurch and Poole",30/06/2004,2150
E06000058,"Bournemouth, Christchurch and Poole",30/06/2005,2169
E06000058,"Bournemouth, Christchurch and Poole",30/06/2006,2183
E06000058,"Bournemouth, Christchurch and Poole",30/06/2007,2218
E06000058,"Bournemouth, Christchurch and Poole",30/06/2008,2241
E06000058,"Bournemouth, Christchurch and Poole",30/06/2009,2264
E06000058,"Bournemouth, Christchurch and Poole",30/06/2010,2306
E06000058,"Bournemouth, Christchurch and Poole",30/06/2011,2341
E06000058,"Bournemouth, Christchurch and Poole",30/06/2012,2360
E06000058,"Bournemouth, Christchurch and Poole",30/06/2013,2378
E06000058,"Bournemouth, Christchurch and Poole",30/06/2014,2404
E06000058,"Bournemouth, Christchurch and Poole",30/06/2015,2422
E06000058,"Bournemouth, Christchurch and Poole",30/06/2016,2450
E06000058,"Bournemouth, Christchurch and Poole",30/06/2017,2464
E06000058,"Bournemouth, Christchurch and Poole",30/06/2018,2468
E06000058,"Bournemouth, Christchurch and Poole",30/06/2019,2469
E06000058,"Bournemouth, Christchurch and Poole",30/06/2020,2465
E06000058,"Bournemouth, Christchurch and Poole",30/06/2021,2469
E06000058,"Bournemouth, Christchurch and Poole",30/06/2022,2485
E06000058,"Bournemouth, Christchurch and Poole",30/06/2023,2509
E06000058,"Bournemouth, Christchurch and Poole",30/06/2024,2523
E06000059,Dorset,30/06/1991,130
E06000059,Dorset,30/06/1992,131
E06000059,Dorset,30/06/1993,131
E06000059,Dorset,30/06/1994,133
E06000059,Dorset,30/06/1995,134
E06000059,Dorset,30/06/1996,135
E06000059,Dorset,30/06/1997,136
E06000059,Dorset,30/06/1998,137
E06000059,Dorset,30/06/1999,137
E06000059,Dorset,30/06/2000,138
E06000059,Dorset,30/06/2001,139
E06000059,Dorset,30/06/2002,141
E06000059,Dorset,30/06/2003,142
E06000059,Dorset,30/06/2004,143
E06000059,Dorset,30/06/2005,144
E06000059,Dorset,30/06/2006,144
E06000059,Dorset,30/06/2007,146
E06000059,Dorset,30/06/2008,146
E06000059,Dorset,30/06/2009,146
E06000059,Dorset,30/06/2010,146
E06000059,Dorset,30/06/2011,147
E06000059,Dorset,30/06/2012,147
E06000059,Dorset,30/06/2013,148
E06000059,Dorset,30/06/2014,148
E06000059,Dorset,30/06/2015,149
E06000059,Dorset,30/06/2016,150
E06000059,Dorset,30/06/2017,150
E06000059,Dorset,30/06/2018,151
E06000059,Dorset,30/06/2019,152
E06000059,Dorset,30/06/2020,152
E06000059,Dorset,30/06/2021,153
E06000059,Dorset,30/06/2022,154
E06000059,Dorset,30/06/2023,155
E06000059,Dorset,30/06/2024,157
E06000060,Buckinghamshire,30/06/1991,291
E06000060,Buckinghamshire,30/06/1992,294
E06000060,Buckinghamshire,30/06/1993,295
E06000060,Buckinghamshire,30/06/1994,297
E06000060,Buckinghamshire,30/06/1995,299
E06000060,Buckinghamshire,30/06/1996,300
E06000060,Buckinghamshire,30/06/1997,301
E06000060,Buckinghamshire,30/06/1998,302
E06000060,Buckinghamshire,30/06/1999,304
E06000060,Buckinghamshire,30/06/2000,305
E06000060,Buckinghamshire,30/06/2001,306
E06000060,Buckinghamshire,30/06/2002,306
E06000060,Buckinghamshire,30/06/2003,307
E06000060,Buckinghamshire,30/06/2004,308
E06000060,Buckinghamshire,30/06/2005,310
E06000060,Buckinghamshire,30/06/2006,313
E06000060,Buckinghamshire,30/06/2007,315
E06000060,Buckinghamshire,30/06/2008,317
E06000060,Buckinghamshire,30/06/2009,319
E06000060,Buckinghamshire,30/06/2010,321
E06000060,Buckinghamshire,30/06/2011,324
E06000060,Buckinghamshire,30/06/2012,327
E06000060,Buckinghamshire,30/06/2013,331
E06000060,Buckinghamshire,30/06/2014,335
E06000060,Buckinghamshire,30/06/2015,339
E06000060,Buckinghamshire,30/06/2016,342
E06000060,Buckinghamshire,30/06/2017,344
E06000060,Buckinghamshire,30/06/2018,346
E06000060,Buckinghamshire,30/06/2019,349
E06000060,Buckinghamshire,30/06/2020,351
E06000060,Buckinghamshire,30/06/2021,355
E06000060,Buckinghamshire,30/06/2022,359
E06000060,Buckinghamshire,30/06/2023,364
E06000060,Buckinghamshire,30/06/2024,370
E06000061,North Northamptonshire,30/06/1991,270
E06000061,North Northamptonshire,30/06/1992,272
E06000061,North Northamptonshire,30/06/1993,272
E06000061,North Northamptonshire,30/06/1994,273
E06000061,North Northamptonshire,30/06/1995,274
E06000061,North Northamptonshire,30/06/1996,275
E06000061,North Northamptonshire,30/06/1997,277
E06000061,North Northamptonshire,30/06/1998,279
E06000061,North Northamptonshire,30/06/1999,282
E06000061,North Northamptonshire,30/06/2000,286
E06000061,North Northamptonshire,30/06/2001,289
E06000061,North Northamptonshire,30/06/2002,292
E06000061,North Northamptonshire,30/06/2003,295
E06000061,North Northamptonshire,30/06/2004,297
E06000061,North Northamptonshire,30/06/2005,301
E06000061,North Northamptonshire,30/06/2006,305
E06000061,North Northamptonshire,30/06/2007,310
E06000061,North Northamptonshire,30/06/2008,314
E06000061,North Northamptonshire,30/06/2009,316
E06000061,North Northamptonshire,30/06/2010,319
E06000061,North Northamptonshire,30/06/2011,322
E06000061,North Northamptonshire,30/06/2012,327
E06000061,North Northamptonshire,30/06/2013,330
E06000061,North Northamptonshire,30/06/2014,335
E06000061,North Northamptonshire,30/06/2015,340
E06000061,North Northamptonshire,30/06/2016,346
E06000061,North Northamptonshire,30/06/2017,352
E06000061,North Northamptonshire,30/06/2018,357
E06000061,North Northamptonshire,30/06/2019,360
E06000061,North Northamptonshire,30/06/2020,361
E06000061,North Northamptonshire,30/06/2021,365
E06000061,North Northamptonshire,30/06/2022,368
E06000061,North Northamptonshire,30/06/2023,373
E06000061,North Northamptonshire,30/06/2024,379
E06000062,West Northamptonshire,30/06/1991,231
E06000062,West Northamptonshire,30/06/1992,232
E06000062,West Northamptonshire,30/06/1993,234
E06000062,West Northamptonshire,30/06/1994,235
E06000062,West Northamptonshire,30/06/1995,238
E06000062,West Northamptonshire,30/06/1996,241
E06000062,West Northamptonshire,30/06/1997,244
E06000062,West Northamptonshire,30/06/1998,247
E06000062,West Northamptonshire,30/06/1999,248
E06000062,West Northamptonshire,30/06/2000,249
E06000062,West Northamptonshire,30/06/2001,251
E06000062,West Northamptonshire,30/06/2002,253
E06000062,West Northamptonshire,30/06/2003,255
E06000062,West Northamptonshire,30/06/2004,256
E06000062,West Northamptonshire,30/06/2005,260
E06000062,West Northamptonshire,30/06/2006,263
E06000062,West Northamptonshire,30/06/2007,266
E06000062,West Northamptonshire,30/06/2008,268
E06000062,West Northamptonshire,30/06/2009,270
E06000062,West Northamptonshire,30/06/2010,271
E06000062,West Northamptonshire,30/06/2011,273
E06000062,West Northamptonshire,30/06/2012,276
E06000062,West Northamptonshire,30/06/2013,280
E06000062,West Northamptonshire,30/06/2014,284
E06000062,West Northamptonshire,30/06/2015,289
E06000062,West Northamptonshire,30/06/2016,294
E06000062,West Northamptonshire,30/06/2017,299
E06000062,West Northamptonshire,30/06/2018,303
E06000062,West Northamptonshire,30/06/2019,307
E06000062,West Northamptonshire,30/06/2020,307
E06000062,West Northamptonshire,30/06/2021,310
E06000062,West Northamptonshire,30/06/2022,312
E06000062,West Northamptonshire,30/06/2023,317
E06000062,West Northamptonshire,30/06/2024,319
E06000063,Cumberland,30/06/1991,89
E06000063,Cumberland,30/06/1992,89
E06000063,Cumberland,30/06/1993,89
E06000063,Cumberland,30/06/1994,89
E06000063,Cumberland,30/06/1995,89
E06000063,Cumberland,30/06/1996,89
E06000063,Cumberland,30/06/1997,89
E06000063,Cumberland,30/06/1998,88
E06000063,Cumberland,30/06/1999,88
E06000063,Cumberland,30/06/2000,88
E06000063,Cumberland,30/06/2001,87
E06000063,Cumberland,30/06/2002,88
E06000063,Cumberland,30/06/2003,88
E06000063,Cumberland,30/06/2004,89
E06000063,Cumberland,30/06/2005,90
E06000063,Cumberland,30/06/2006,90
E06000063,Cumberland,30/06/2007,91
E06000063,Cumberland,30/06/2008,91
E06000063,Cumberland,30/06/2009,91
E06000063,Cumberland,30/06/2010,91
E06000063,Cumberland,30/06/2011,91
E06000063,Cumberland,30/06/2012,91
E06000063,Cumberland,30/06/2013,91
E06000063,Cumberland,30/06/2014,91
E06000063,Cumberland,30/06/2015,91
E06000063,Cumberland,30/06/2016,91
E06000063,Cumberland,30/06/2017,91
E06000063,Cumberland,30/06/2018,91
E06000063,Cumberland,30/06/2019,91
E06000063,Cumberland,30/06/2020,90
E06000063,Cumberland,30/06/2021,91
E06000063,Cumberland,30/06/2022,91
E06000063,Cumberland,30/06/2023,92
E06000063,Cumberland,30/06/2024,93
E06000064,Westmorland and Furness,30/06/1991,58
E06000064,Westmorland and Furness,30/06/1992,58
E06000064,Westmorland and Furness,30/06/1993,58
E06000064,Westmorland and Furness,30/06/1994,58
E06000064,Westmorland and Furness,30/06/1995,58
E06000064,Westmorland and Furness,30/06/1996,59
E06000064,Westmorland and Furness,30/06/1997,59
E06000064,Westmorland and Furness,30/06/1998,59
E06000064,Westmorland and Furness,30/06/1999,59
E06000064,Westmorland and Furness,30/06/2000,60
E06000064,Westmorland and Furness,30/06/2001,60
E06000064,Westmorland and Furness,30/06/2002,60
E06000064,Westmorland and Furness,30/06/2003,60
E06000064,Westmorland and Furness,30/06/2004,60
E06000064,Westmorland and Furness,30/06/2005,60
E06000064,Westmorland and Furness,30/06/2006,60
E06000064,Westmorland and Furness,30/06/2007,60
E06000064,Westmorland and Furness,30/06/2008,60
E06000064,Westmorland and Furness,30/06/2009,60
E06000064,Westmorland and Furness,30/06/2010,60
E06000064,Westmorland and Furness,30/06/2011,60
E06000064,Westmorland and Furness,30/06/2012,60
E06000064,Westmorland and Furness,30/06/2013,60
E06000064,Westmorland and Furness,30/06/2014,60
E06000064,Westmorland and Furness,30/06/2015,60
E06000064,Westmorland and Furness,30/06/2016,60
E06000064,Westmorland and Furness,30/06/2017,60
E06000064,Westmorland and Furness,30/06/2018,60
E06000064,Westmorland and Furness,30/06/2019,60
E06000064,Westmorland and Furness,30/06/2020,60
E06000064,Westmorland and Furness,30/06/2021,60
E06000064,Westmorland and Furness,30/06/2022,61
E06000064,Westmorland and Furness,30/06/2023,61
E06000064,Westmorland and Furness,30/06/2024,61
E06000065,North Yorkshire,30/06/1991,67
E06000065,North Yorkshire,30/06/1992,68
E06000065,North Yorkshire,30/06/1993,68
E06000065,North Yorkshire,30/06/1994,68
E06000065,North Yorkshire,30/06/1995,69
E06000065,North Yorkshire,30/06/1996,69
E06000065,North Yorkshire,30/06/1997,69
E06000065,North Yorkshire,30/06/1998,69
E06000065,North Yorkshire,30/06/1999,70
E06000065,North Yorkshire,30/06/2000,70
E06000065,North Yorkshire,30/06/2001,71
E06000065,North Yorkshire,30/06/2002,71
E06000065,North Yorkshire,30/06/2003,72
E06000065,North Yorkshire,30/06/2004,72
E06000065,North Yorkshire,30/06/2005,73
E06000065,North Yorkshire,30/06/2006,73
E06000065,North Yorkshire,30/06/2007,74
E06000065,North Yorkshire,30/06/2008,74
E06000065,North Yorkshire,30/06/2009,74
E06000065,North Yorkshire,30/06/2010,75
E06000065,North Yorkshire,30/06/2011,75
E06000065,North Yorkshire,30/06/2012,75
E06000065,North Yorkshire,30/06/2013,75
E06000065,North Yorkshire,30/06/2014,75
E06000065,North Yorkshire,30/06/2015,75
E06000065,North Yorkshire,30/06/2016,75
E06000065,North Yorkshire,30/06/2017,76
E06000065,North Yorkshire,30/06/2018,76
E06000065,North Yorkshire,30/06/2019,76
E06000065,North Yorkshire,30/06/2020,76
E06000065,North Yorkshire,30/06/2021,77
E06000065,North Yorkshire,30/06/2022,78
E06000065,North Yorkshire,30/06/2023,78
E06000065,North Yorkshire,30/06/2024,79
E06000066,Somerset,30/06/1991,135
E06000066,Somerset,30/06/1992,136
E06000066,Somerset,30/06/1993,137
E06000066,Somerset,30/06/1994,138
E06000066,Somerset,30/06/1995,139
E06000066,Somerset,30/06/1996,139
E06000066,Somerset,30/06/1997,140
E06000066,Somerset,30/06/1998,141
E06000066,Somerset,30/06/1999,142
E06000066,Somerset,30/06/2000,143
E06000066,Somerset,30/06/2001,145
E06000066,Somerset,30/06/2002,146
E06000066,Somerset,30/06/2003,147
E06000066,Somerset,30/06/2004,148
E06000066,Somerset,30/06/2005,149
E06000066,Somerset,30/06/2006,150
E06000066,Somerset,30/06/2007,151
E06000066,Somerset,30/06/2008,152
E06000066,Somerset,30/06/2009,153
E06000066,Somerset,30/06/2010,153
E06000066,Somerset,30/06/2011,154
E06000066,Somerset,30/06/2012,155
E06000066,Somerset,30/06/2013,156
E06000066,Somerset,30/06/2014,158
E06000066,Somerset,30/06/2015,159
E06000066,Somerset,30/06/2016,161
E06000066,Somerset,30/06/2017,162
E06000066,Somerset,30/06/2018,163
E06000066,Somerset,30/06/2019,164
E06000066,Somerset,30/06/2020,164
E06000066,Somerset,30/06/2021,166
E06000066,Somerset,30/06/2022,167
E06000066,Somerset,30/06/2023,169
E06000066,Somerset,30/06/2024,171
E07000008,Cambridge,30/06/1991,2621
E07000008,Cambridge,30/06/1992,2661
E07000008,Cambridge,30/06/1993,2693
E07000008,Cambridge,30/06/1994,2635
E07000008,Cambridge,30/06/1995,2643
E07000008,Cambridge,30/06/1996,2654
E07000008,Cambridge,30/06/1997,2656
E07000008,Cambridge,30/06/1998,2682
E07000008,Cambridge,30/06/1999,2699
E07000008,Cambridge,30/06/2000,2701
E07000008,Cambridge,30/06/2001,2701
E07000008,Cambridge,30/06/2002,2691
E07000008,Cambridge,30/06/2003,2735
E07000008,Cambridge,30/06/2004,2756
E07000008,Cambridge,30/06/2005,2880
E07000008,Cambridge,30/06/2006,2866
E07000008,Cambridge,30/06/2007,2837
E07000008,Cambridge,30/06/2008,2855
E07000008,Cambridge,30/06/2009,2868
E07000008,Cambridge,30/06/2010,2954
E07000008,Cambridge,30/06/2011,3015
E07000008,Cambridge,30/06/2012,3063
E07000008,Cambridge,30/06/2013,3140
E07000008,Cambridge,30/06/2014,3205
E07000008,Cambridge,30/06/2015,3284
E07000008,Cambridge,30/06/2016,3343
E07000008,Cambridge,30/06/2017,3402
E07000008,Cambridge,30/06/2018,3482
E07000008,Cambridge,30/06/2019,3517
E07000008,Cambridge,30/06/2020,3532
E07000008,Cambridge,30/06/2021,3563
E07000008,Cambridge,30/06/2022,3635
E07000008,Cambridge,30/06/2023,3657
E07000008,Cambridge,30/06/2024,3670
E07000009,East Cambridgeshire,30/06/1991,93
E07000009,East Cambridgeshire,30/06/1992,93
E07000009,East Cambridgeshire,30/06/1993,94
E07000009,East Cambridgeshire,30/06/1994,96
E07000009,East Cambridgeshire,30/06/1995,98
E07000009,East Cambridgeshire,30/06/1996,102
E07000009,East Cambridgeshire,30/06/1997,105
E07000009,East Cambridgeshire,30/06/1998,109
E07000009,East Cambridgeshire,30/06/1999,109
E07000009,East Cambridgeshire,30/06/2000,112
E07000009,East Cambridgeshire,30/06/2001,113
E07000009,East Cambridgeshire,30/06/2002,114
E07000009,East Cambridgeshire,30/06/2003,119
E07000009,East Cambridgeshire,30/06/2004,117
E07000009,East Cambridgeshire,30/06/2005,119
E07000009,East Cambridgeshire,30/06/2006,120
E07000009,East Cambridgeshire,30/06/2007,123
E07000009,East Cambridgeshire,30/06/2008,124
E07000009,East Cambridgeshire,30/06/2009,126
E07000009,East Cambridgeshire,30/06/2010,128
E07000009,East Cambridgeshire,30/06/2011,129
E07000009,East Cambridgeshire,30/06/2012,131
E07000009,East Cambridgeshire,30/06/2013,131
E07000009,East Cambridgeshire,30/06/2014,133
E07000009,East Cambridgeshire,30/06/2015,133
E07000009,East Cambridgeshire,30/06/2016,134
E07000009,East Cambridgeshire,30/06/2017,134
E07000009,East Cambridgeshire,30/06/2018,133
E07000009,East Cambridgeshire,30/06/2019,134
E07000009,East Cambridgeshire,30/06/2020,134
E07000009,East Cambridgeshire,30/06/2021,135
E07000009,East Cambridgeshire,30/06/2022,137
E07000009,East Cambridgeshire,30/06/2023,140
E07000009,East Cambridgeshire,30/06/2024,143
E07000010,Fenland,30/06/1991,137
E07000010,Fenland,30/06/1992,140
E07000010,Fenland,30/06/1993,142
E07000010,Fenland,30/06/1994,143
E07000010,Fenland,30/06/1995,144
E07000010,Fenland,30/06/1996,145
E07000010,Fenland,30/06/1997,147
E07000010,Fenland,30/06/1998,149
E07000010,Fenland,30/06/1999,151
E07000010,Fenland,30/06/2000,152
E07000010,Fenland,30/06/2001,153
E07000010,Fenland,30/06/2002,155
E07000010,Fenland,30/06/2003,158
E07000010,Fenland,30/06/2004,161
E07000010,Fenland,30/06/2005,163
E07000010,Fenland,30/06/2006,166
E07000010,Fenland,30/06/2007,170
E07000010,Fenland,30/06/2008,171
E07000010,Fenland,30/06/2009,173
E07000010,Fenland,30/06/2010,174
E07000010,Fenland,30/06/2011,175
E07000010,Fenland,30/06/2012,176
E07000010,Fenland,30/06/2013,179
E07000010,Fenland,30/06/2014,180
E07000010,Fenland,30/06/2015,183
E07000010,Fenland,30/06/2016,185
E07000010,Fenland,30/06/2017,187
E07000010,Fenland,30/06/2018,187
E07000010,Fenland,30/06/2019,188
E07000010,Fenland,30/06/2020,187
E07000010,Fenland,30/06/2021,188
E07000010,Fenland,30/06/2022,189
E07000010,Fenland,30/06/2023,190
E07000010,Fenland,30/06/2024,192
E07000011,Huntingdonshire,30/06/1991,161
E07000011,Huntingdonshire,30/06/1992,164
E07000011,Huntingdonshire,30/06/1993,164
E07000011,Huntingdonshire,30/06/1994,165
E07000011,Huntingdonshire,30/06/1995,164
E07000011,Huntingdonshire,30/06/1996,168
E07000011,Huntingdonshire,30/06/1997,171
E07000011,Huntingdonshire,30/06/1998,171
E07000011,Huntingdonshire,30/06/1999,172
E07000011,Huntingdonshire,30/06/2000,173
E07000011,Huntingdonshire,30/06/2001,173
E07000011,Huntingdonshire,30/06/2002,175
E07000011,Huntingdonshire,30/06/2003,176
E07000011,Huntingdonshire,30/06/2004,179
E07000011,Huntingdonshire,30/06/2005,180
E07000011,Huntingdonshire,30/06/2006,181
E07000011,Huntingdonshire,30/06/2007,182
E07000011,Huntingdonshire,30/06/2008,184
E07000011,Huntingdonshire,30/06/2009,184
E07000011,Huntingdonshire,30/06/2010,186
E07000011,Huntingdonshire,30/06/2011,188
E07000011,Huntingdonshire,30/06/2012,189
E07000011,Huntingdonshire,30/06/2013,190
E07000011,Huntingdonshire,30/06/2014,192
E07000011,Huntingdonshire,30/06/2015,194
E07000011,Huntingdonshire,30/06/2016,195
E07000011,Huntingdonshire,30/06/2017,195
E07000011,Huntingdonshire,30/06/2018,195
E07000011,Huntingdonshire,30/06/2019,195
E07000011,Huntingdonshire,30/06/2020,196
E07000011,Huntingdonshire,30/06/2021,201
E07000011,Huntingdonshire,30/06/2022,203
E07000011,Huntingdonshire,30/06/2023,206
E07000011,Huntingdonshire,30/06/2024,210
E07000012,South Cambridgeshire,30/06/1991,135
E07000012,South Cambridgeshire,30/06/1992,135
E07000012,South Cambridgeshire,30/06/1993,135
E07000012,South Cambridgeshire,30/06/1994,135
E07000012,South Cambridgeshire,30/06/1995,137
E07000012,South Cambridgeshire,30/06/1996,139
E07000012,South Cambridgeshire,30/06/1997,141
E07000012,South Cambridgeshire,30/06/1998,142
E07000012,South Cambridgeshire,30/06/1999,143
E07000012,South Cambridgeshire,30/06/2000,143
E07000012,South Cambridgeshire,30/06/2001,145
E07000012,South Cambridgeshire,30/06/2002,146
E07000012,South Cambridgeshire,30/06/2003,149
E07000012,South Cambridgeshire,30/06/2004,150
E07000012,South Cambridgeshire,30/06/2005,152
E07000012,South Cambridgeshire,30/06/2006,154
E07000012,South Cambridgeshire,30/06/2007,157
E07000012,South Cambridgeshire,30/06/2008,159
E07000012,South Cambridgeshire,30/06/2009,162
E07000012,South Cambridgeshire,30/06/2010,164
E07000012,South Cambridgeshire,30/06/2011,166
E07000012,South Cambridgeshire,30/06/2012,168
E07000012,South Cambridgeshire,30/06/2013,168
E07000012,South Cambridgeshire,30/06/2014,170
E07000012,South Cambridgeshire,30/06/2015,172
E07000012,South Cambridgeshire,30/06/2016,174
E07000012,South Cambridgeshire,30/06/2017,174
E07000012,South Cambridgeshire,30/06/2018,175
E07000012,South Cambridgeshire,30/06/2019,176
E07000012,South Cambridgeshire,30/06/2020,178
E07000012,South Cambridgeshire,30/06/2021,181
E07000012,South Cambridgeshire,30/06/2022,184
E07000012,South Cambridgeshire,30/06/2023,188
E07000012,South Cambridgeshire,30/06/2024,191
E07000032,Amber Valley,30/06/1991,423
E07000032,Amber Valley,30/06/1992,423
E07000032,Amber Valley,30/06/1993,424
E07000032,Amber Valley,30/06/1994,426
E07000032,Amber Valley,30/06/1995,427
E07000032,Amber Valley,30/06/1996,427
E07000032,Amber Valley,30/06/1997,429
E07000032,Amber Valley,30/06/1998,430
E07000032,Amber Valley,30/06/1999,435
E07000032,Amber Valley,30/06/2000,438
E07000032,Amber Valley,30/06/2001,439
E07000032,Amber Valley,30/06/2002,442
E07000032,Amber Valley,30/06/2003,444
E07000032,Amber Valley,30/06/2004,446
E07000032,Amber Valley,30/06/2005,449
E07000032,Amber Valley,30/06/2006,452
E07000032,Amber Valley,30/06/2007,454
E07000032,Amber Valley,30/06/2008,456
E07000032,Amber Valley,30/06/2009,458
E07000032,Amber Valley,30/06/2010,460
E07000032,Amber Valley,30/06/2011,462
E07000032,Amber Valley,30/06/2012,461
E07000032,Amber Valley,30/06/2013,463
E07000032,Amber Valley,30/06/2014,463
E07000032,Amber Valley,30/06/2015,463
E07000032,Amber Valley,30/06/2016,465
E07000032,Amber Valley,30/06/2017,468
E07000032,Amber Valley,30/06/2018,470
E07000032,Amber Valley,30/06/2019,474
E07000032,Amber Valley,30/06/2020,475
E07000032,Amber Valley,30/06/2021,476
E07000032,Amber Valley,30/06/2022,479
E07000032,Amber Valley,30/06/2023,484
E07000032,Amber Valley,30/06/2024,491
E07000033,Bolsover,30/06/1991,443
E07000033,Bolsover,30/06/1992,444
E07000033,Bolsover,30/06/1993,442
E07000033,Bolsover,30/06/1994,439
E07000033,Bolsover,30/06/1995,439
E07000033,Bolsover,30/06/1996,439
E07000033,Bolsover,30/06/1997,438
E07000033,Bolsover,30/06/1998,440
E07000033,Bolsover,30/06/1999,441
E07000033,Bolsover,30/06/2000,444
E07000033,Bolsover,30/06/2001,448
E07000033,Bolsover,30/06/2002,452
E07000033,Bolsover,30/06/2003,457
E07000033,Bolsover,30/06/2004,459
E07000033,Bolsover,30/06/2005,461
E07000033,Bolsover,30/06/2006,464
E07000033,Bolsover,30/06/2007,467
E07000033,Bolsover,30/06/2008,468
E07000033,Bolsover,30/06/2009,469
E07000033,Bolsover,30/06/2010,472
E07000033,Bolsover,30/06/2011,474
E07000033,Bolsover,30/06/2012,477
E07000033,Bolsover,30/06/2013,479
E07000033,Bolsover,30/06/2014,481
E07000033,Bolsover,30/06/2015,484
E07000033,Bolsover,30/06/2016,486
E07000033,Bolsover,30/06/2017,489
E07000033,Bolsover,30/06/2018,490
E07000033,Bolsover,30/06/2019,494
E07000033,Bolsover,30/06/2020,497
E07000033,Bolsover,30/06/2021,502
E07000033,Bolsover,30/06/2022,508
E07000033,Bolsover,30/06/2023,516
E07000033,Bolsover,30/06/2024,522
E07000034,Chesterfield,30/06/1991,1510
E07000034,Chesterfield,30/06/1992,1515
E07000034,Chesterfield,30/06/1993,1522
E07000034,Chesterfield,30/06/1994,1518
E07000034,Chesterfield,30/06/1995,1513
E07000034,Chesterfield,30/06/1996,1509
E07000034,Chesterfield,30/06/1997,1502
E07000034,Chesterfield,30/06/1998,1502
E07000034,Chesterfield,30/06/1999,1497
E07000034,Chesterfield,30/06/2000,1496
E07000034,Chesterfield,30/06/2001,1497
E07000034,Chesterfield,30/06/2002,1503
E07000034,Chesterfield,30/06/2003,1513
E07000034,Chesterfield,30/06/2004,1522
E07000034,Chesterfield,30/06/2005,1534
E07000034,Chesterfield,30/06/2006,1540
E07000034,Chesterfield,30/06/2007,1545
E07000034,Chesterfield,30/06/2008,1554
E07000034,Chesterfield,30/06/2009,1560
E07000034,Chesterfield,30/06/2010,1566
E07000034,Chesterfield,30/06/2011,1572
E07000034,Chesterfield,30/06/2012,1572
E07000034,Chesterfield,30/06/2013,1576
E07000034,Chesterfield,30/06/2014,1579
E07000034,Chesterfield,30/06/2015,1581
E07000034,Chesterfield,30/06/2016,1580
E07000034,Chesterfield,30/06/2017,1578
E07000034,Chesterfield,30/06/2018,1576
E07000034,Chesterfield,30/06/2019,1577
E07000034,Chesterfield,30/06/2020,1571
E07000034,Chesterfield,30/06/2021,1570
E07000034,Chesterfield,30/06/2022,1577
E07000034,Chesterfield,30/06/2023,1595
E07000034,Chesterfield,30/06/2024,1606
E07000035,Derbyshire Dales,30/06/1991,86
E07000035,Derbyshire Dales,30/06/1992,86
E07000035,Derbyshire Dales,30/06/1993,86
E07000035,Derbyshire Dales,30/06/1994,86
E07000035,Derbyshire Dales,30/06/1995,86
E07000035,Derbyshire Dales,30/06/1996,87
E07000035,Derbyshire Dales,30/06/1997,87
E07000035,Derbyshire Dales,30/06/1998,87
E07000035,Derbyshire Dales,30/06/1999,88
E07000035,Derbyshire Dales,30/06/2000,88
E07000035,Derbyshire Dales,30/06/2001,88
E07000035,Derbyshire Dales,30/06/2002,88
E07000035,Derbyshire Dales,30/06/2003,88
E07000035,Derbyshire Dales,30/06/2004,88
E07000035,Derbyshire Dales,30/06/2005,88
E07000035,Derbyshire Dales,30/06/2006,88
E07000035,Derbyshire Dales,30/06/2007,88
E07000035,Derbyshire Dales,30/06/2008,89
E07000035,Derbyshire Dales,30/06/2009,89
E07000035,Derbyshire Dales,30/06/2010,90
E07000035,Derbyshire Dales,30/06/2011,90
E07000035,Derbyshire Dales,30/06/2012,90
E07000035,Derbyshire Dales,30/06/2013,90
E07000035,Derbyshire Dales,30/06/2014,90
E07000035,Derbyshire Dales,30/06/2015,89
E07000035,Derbyshire Dales,30/06/2016,89
E07000035,Derbyshire Dales,30/06/2017,90
E07000035,Derbyshire Dales,30/06/2018,90
E07000035,Derbyshire Dales,30/06/2019,90
E07000035,Derbyshire Dales,30/06/2020,90
E07000035,Derbyshire Dales,30/06/2021,90
E07000035,Derbyshire Dales,30/06/2022,91
E07000035,Derbyshire Dales,30/06/2023,91
E07000035,Derbyshire Dales,30/06/2024,91
E07000036,Erewash,30/06/1991,973
E07000036,Erewash,30/06/1992,973
E07000036,Erewash,30/06/1993,973
E07000036,Erewash,30/06/1994,974
E07000036,Erewash,30/06/1995,971
E07000036,Erewash,30/06/1996,975
E07000036,Erewash,30/06/1997,977
E07000036,Erewash,30/06/1998,988
E07000036,Erewash,30/06/1999,989
E07000036,Erewash,30/06/2000,998
E07000036,Erewash,30/06/2001,1004
E07000036,Erewash,30/06/2002,1006
E07000036,Erewash,30/06/2003,1004
E07000036,Erewash,30/06/2004,1004
E07000036,Erewash,30/06/2005,1004
E07000036,Erewash,30/06/2006,1003
E07000036,Erewash,30/06/2007,1005
E07000036,Erewash,30/06/2008,1011
E07000036,Erewash,30/06/2009,1015
E07000036,Erewash,30/06/2010,1019
E07000036,Erewash,30/06/2011,1024
E07000036,Erewash,30/06/2012,1028
E07000036,Erewash,30/06/2013,1029
E07000036,Erewash,30/06/2014,1036
E07000036,Erewash,30/06/2015,1040
E07000036,Erewash,30/06/2016,1042
E07000036,Erewash,30/06/2017,1041
E07000036,Erewash,30/06/2018,1041
E07000036,Erewash,30/06/2019,1037
E07000036,Erewash,30/06/2020,1034
E07000036,Erewash,30/06/2021,1031
E07000036,Erewash,30/06/2022,1031
E07000036,Erewash,30/06/2023,1041
E07000036,Erewash,30/06/2024,1042
E07000037,High Peak,30/06/1991,159
E07000037,High Peak,30/06/1992,160
E07000037,High Peak,30/06/1993,160
E07000037,High Peak,30/06/1994,161
E07000037,High Peak,30/06/1995,162
E07000037,High Peak,30/06/1996,162
E07000037,High Peak,30/06/1997,162
E07000037,High Peak,30/06/1998,163
E07000037,High Peak,30/06/1999,163
E07000037,High Peak,30/06/2000,165
E07000037,High Peak,30/06/2001,166
E07000037,High Peak,30/06/2002,166
E07000037,High Peak,30/06/2003,165
E07000037,High Peak,30/06/2004,166
E07000037,High Peak,30/06/2005,166
E07000037,High Peak,30/06/2006,167
E07000037,High Peak,30/06/2007,168
E07000037,High Peak,30/06/2008,169
E07000037,High Peak,30/06/2009,169
E07000037,High Peak,30/06/2010,169
E07000037,High Peak,30/06/2011,169
E07000037,High Peak,30/06/2012,169
E07000037,High Peak,30/06/2013,169
E07000037,High Peak,30/06/2014,169
E07000037,High Peak,30/06/2015,168
E07000037,High Peak,30/06/2016,168
E07000037,High Peak,30/06/2017,169
E07000037,High Peak,30/06/2018,169
E07000037,High Peak,30/06/2019,169
E07000037,High Peak,30/06/2020,169
E07000037,High Peak,30/06/2021,169
E07000037,High Peak,30/06/2022,169
E07000037,High Peak,30/06/2023,170
E07000037,High Peak,30/06/2024,171
E07000038,North East Derbyshire,30/06/1991,355
E07000038,North East Derbyshire,30/06/1992,356
E07000038,North East Derbyshire,30/06/1993,356
E07000038,North East Derbyshire,30/06/1994,356
E07000038,North East Derbyshire,30/06/1995,356
E07000038,North East Derbyshire,30/06/1996,354
E07000038,North East Derbyshire,30/06/1997,352
E07000038,North East Derbyshire,30/06/1998,351
E07000038,North East Derbyshire,30/06/1999,352
E07000038,North East Derbyshire,30/06/2000,352
E07000038,North East Derbyshire,30/06/2001,352
E07000038,North East Derbyshire,30/06/2002,352
E07000038,North East Derbyshire,30/06/2003,352
E07000038,North East Derbyshire,30/06/2004,354
E07000038,North East Derbyshire,30/06/2005,354
E07000038,North East Derbyshire,30/06/2006,355
E07000038,North East Derbyshire,30/06/2007,356
E07000038,North East Derbyshire,30/06/2008,357
E07000038,North East Derbyshire,30/06/2009,357
E07000038,North East Derbyshire,30/06/2010,359
E07000038,North East Derbyshire,30/06/2011,360
E07000038,North East Derbyshire,30/06/2012,360
E07000038,North East Derbyshire,30/06/2013,360
E07000038,North East Derbyshire,30/06/2014,360
E07000038,North East Derbyshire,30/06/2015,360
E07000038,North East Derbyshire,30/06/2016,362
E07000038,North East Derbyshire,30/06/2017,362
E07000038,North East Derbyshire,30/06/2018,363
E07000038,North East Derbyshire,30/06/2019,364
E07000038,North East Derbyshire,30/06/2020,366
E07000038,North East Derbyshire,30/06/2021,371
E07000038,North East Derbyshire,30/06/2022,377
E07000038,North East Derbyshire,30/06/2023,380
E07000038,North East Derbyshire,30/06/2024,387
E07000039,South Derbyshire,30/06/1991,215
E07000039,South Derbyshire,30/06/1992,217
E07000039,South Derbyshire,30/06/1993,218
E07000039,South Derbyshire,30/06/1994,220
E07000039,South Derbyshire,30/06/1995,223
E07000039,South Derbyshire,30/06/1996,227
E07000039,South Derbyshire,30/06/1997,230
E07000039,South Derbyshire,30/06/1998,235
E07000039,South Derbyshire,30/06/1999,236
E07000039,South Derbyshire,30/06/2000,239
E07000039,South Derbyshire,30/06/2001,242
E07000039,South Derbyshire,30/06/2002,247
E07000039,South Derbyshire,30/06/2003,252
E07000039,South Derbyshire,30/06/2004,256
E07000039,South Derbyshire,30/06/2005,260
E07000039,South Derbyshire,30/06/2006,264
E07000039,South Derbyshire,30/06/2007,268
E07000039,South Derbyshire,30/06/2008,272
E07000039,South Derbyshire,30/06/2009,275
E07000039,South Derbyshire,30/06/2010,278
E07000039,South Derbyshire,30/06/2011,281
E07000039,South Derbyshire,30/06/2012,283
E07000039,South Derbyshire,30/06/2013,284
E07000039,South Derbyshire,30/06/2014,288
E07000039,South Derbyshire,30/06/2015,289
E07000039,South Derbyshire,30/06/2016,292
E07000039,South Derbyshire,30/06/2017,295
E07000039,South Derbyshire,30/06/2018,299
E07000039,South Derbyshire,30/06/2019,306
E07000039,South Derbyshire,30/06/2020,311
E07000039,South Derbyshire,30/06/2021,320
E07000039,South Derbyshire,30/06/2022,329
E07000039,South Derbyshire,30/06/2023,338
E07000039,South Derbyshire,30/06/2024,347
E07000040,East Devon,30/06/1991,145
E07000040,East Devon,30/06/1992,145
E07000040,East Devon,30/06/1993,147
E07000040,East Devon,30/06/1994,149
E07000040,East Devon,30/06/1995,150
E07000040,East Devon,30/06/1996,149
E07000040,East Devon,30/06/1997,150
E07000040,East Devon,30/06/1998,150
E07000040,East Devon,30/06/1999,152
E07000040,East Devon,30/06/2000,153
E07000040,East Devon,30/06/2001,154
E07000040,East Devon,30/06/2002,155
E07000040,East Devon,30/06/2003,156
E07000040,East Devon,30/06/2004,158
E07000040,East Devon,30/06/2005,159
E07000040,East Devon,30/06/2006,160
E07000040,East Devon,30/06/2007,162
E07000040,East Devon,30/06/2008,163
E07000040,East Devon,30/06/2009,163
E07000040,East Devon,30/06/2010,163
E07000040,East Devon,30/06/2011,164
E07000040,East Devon,30/06/2012,165
E07000040,East Devon,30/06/2013,166
E07000040,East Devon,30/06/2014,168
E07000040,East Devon,30/06/2015,170
E07000040,East Devon,30/06/2016,173
E07000040,East Devon,30/06/2017,176
E07000040,East Devon,30/06/2018,178
E07000040,East Devon,30/06/2019,181
E07000040,East Devon,30/06/2020,182
E07000040,East Devon,30/06/2021,187
E07000040,East Devon,30/06/2022,190
E07000040,East Devon,30/06/2023,192
E07000040,East Devon,30/06/2024,194
E07000041,Exeter,30/06/1991,2227
E07000041,Exeter,30/06/1992,2246
E07000041,Exeter,30/06/1993,2214
E07000041,Exeter,30/06/1994,2200
E07000041,Exeter,30/06/1995,2243
E07000041,Exeter,30/06/1996,2267
E07000041,Exeter,30/06/1997,2297
E07000041,Exeter,30/06/1998,2331
E07000041,Exeter,30/06/1999,2332
E07000041,Exeter,30/06/2000,2350
E07000041,Exeter,30/06/2001,2364
E07000041,Exeter,30/06/2002,2352
E07000041,Exeter,30/06/2003,2361
E07000041,Exeter,30/06/2004,2353
E07000041,Exeter,30/06/2005,2402
E07000041,Exeter,30/06/2006,2405
E07000041,Exeter,30/06/2007,2426
E07000041,Exeter,30/06/2008,2427
E07000041,Exeter,30/06/2009,2433
E07000041,Exeter,30/06/2010,2460
E07000041,Exeter,30/06/2011,2489
E07000041,Exeter,30/06/2012,2508
E07000041,Exeter,30/06/2013,2530
E07000041,Exeter,30/06/2014,2547
E07000041,Exeter,30/06/2015,2585
E07000041,Exeter,30/06/2016,2622
E07000041,Exeter,30/06/2017,2654
E07000041,Exeter,30/06/2018,2674
E07000041,Exeter,30/06/2019,2685
E07000041,Exeter,30/06/2020,2707
E07000041,Exeter,30/06/2021,2754
E07000041,Exeter,30/06/2022,2859
E07000041,Exeter,30/06/2023,2885
E07000041,Exeter,30/06/2024,2942
E07000042,Mid Devon,30/06/1991,71
E07000042,Mid Devon,30/06/1992,71
E07000042,Mid Devon,30/06/1993,72
E07000042,Mid Devon,30/06/1994,72
E07000042,Mid Devon,30/06/1995,72
E07000042,Mid Devon,30/06/1996,72
E07000042,Mid Devon,30/06/1997,73
E07000042,Mid Devon,30/06/1998,74
E07000042,Mid Devon,30/06/1999,74
E07000042,Mid Devon,30/06/2000,76
E07000042,Mid Devon,30/06/2001,77
E07000042,Mid Devon,30/06/2002,77
E07000042,Mid Devon,30/06/2003,78
E07000042,Mid Devon,30/06/2004,80
E07000042,Mid Devon,30/06/2005,80
E07000042,Mid Devon,30/06/2006,81
E07000042,Mid Devon,30/06/2007,83
E07000042,Mid Devon,30/06/2008,84
E07000042,Mid Devon,30/06/2009,84
E07000042,Mid Devon,30/06/2010,85
E07000042,Mid Devon,30/06/2011,85
E07000042,Mid Devon,30/06/2012,86
E07000042,Mid Devon,30/06/2013,86
E07000042,Mid Devon,30/06/2014,87
E07000042,Mid Devon,30/06/2015,87
E07000042,Mid Devon,30/06/2016,87
E07000042,Mid Devon,30/06/2017,88
E07000042,Mid Devon,30/06/2018,89
E07000042,Mid Devon,30/06/2019,89
E07000042,Mid Devon,30/06/2020,90
E07000042,Mid Devon,30/06/2021,91
E07000042,Mid Devon,30/06/2022,92
E07000042,Mid Devon,30/06/2023,92
E07000042,Mid Devon,30/06/2024,93
E07000043,North Devon,30/06/1991,78
E07000043,North Devon,30/06/1992,78
E07000043,North Devon,30/06/1993,79
E07000043,North Devon,30/06/1994,79
E07000043,North Devon,30/06/1995,78
E07000043,North Devon,30/06/1996,79
E07000043,North Devon,30/06/1997,79
E07000043,North Devon,30/06/1998,79
E07000043,North Devon,30/06/1999,80
E07000043,North Devon,30/06/2000,80
E07000043,North Devon,30/06/2001,81
E07000043,North Devon,30/06/2002,81
E07000043,North Devon,30/06/2003,82
E07000043,North Devon,30/06/2004,83
E07000043,North Devon,30/06/2005,84
E07000043,North Devon,30/06/2006,84
E07000043,North Devon,30/06/2007,85
E07000043,North Devon,30/06/2008,85
E07000043,North Devon,30/06/2009,86
E07000043,North Devon,30/06/2010,86
E07000043,North Devon,30/06/2011,87
E07000043,North Devon,30/06/2012,86
E07000043,North Devon,30/06/2013,86
E07000043,North Devon,30/06/2014,86
E07000043,North Devon,30/06/2015,86
E07000043,North Devon,30/06/2016,87
E07000043,North Devon,30/06/2017,88
E07000043,North Devon,30/06/2018,88
E07000043,North Devon,30/06/2019,90
E07000043,North Devon,30/06/2020,90
E07000043,North Devon,30/06/2021,92
E07000043,North Devon,30/06/2022,93
E07000043,North Devon,30/06/2023,93
E07000043,North Devon,30/06/2024,93
E07000044,South Hams,30/06/1991,88
E07000044,South Hams,30/06/1992,88
E07000044,South Hams,30/06/1993,88
E07000044,South Hams,30/06/1994,89
E07000044,South Hams,30/06/1995,89
E07000044,South Hams,30/06/1996,90
E07000044,South Hams,30/06/1997,90
E07000044,South Hams,30/06/1998,91
E07000044,South Hams,30/06/1999,92
E07000044,South Hams,30/06/2000,93
E07000044,South Hams,30/06/2001,92
E07000044,South Hams,30/06/2002,93
E07000044,South Hams,30/06/2003,92
E07000044,South Hams,30/06/2004,93
E07000044,South Hams,30/06/2005,93
E07000044,South Hams,30/06/2006,94
E07000044,South Hams,30/06/2007,94
E07000044,South Hams,30/06/2008,94
E07000044,South Hams,30/06/2009,94
E07000044,South Hams,30/06/2010,94
E07000044,South Hams,30/06/2011,94
E07000044,South Hams,30/06/2012,94
E07000044,South Hams,30/06/2013,95
E07000044,South Hams,30/06/2014,95
E07000044,South Hams,30/06/2015,95
E07000044,South Hams,30/06/2016,95
E07000044,South Hams,30/06/2017,96
E07000044,South Hams,30/06/2018,97
E07000044,South Hams,30/06/2019,98
E07000044,South Hams,30/06/2020,99
E07000044,South Hams,30/06/2021,101
E07000044,South Hams,30/06/2022,101
E07000044,South Hams,30/06/2023,103
E07000044,South Hams,30/06/2024,104
E07000045,Teignbridge,30/06/1991,162
E07000045,Teignbridge,30/06/1992,164
E07000045,Teignbridge,30/06/1993,166
E07000045,Teignbridge,30/06/1994,168
E07000045,Teignbridge,30/06/1995,169
E07000045,Teignbridge,30/06/1996,172
E07000045,Teignbridge,30/06/1997,173
E07000045,Teignbridge,30/06/1998,176
E07000045,Teignbridge,30/06/1999,177
E07000045,Teignbridge,30/06/2000,179
E07000045,Teignbridge,30/06/2001,180
E07000045,Teignbridge,30/06/2002,181
E07000045,Teignbridge,30/06/2003,182
E07000045,Teignbridge,30/06/2004,183
E07000045,Teignbridge,30/06/2005,183
E07000045,Teignbridge,30/06/2006,183
E07000045,Teignbridge,30/06/2007,184
E07000045,Teignbridge,30/06/2008,185
E07000045,Teignbridge,30/06/2009,185
E07000045,Teignbridge,30/06/2010,185
E07000045,Teignbridge,30/06/2011,184
E07000045,Teignbridge,30/06/2012,185
E07000045,Teignbridge,30/06/2013,187
E07000045,Teignbridge,30/06/2014,189
E07000045,Teignbridge,30/06/2015,191
E07000045,Teignbridge,30/06/2016,192
E07000045,Teignbridge,30/06/2017,195
E07000045,Teignbridge,30/06/2018,197
E07000045,Teignbridge,30/06/2019,199
E07000045,Teignbridge,30/06/2020,199
E07000045,Teignbridge,30/06/2021,201
E07000045,Teignbridge,30/06/2022,202
E07000045,Teignbridge,30/06/2023,204
E07000045,Teignbridge,30/06/2024,206
E07000046,Torridge,30/06/1991,54
E07000046,Torridge,30/06/1992,54
E07000046,Torridge,30/06/1993,55
E07000046,Torridge,30/06/1994,56
E07000046,Torridge,30/06/1995,56
E07000046,Torridge,30/06/1996,56
E07000046,Torridge,30/06/1997,56
E07000046,Torridge,30/06/1998,57
E07000046,Torridge,30/06/1999,58
E07000046,Torridge,30/06/2000,59
E07000046,Torridge,30/06/2001,60
E07000046,Torridge,30/06/2002,61
E07000046,Torridge,30/06/2003,62
E07000046,Torridge,30/06/2004,62
E07000046,Torridge,30/06/2005,63
E07000046,Torridge,30/06/2006,64
E07000046,Torridge,30/06/2007,64
E07000046,Torridge,30/06/2008,65
E07000046,Torridge,30/06/2009,65
E07000046,Torridge,30/06/2010,65
E07000046,Torridge,30/06/2011,65
E07000046,Torridge,30/06/2012,66
E07000046,Torridge,30/06/2013,66
E07000046,Torridge,30/06/2014,66
E07000046,Torridge,30/06/2015,67
E07000046,Torridge,30/06/2016,68
E07000046,Torridge,30/06/2017,69
E07000046,Torridge,30/06/2018,69
E07000046,Torridge,30/06/2019,69
E07000046,Torridge,30/06/2020,69
E07000046,Torridge,30/06/2021,70
E07000046,Torridge,30/06/2022,70
E07000046,Torridge,30/06/2023,70
E07000046,Torridge,30/06/2024,71
E07000047,West Devon,30/06/1991,40
E07000047,West Devon,30/06/1992,40
E07000047,West Devon,30/06/1993,40
E07000047,West Devon,30/06/1994,40
E07000047,West Devon,30/06/1995,40
E07000047,West Devon,30/06/1996,40
E07000047,West Devon,30/06/1997,40
E07000047,West Devon,30/06/1998,41
E07000047,West Devon,30/06/1999,41
E07000047,West Devon,30/06/2000,42
E07000047,West Devon,30/06/2001,42
E07000047,West Devon,30/06/2002,43
E07000047,West Devon,30/06/2003,43
E07000047,West Devon,30/06/2004,43
E07000047,West Devon,30/06/2005,44
E07000047,West Devon,30/06/2006,44
E07000047,West Devon,30/06/2007,45
E07000047,West Devon,30/06/2008,45
E07000047,West Devon,30/06/2009,46
E07000047,West Devon,30/06/2010,46
E07000047,West Devon,30/06/2011,46
E07000047,West Devon,30/06/2012,47
E07000047,West Devon,30/06/2013,47
E07000047,West Devon,30/06/2014,47
E07000047,West Devon,30/06/2015,47
E07000047,West Devon,30/06/2016,47
E07000047,West Devon,30/06/2017,48
E07000047,West Devon,30/06/2018,48
E07000047,West Devon,30/06/2019,48
E07000047,West Devon,30/06/2020,48
E07000047,West Devon,30/06/2021,50
E07000047,West Devon,30/06/2022,50
E07000047,West Devon,30/06/2023,51
E07000047,West Devon,30/06/2024,51
E07000061,Eastbourne,30/06/1991,1910
E07000061,Eastbourne,30/06/1992,1922
E07000061,Eastbourne,30/06/1993,1942
E07000061,Eastbourne,30/06/1994,1969
E07000061,Eastbourne,30/06/1995,1972
E07000061,Eastbourne,30/06/1996,1973
E07000061,Eastbourne,30/06/1997,1983
E07000061,Eastbourne,30/06/1998,1991
E07000061,Eastbourne,30/06/1999,2009
E07000061,Eastbourne,30/06/2000,2025
E07000061,Eastbourne,30/06/2001,2034
E07000061,Eastbourne,30/06/2002,2057
E07000061,Eastbourne,30/06/2003,2087
E07000061,Eastbourne,30/06/2004,2124
E07000061,Eastbourne,30/06/2005,2163
E07000061,Eastbourne,30/06/2006,2186
E07000061,Eastbourne,30/06/2007,2211
E07000061,Eastbourne,30/06/2008,2227
E07000061,Eastbourne,30/06/2009,2224
E07000061,Eastbourne,30/06/2010,2231
E07000061,Eastbourne,30/06/2011,2249
E07000061,Eastbourne,30/06/2012,2264
E07000061,Eastbourne,30/06/2013,2280
E07000061,Eastbourne,30/06/2014,2295
E07000061,Eastbourne,30/06/2015,2310
E07000061,Eastbourne,30/06/2016,2324
E07000061,Eastbourne,30/06/2017,2332
E07000061,Eastbourne,30/06/2018,2322
E07000061,Eastbourne,30/06/2019,2327
E07000061,Eastbourne,30/06/2020,2309
E07000061,Eastbourne,30/06/2021,2301
E07000061,Eastbourne,30/06/2022,2317
E07000061,Eastbourne,30/06/2023,2352
E07000061,Eastbourne,30/06/2024,2361
E07000062,Hastings,30/06/1991,2777
E07000062,Hastings,30/06/1992,2796
E07000062,Hastings,30/06/1993,2772
E07000062,Hastings,30/06/1994,2766
E07000062,Hastings,30/06/1995,2772
E07000062,Hastings,30/06/1996,2760
E07000062,Hastings,30/06/1997,2771
E07000062,Hastings,30/06/1998,2757
E07000062,Hastings,30/06/1999,2821
E07000062,Hastings,30/06/2000,2842
E07000062,Hastings,30/06/2001,2865
E07000062,Hastings,30/06/2002,2881
E07000062,Hastings,30/06/2003,2906
E07000062,Hastings,30/06/2004,2914
E07000062,Hastings,30/06/2005,2933
E07000062,Hastings,30/06/2006,2936
E07000062,Hastings,30/06/2007,2953
E07000062,Hastings,30/06/2008,2977
E07000062,Hastings,30/06/2009,2996
E07000062,Hastings,30/06/2010,3007
E07000062,Hastings,30/06/2011,3026
E07000062,Hastings,30/06/2012,3036
E07000062,Hastings,30/06/2013,3053
E07000062,Hastings,30/06/2014,3065
E07000062,Hastings,30/06/2015,3080
E07000062,Hastings,30/06/2016,3099
E07000062,Hastings,30/06/2017,3087
E07000062,Hastings,30/06/2018,3086
E07000062,Hastings,30/06/2019,3072
E07000062,Hastings,30/06/2020,3058
E07000062,Hastings,30/06/2021,3052
E07000062,Hastings,30/06/2022,3044
E07000062,Hastings,30/06/2023,3061
E07000062,Hastings,30/06/2024,3061
E07000063,Lewes,30/06/1991,302
E07000063,Lewes,30/06/1992,305
E07000063,Lewes,30/06/1993,306
E07000063,Lewes,30/06/1994,307
E07000063,Lewes,30/06/1995,306
E07000063,Lewes,30/06/1996,304
E07000063,Lewes,30/06/1997,304
E07000063,Lewes,30/06/1998,305
E07000063,Lewes,30/06/1999,311
E07000063,Lewes,30/06/2000,314
E07000063,Lewes,30/06/2001,316
E07000063,Lewes,30/06/2002,318
E07000063,Lewes,30/06/2003,319
E07000063,Lewes,30/06/2004,321
E07000063,Lewes,30/06/2005,321
E07000063,Lewes,30/06/2006,322
E07000063,Lewes,30/06/2007,324
E07000063,Lewes,30/06/2008,327
E07000063,Lewes,30/06/2009,329
E07000063,Lewes,30/06/2010,332
E07000063,Lewes,30/06/2011,334
E07000063,Lewes,30/06/2012,337
E07000063,Lewes,30/06/2013,340
E07000063,Lewes,30/06/2014,341
E07000063,Lewes,30/06/2015,341
E07000063,Lewes,30/06/2016,343
E07000063,Lewes,30/06/2017,344
E07000063,Lewes,30/06/2018,344
E07000063,Lewes,30/06/2019,345
E07000063,Lewes,30/06/2020,344
E07000063,Lewes,30/06/2021,343
E07000063,Lewes,30/06/2022,345
E07000063,Lewes,30/06/2023,348
E07000063,Lewes,30/06/2024,350
E07000064,Rother,30/06/1991,162
E07000064,Rother,30/06/1992,162
E07000064,Rother,30/06/1993,163
E07000064,Rother,30/06/1994,165
E07000064,Rother,30/06/1995,165
E07000064,Rother,30/06/1996,169
E07000064,Rother,30/06/1997,169
E07000064,Rother,30/06/1998,170
E07000064,Rother,30/06/1999,169
E07000064,Rother,30/06/2000,169
E07000064,Rother,30/06/2001,168
E07000064,Rother,30/06/2002,169
E07000064,Rother,30/06/2003,170
E07000064,Rother,30/06/2004,171
E07000064,Rother,30/06/2005,172
E07000064,Rother,30/06/2006,173
E07000064,Rother,30/06/2007,175
E07000064,Rother,30/06/2008,177
E07000064,Rother,30/06/2009,177
E07000064,Rother,30/06/2010,178
E07000064,Rother,30/06/2011,178
E07000064,Rother,30/06/2012,178
E07000064,Rother,30/06/2013,178
E07000064,Rother,30/06/2014,179
E07000064,Rother,30/06/2015,180
E07000064,Rother,30/06/2016,181
E07000064,Rother,30/06/2017,182
E07000064,Rother,30/06/2018,182
E07000064,Rother,30/06/2019,182
E07000064,Rother,30/06/2020,182
E07000064,Rother,30/06/2021,183
E07000064,Rother,30/06/2022,185
E07000064,Rother,30/06/2023,187
E07000064,Rother,30/06/2024,189
E07000065,Wealden,30/06/1991,157
E07000065,Wealden,30/06/1992,159
E07000065,Wealden,30/06/1993,159
E07000065,Wealden,30/06/1994,160
E07000065,Wealden,30/06/1995,161
E07000065,Wealden,30/06/1996,163
E07000065,Wealden,30/06/1997,165
E07000065,Wealden,30/06/1998,167
E07000065,Wealden,30/06/1999,167
E07000065,Wealden,30/06/2000,168
E07000065,Wealden,30/06/2001,168
E07000065,Wealden,30/06/2002,169
E07000065,Wealden,30/06/2003,171
E07000065,Wealden,30/06/2004,172
E07000065,Wealden,30/06/2005,173
E07000065,Wealden,30/06/2006,174
E07000065,Wealden,30/06/2007,175
E07000065,Wealden,30/06/2008,176
E07000065,Wealden,30/06/2009,176
E07000065,Wealden,30/06/2010,177
E07000065,Wealden,30/06/2011,179
E07000065,Wealden,30/06/2012,181
E07000065,Wealden,30/06/2013,182
E07000065,Wealden,30/06/2014,185
E07000065,Wealden,30/06/2015,186
E07000065,Wealden,30/06/2016,187
E07000065,Wealden,30/06/2017,188
E07000065,Wealden,30/06/2018,188
E07000065,Wealden,30/06/2019,189
E07000065,Wealden,30/06/2020,190
E07000065,Wealden,30/06/2021,193
E07000065,Wealden,30/06/2022,196
E07000065,Wealden,30/06/2023,198
E07000065,Wealden,30/06/2024,200
E07000066,Basildon,30/06/1991,1471
E07000066,Basildon,30/06/1992,1462
E07000066,Basildon,30/06/1993,1459
E07000066,Basildon,30/06/1994,1461
E07000066,Basildon,30/06/1995,1464
E07000066,Basildon,30/06/1996,1467
E07000066,Basildon,30/06/1997,1475
E07000066,Basildon,30/06/1998,1476
E07000066,Basildon,30/06/1999,1492
E07000066,Basildon,30/06/2000,1499
E07000066,Basildon,30/06/2001,1508
E07000066,Basildon,30/06/2002,1516
E07000066,Basildon,30/06/2003,1519
E07000066,Basildon,30/06/2004,1525
E07000066,Basildon,30/06/2005,1535
E07000066,Basildon,30/06/2006,1545
E07000066,Basildon,30/06/2007,1553
E07000066,Basildon,30/06/2008,1567
E07000066,Basildon,30/06/2009,1573
E07000066,Basildon,30/06/2010,1580
E07000066,Basildon,30/06/2011,1590
E07000066,Basildon,30/06/2012,1605
E07000066,Basildon,30/06/2013,1627
E07000066,Basildon,30/06/2014,1648
E07000066,Basildon,30/06/2015,1661
E07000066,Basildon,30/06/2016,1678
E07000066,Basildon,30/06/2017,1684
E07000066,Basildon,30/06/2018,1697
E07000066,Basildon,30/06/2019,1706
E07000066,Basildon,30/06/2020,1707
E07000066,Basildon,30/06/2021,1706
E07000066,Basildon,30/06/2022,1716
E07000066,Basildon,30/06/2023,1737
E07000066,Basildon,30/06/2024,1760
E07000067,Braintree,30/06/1991,195
E07000067,Braintree,30/06/1992,197
E07000067,Braintree,30/06/1993,197
E07000067,Braintree,30/06/1994,200
E07000067,Braintree,30/06/1995,201
E07000067,Braintree,30/06/1996,203
E07000067,Braintree,30/06/1997,205
E07000067,Braintree,30/06/1998,208
E07000067,Braintree,30/06/1999,211
E07000067,Braintree,30/06/2000,214
E07000067,Braintree,30/06/2001,217
E07000067,Braintree,30/06/2002,220
E07000067,Braintree,30/06/2003,222
E07000067,Braintree,30/06/2004,225
E07000067,Braintree,30/06/2005,227
E07000067,Braintree,30/06/2006,230
E07000067,Braintree,30/06/2007,233
E07000067,Braintree,30/06/2008,235
E07000067,Braintree,30/06/2009,236
E07000067,Braintree,30/06/2010,239
E07000067,Braintree,30/06/2011,241
E07000067,Braintree,30/06/2012,243
E07000067,Braintree,30/06/2013,244
E07000067,Braintree,30/06/2014,246
E07000067,Braintree,30/06/2015,247
E07000067,Braintree,30/06/2016,248
E07000067,Braintree,30/06/2017,249
E07000067,Braintree,30/06/2018,249
E07000067,Braintree,30/06/2019,251
E07000067,Braintree,30/06/2020,252
E07000067,Braintree,30/06/2021,255
E07000067,Braintree,30/06/2022,258
E07000067,Braintree,30/06/2023,262
E07000067,Braintree,30/06/2024,269
E07000068,Brentwood,30/06/1991,462
E07000068,Brentwood,30/06/1992,461
E07000068,Brentwood,30/06/1993,461
E07000068,Brentwood,30/06/1994,462
E07000068,Brentwood,30/06/1995,459
E07000068,Brentwood,30/06/1996,457
E07000068,Brentwood,30/06/1997,454
E07000068,Brentwood,30/06/1998,450
E07000068,Brentwood,30/06/1999,449
E07000068,Brentwood,30/06/2000,448
E07000068,Brentwood,30/06/2001,447
E07000068,Brentwood,30/06/2002,449
E07000068,Brentwood,30/06/2003,452
E07000068,Brentwood,30/06/2004,456
E07000068,Brentwood,30/06/2005,461
E07000068,Brentwood,30/06/2006,464
E07000068,Brentwood,30/06/2007,466
E07000068,Brentwood,30/06/2008,470
E07000068,Brentwood,30/06/2009,475
E07000068,Brentwood,30/06/2010,479
E07000068,Brentwood,30/06/2011,482
E07000068,Brentwood,30/06/2012,485
E07000068,Brentwood,30/06/2013,489
E07000068,Brentwood,30/06/2014,498
E07000068,Brentwood,30/06/2015,501
E07000068,Brentwood,30/06/2016,504
E07000068,Brentwood,30/06/2017,503
E07000068,Brentwood,30/06/2018,502
E07000068,Brentwood,30/06/2019,504
E07000068,Brentwood,30/06/2020,505
E07000068,Brentwood,30/06/2021,504
E07000068,Brentwood,30/06/2022,505
E07000068,Brentwood,30/06/2023,512
E07000068,Brentwood,30/06/2024,518
E07000069,Castle Point,30/06/1991,1945
E07000069,Castle Point,30/06/1992,1940
E07000069,Castle Point,30/06/1993,1932
E07000069,Castle Point,30/06/1994,1934
E07000069,Castle Point,30/06/1995,1926
E07000069,Castle Point,30/06/1996,1919
E07000069,Castle Point,30/06/1997,1914
E07000069,Castle Point,30/06/1998,1915
E07000069,Castle Point,30/06/1999,1927
E07000069,Castle Point,30/06/2000,1935
E07000069,Castle Point,30/06/2001,1940
E07000069,Castle Point,30/06/2002,1945
E07000069,Castle Point,30/06/2003,1953
E07000069,Castle Point,30/06/2004,1952
E07000069,Castle Point,30/06/2005,1958
E07000069,Castle Point,30/06/2006,1961
E07000069,Castle Point,30/06/2007,1965
E07000069,Castle Point,30/06/2008,1971
E07000069,Castle Point,30/06/2009,1973
E07000069,Castle Point,30/06/2010,1973
E07000069,Castle Point,30/06/2011,1969
E07000069,Castle Point,30/06/2012,1973
E07000069,Castle Point,30/06/2013,1979
E07000069,Castle Point,30/06/2014,1985
E07000069,Castle Point,30/06/2015,1989
E07000069,Castle Point,30/06/2016,2001
E07000069,Castle Point,30/06/2017,1999
E07000069,Castle Point,30/06/2018,2000
E07000069,Castle Point,30/06/2019,2006
E07000069,Castle Point,30/06/2020,2010
E07000069,Castle Point,30/06/2021,2008
E07000069,Castle Point,30/06/2022,2010
E07000069,Castle Point,30/06/2023,2018
E07000069,Castle Point,30/06/2024,2028
E07000070,Chelmsford,30/06/1991,453
E07000070,Chelmsford,30/06/1992,455
E07000070,Chelmsford,30/06/1993,459
E07000070,Chelmsford,30/06/1994,460
E07000070,Chelmsford,30/06/1995,463
E07000070,Chelmsford,30/06/1996,464
E07000070,Chelmsford,30/06/1997,461
E07000070,Chelmsford,30/06/1998,459
E07000070,Chelmsford,30/06/1999,460
E07000070,Chelmsford,30/06/2000,461
E07000070,Chelmsford,30/06/2001,464
E07000070,Chelmsford,30/06/2002,468
E07000070,Chelmsford,30/06/2003,473
E07000070,Chelmsford,30/06/2004,480
E07000070,Chelmsford,30/06/2005,483
E07000070,Chelmsford,30/06/2006,484
E07000070,Chelmsford,30/06/2007,485
E07000070,Chelmsford,30/06/2008,487
E07000070,Chelmsford,30/06/2009,491
E07000070,Chelmsford,30/06/2010,494
E07000070,Chelmsford,30/06/2011,497
E07000070,Chelmsford,30/06/2012,500
E07000070,Chelmsford,30/06/2013,503
E07000070,Chelmsford,30/06/2014,508
E07000070,Chelmsford,30/06/2015,512
E07000070,Chelmsford,30/06/2016,517
E07000070,Chelmsford,30/06/2017,523
E07000070,Chelmsford,30/06/2018,525
E07000070,Chelmsford,30/06/2019,531
E07000070,Chelmsford,30/06/2020,533
E07000070,Chelmsford,30/06/2021,537
E07000070,Chelmsford,30/06/2022,542
E07000070,Chelmsford,30/06/2023,549
E07000070,Chelmsford,30/06/2024,557
E07000071,Colchester,30/06/1991,446
E07000071,Colchester,30/06/1992,453
E07000071,Colchester,30/06/1993,453
E07000071,Colchester,30/06/1994,454
E07000071,Colchester,30/06/1995,457
E07000071,Colchester,30/06/1996,465
E07000071,Colchester,30/06/1997,469
E07000071,Colchester,30/06/1998,466
E07000071,Colchester,30/06/1999,471
E07000071,Colchester,30/06/2000,472
E07000071,Colchester,30/06/2001,475
E07000071,Colchester,30/06/2002,475
E07000071,Colchester,30/06/2003,479
E07000071,Colchester,30/06/2004,483
E07000071,Colchester,30/06/2005,494
E07000071,Colchester,30/06/2006,499
E07000071,Colchester,30/06/2007,505
E07000071,Colchester,30/06/2008,512
E07000071,Colchester,30/06/2009,515
E07000071,Colchester,30/06/2010,523
E07000071,Colchester,30/06/2011,529
E07000071,Colchester,30/06/2012,536
E07000071,Colchester,30/06/2013,540
E07000071,Colchester,30/06/2014,550
E07000071,Colchester,30/06/2015,558
E07000071,Colchester,30/06/2016,565
E07000071,Colchester,30/06/2017,570
E07000071,Colchester,30/06/2018,576
E07000071,Colchester,30/06/2019,580
E07000071,Colchester,30/06/2020,585
E07000071,Colchester,30/06/2021,587
E07000071,Colchester,30/06/2022,593
E07000071,Colchester,30/06/2023,605
E07000071,Colchester,30/06/2024,610
E07000072,Epping Forest,30/06/1991,341
E07000072,Epping Forest,30/06/1992,345
E07000072,Epping Forest,30/06/1993,345
E07000072,Epping Forest,30/06/1994,347
E07000072,Epping Forest,30/06/1995,348
E07000072,Epping Forest,30/06/1996,350
E07000072,Epping Forest,30/06/1997,351
E07000072,Epping Forest,30/06/1998,351
E07000072,Epping Forest,30/06/1999,355
E07000072,Epping Forest,30/06/2000,356
E07000072,Epping Forest,30/06/2001,357
E07000072,Epping Forest,30/06/2002,358
E07000072,Epping Forest,30/06/2003,358
E07000072,Epping Forest,30/06/2004,358
E07000072,Epping Forest,30/06/2005,359
E07000072,Epping Forest,30/06/2006,361
E07000072,Epping Forest,30/06/2007,362
E07000072,Epping Forest,30/06/2008,364
E07000072,Epping Forest,30/06/2009,365
E07000072,Epping Forest,30/06/2010,366
E07000072,Epping Forest,30/06/2011,368
E07000072,Epping Forest,30/06/2012,373
E07000072,Epping Forest,30/06/2013,378
E07000072,Epping Forest,30/06/2014,384
E07000072,Epping Forest,30/06/2015,386
E07000072,Epping Forest,30/06/2016,388
E07000072,Epping Forest,30/06/2017,391
E07000072,Epping Forest,30/06/2018,393
E07000072,Epping Forest,30/06/2019,396
E07000072,Epping Forest,30/06/2020,397
E07000072,Epping Forest,30/06/2021,398
E07000072,Epping Forest,30/06/2022,398
E07000072,Epping Forest,30/06/2023,402
E07000072,Epping Forest,30/06/2024,405
E07000073,Harlow,30/06/1991,2456
E07000073,Harlow,30/06/1992,2436
E07000073,Harlow,30/06/1993,2409
E07000073,Harlow,30/06/1994,2406
E07000073,Harlow,30/06/1995,2410
E07000073,Harlow,30/06/1996,2429
E07000073,Harlow,30/06/1997,2467
E07000073,Harlow,30/06/1998,2520
E07000073,Harlow,30/06/1999,2539
E07000073,Harlow,30/06/2000,2565
E07000073,Harlow,30/06/2001,2580
E07000073,Harlow,30/06/2002,2565
E07000073,Harlow,30/06/2003,2558
E07000073,Harlow,30/06/2004,2554
E07000073,Harlow,30/06/2005,2565
E07000073,Harlow,30/06/2006,2577
E07000073,Harlow,30/06/2007,2592
E07000073,Harlow,30/06/2008,2616
E07000073,Harlow,30/06/2009,2642
E07000073,Harlow,30/06/2010,2668
E07000073,Harlow,30/06/2011,2690
E07000073,Harlow,30/06/2012,2733
E07000073,Harlow,30/06/2013,2775
E07000073,Harlow,30/06/2014,2833
E07000073,Harlow,30/06/2015,2874
E07000073,Harlow,30/06/2016,2911
E07000073,Harlow,30/06/2017,2941
E07000073,Harlow,30/06/2018,2969
E07000073,Harlow,30/06/2019,3011
E07000073,Harlow,30/06/2020,3026
E07000073,Harlow,30/06/2021,3059
E07000073,Harlow,30/06/2022,3092
E07000073,Harlow,30/06/2023,3157
E07000073,Harlow,30/06/2024,3216
E07000074,Maldon,30/06/1991,147
E07000074,Maldon,30/06/1992,147
E07000074,Maldon,30/06/1993,148
E07000074,Maldon,30/06/1994,150
E07000074,Maldon,30/06/1995,152
E07000074,Maldon,30/06/1996,153
E07000074,Maldon,30/06/1997,155
E07000074,Maldon,30/06/1998,158
E07000074,Maldon,30/06/1999,161
E07000074,Maldon,30/06/2000,164
E07000074,Maldon,30/06/2001,167
E07000074,Maldon,30/06/2002,167
E07000074,Maldon,30/06/2003,168
E07000074,Maldon,30/06/2004,169
E07000074,Maldon,30/06/2005,170
E07000074,Maldon,30/06/2006,170
E07000074,Maldon,30/06/2007,172
E07000074,Maldon,30/06/2008,172
E07000074,Maldon,30/06/2009,173
E07000074,Maldon,30/06/2010,173
E07000074,Maldon,30/06/2011,172
E07000074,Maldon,30/06/2012,173
E07000074,Maldon,30/06/2013,174
E07000074,Maldon,30/06/2014,176
E07000074,Maldon,30/06/2015,176
E07000074,Maldon,30/06/2016,177
E07000074,Maldon,30/06/2017,178
E07000074,Maldon,30/06/2018,179
E07000074,Maldon,30/06/2019,180
E07000074,Maldon,30/06/2020,182
E07000074,Maldon,30/06/2021,186
E07000074,Maldon,30/06/2022,189
E07000074,Maldon,30/06/2023,191
E07000074,Maldon,30/06/2024,193
E07000075,Rochford,30/06/1991,452
E07000075,Rochford,30/06/1992,452
E07000075,Rochford,30/06/1993,452
E07000075,Rochford,30/06/1994,451
E07000075,Rochford,30/06/1995,453
E07000075,Rochford,30/06/1996,454
E07000075,Rochford,30/06/1997,455
E07000075,Rochford,30/06/1998,458
E07000075,Rochford,30/06/1999,463
E07000075,Rochford,30/06/2000,468
E07000075,Rochford,30/06/2001,471
E07000075,Rochford,30/06/2002,475
E07000075,Rochford,30/06/2003,476
E07000075,Rochford,30/06/2004,479
E07000075,Rochford,30/06/2005,484
E07000075,Rochford,30/06/2006,488
E07000075,Rochford,30/06/2007,492
E07000075,Rochford,30/06/2008,497
E07000075,Rochford,30/06/2009,497
E07000075,Rochford,30/06/2010,499
E07000075,Rochford,30/06/2011,499
E07000075,Rochford,30/06/2012,500
E07000075,Rochford,30/06/2013,499
E07000075,Rochford,30/06/2014,503
E07000075,Rochford,30/06/2015,504
E07000075,Rochford,30/06/2016,506
E07000075,Rochford,30/06/2017,507
E07000075,Rochford,30/06/2018,509
E07000075,Rochford,30/06/2019,510
E07000075,Rochford,30/06/2020,510
E07000075,Rochford,30/06/2021,516
E07000075,Rochford,30/06/2022,522
E07000075,Rochford,30/06/2023,530
E07000075,Rochford,30/06/2024,538
E07000076,Tendring,30/06/1991,374
E07000076,Tendring,30/06/1992,378
E07000076,Tendring,30/06/1993,380
E07000076,Tendring,30/06/1994,387
E07000076,Tendring,30/06/1995,389
E07000076,Tendring,30/06/1996,391
E07000076,Tendring,30/06/1997,394
E07000076,Tendring,30/06/1998,402
E07000076,Tendring,30/06/1999,403
E07000076,Tendring,30/06/2000,409
E07000076,Tendring,30/06/2001,413
E07000076,Tendring,30/06/2002,414
E07000076,Tendring,30/06/2003,416
E07000076,Tendring,30/06/2004,417
E07000076,Tendring,30/06/2005,417
E07000076,Tendring,30/06/2006,418
E07000076,Tendring,30/06/2007,418
E07000076,Tendring,30/06/2008,418
E07000076,Tendring,30/06/2009,415
E07000076,Tendring,30/06/2010,413
E07000076,Tendring,30/06/2011,411
E07000076,Tendring,30/06/2012,411
E07000076,Tendring,30/06/2013,413
E07000076,Tendring,30/06/2014,417
E07000076,Tendring,30/06/2015,421
E07000076,Tendring,30/06/2016,425
E07000076,Tendring,30/06/2017,429
E07000076,Tendring,30/06/2018,432
E07000076,Tendring,30/06/2019,433
E07000076,Tendring,30/06/2020,435
E07000076,Tendring,30/06/2021,443
E07000076,Tendring,30/06/2022,451
E07000076,Tendring,30/06/2023,459
E07000076,Tendring,30/06/2024,466
E07000077,Uttlesford,30/06/1991,102
E07000077,Uttlesford,30/06/1992,102
E07000077,Uttlesford,30/06/1993,103
E07000077,Uttlesford,30/06/1994,104
E07000077,Uttlesford,30/06/1995,105
E07000077,Uttlesford,30/06/1996,105
E07000077,Uttlesford,30/06/1997,105
E07000077,Uttlesford,30/06/1998,106
E07000077,Uttlesford,30/06/1999,106
E07000077,Uttlesford,30/06/2000,107
E07000077,Uttlesford,30/06/2001,108
E07000077,Uttlesford,30/06/2002,108
E07000077,Uttlesford,30/06/2003,110
E07000077,Uttlesford,30/06/2004,111
E07000077,Uttlesford,30/06/2005,112
E07000077,Uttlesford,30/06/2006,114
E07000077,Uttlesford,30/06/2007,116
E07000077,Uttlesford,30/06/2008,118
E07000077,Uttlesford,30/06/2009,120
E07000077,Uttlesford,30/06/2010,123
E07000077,Uttlesford,30/06/2011,125
E07000077,Uttlesford,30/06/2012,127
E07000077,Uttlesford,30/06/2013,128
E07000077,Uttlesford,30/06/2014,131
E07000077,Uttlesford,30/06/2015,132
E07000077,Uttlesford,30/06/2016,133
E07000077,Uttlesford,30/06/2017,135
E07000077,Uttlesford,30/06/2018,137
E07000077,Uttlesford,30/06/2019,139
E07000077,Uttlesford,30/06/2020,141
E07000077,Uttlesford,30/06/2021,143
E07000077,Uttlesford,30/06/2022,145
E07000077,Uttlesford,30/06/2023,146
E07000077,Uttlesford,30/06/2024,148
E07000078,Cheltenham,30/06/1991,2297
E07000078,Cheltenham,30/06/1992,2290
E07000078,Cheltenham,30/06/1993,2285
E07000078,Cheltenham,30/06/1994,2294
E07000078,Cheltenham,30/06/1995,2299
E07000078,Cheltenham,30/06/1996,2310
E07000078,Cheltenham,30/06/1997,2321
E07000078,Cheltenham,30/06/1998,2311
E07000078,Cheltenham,30/06/1999,2331
E07000078,Cheltenham,30/06/2000,2349
E07000078,Cheltenham,30/06/2001,2361
E07000078,Cheltenham,30/06/2002,2356
E07000078,Cheltenham,30/06/2003,2345
E07000078,Cheltenham,30/06/2004,2356
E07000078,Cheltenham,30/06/2005,2381
E07000078,Cheltenham,30/06/2006,2396
E07000078,Cheltenham,30/06/2007,2415
E07000078,Cheltenham,30/06/2008,2425
E07000078,Cheltenham,30/06/2009,2446
E07000078,Cheltenham,30/06/2010,2466
E07000078,Cheltenham,30/06/2011,2482
E07000078,Cheltenham,30/06/2012,2490
E07000078,Cheltenham,30/06/2013,2493
E07000078,Cheltenham,30/06/2014,2513
E07000078,Cheltenham,30/06/2015,2526
E07000078,Cheltenham,30/06/2016,2553
E07000078,Cheltenham,30/06/2017,2560
E07000078,Cheltenham,30/06/2018,2567
E07000078,Cheltenham,30/06/2019,2564
E07000078,Cheltenham,30/06/2020,2552
E07000078,Cheltenham,30/06/2021,2550
E07000078,Cheltenham,30/06/2022,2567
E07000078,Cheltenham,30/06/2023,2594
E07000078,Cheltenham,30/06/2024,2613
E07000079,Cotswold,30/06/1991,64
E07000079,Cotswold,30/06/1992,65
E07000079,Cotswold,30/06/1993,67
E07000079,Cotswold,30/06/1994,68
E07000079,Cotswold,30/06/1995,69
E07000079,Cotswold,30/06/1996,68
E07000079,Cotswold,30/06/1997,69
E07000079,Cotswold,30/06/1998,69
E07000079,Cotswold,30/06/1999,69
E07000079,Cotswold,30/06/2000,69
E07000079,Cotswold,30/06/2001,69
E07000079,Cotswold,30/06/2002,69
E07000079,Cotswold,30/06/2003,70
E07000079,Cotswold,30/06/2004,70
E07000079,Cotswold,30/06/2005,71
E07000079,Cotswold,30/06/2006,71
E07000079,Cotswold,30/06/2007,71
E07000079,Cotswold,30/06/2008,71
E07000079,Cotswold,30/06/2009,71
E07000079,Cotswold,30/06/2010,71
E07000079,Cotswold,30/06/2011,71
E07000079,Cotswold,30/06/2012,72
E07000079,Cotswold,30/06/2013,72
E07000079,Cotswold,30/06/2014,73
E07000079,Cotswold,30/06/2015,73
E07000079,Cotswold,30/06/2016,74
E07000079,Cotswold,30/06/2017,75
E07000079,Cotswold,30/06/2018,76
E07000079,Cotswold,30/06/2019,77
E07000079,Cotswold,30/06/2020,77
E07000079,Cotswold,30/06/2021,78
E07000079,Cotswold,30/06/2022,78
E07000079,Cotswold,30/06/2023,79
E07000079,Cotswold,30/06/2024,79
E07000080,Forest of Dean,30/06/1991,144
E07000080,Forest of Dean,30/06/1992,144
E07000080,Forest of Dean,30/06/1993,144
E07000080,Forest of Dean,30/06/1994,144
E07000080,Forest of Dean,30/06/1995,144
E07000080,Forest of Dean,30/06/1996,145
E07000080,Forest of Dean,30/06/1997,148
E07000080,Forest of Dean,30/06/1998,149
E07000080,Forest of Dean,30/06/1999,151
E07000080,Forest of Dean,30/06/2000,152
E07000080,Forest of Dean,30/06/2001,152
E07000080,Forest of Dean,30/06/2002,152
E07000080,Forest of Dean,30/06/2003,154
E07000080,Forest of Dean,30/06/2004,154
E07000080,Forest of Dean,30/06/2005,155
E07000080,Forest of Dean,30/06/2006,155
E07000080,Forest of Dean,30/06/2007,156
E07000080,Forest of Dean,30/06/2008,156
E07000080,Forest of Dean,30/06/2009,156
E07000080,Forest of Dean,30/06/2010,156
E07000080,Forest of Dean,30/06/2011,156
E07000080,Forest of Dean,30/06/2012,157
E07000080,Forest of Dean,30/06/2013,157
E07000080,Forest of Dean,30/06/2014,159
E07000080,Forest of Dean,30/06/2015,160
E07000080,Forest of Dean,30/06/2016,162
E07000080,Forest of Dean,30/06/2017,163
E07000080,Forest of Dean,30/06/2018,164
E07000080,Forest of Dean,30/06/2019,164
E07000080,Forest of Dean,30/06/2020,164
E07000080,Forest of Dean,30/06/2021,166
E07000080,Forest of Dean,30/06/2022,167
E07000080,Forest of Dean,30/06/2023,169
E07000080,Forest of Dean,30/06/2024,171
E07000081,Gloucester,30/06/1991,2552
E07000081,Gloucester,30/06/1992,2573
E07000081,Gloucester,30/06/1993,2564
E07000081,Gloucester,30/06/1994,2566
E07000081,Gloucester,30/06/1995,2596
E07000081,Gloucester,30/06/1996,2624
E07000081,Gloucester,30/06/1997,2643
E07000081,Gloucester,30/06/1998,2649
E07000081,Gloucester,30/06/1999,2700
E07000081,Gloucester,30/06/2000,2720
E07000081,Gloucester,30/06/2001,2711
E07000081,Gloucester,30/06/2002,2727
E07000081,Gloucester,30/06/2003,2751
E07000081,Gloucester,30/06/2004,2776
E07000081,Gloucester,30/06/2005,2808
E07000081,Gloucester,30/06/2006,2843
E07000081,Gloucester,30/06/2007,2891
E07000081,Gloucester,30/06/2008,2919
E07000081,Gloucester,30/06/2009,2943
E07000081,Gloucester,30/06/2010,2975
E07000081,Gloucester,30/06/2011,3006
E07000081,Gloucester,30/06/2012,3045
E07000081,Gloucester,30/06/2013,3081
E07000081,Gloucester,30/06/2014,3111
E07000081,Gloucester,30/06/2015,3157
E07000081,Gloucester,30/06/2016,3199
E07000081,Gloucester,30/06/2017,3228
E07000081,Gloucester,30/06/2018,3238
E07000081,Gloucester,30/06/2019,3249
E07000081,Gloucester,30/06/2020,3258
E07000081,Gloucester,30/06/2021,3269
E07000081,Gloucester,30/06/2022,3297
E07000081,Gloucester,30/06/2023,3361
E07000081,Gloucester,30/06/2024,3418
E07000082,Stroud,30/06/1991,226
E07000082,Stroud,30/06/1992,228
E07000082,Stroud,30/06/1993,227
E07000082,Stroud,30/06/1994,229
E07000082,Stroud,30/06/1995,231
E07000082,Stroud,30/06/1996,232
E07000082,Stroud,30/06/1997,233
E07000082,Stroud,30/06/1998,233
E07000082,Stroud,30/06/1999,234
E07000082,Stroud,30/06/2000,234
E07000082,Stroud,30/06/2001,235
E07000082,Stroud,30/06/2002,235
E07000082,Stroud,30/06/2003,236
E07000082,Stroud,30/06/2004,238
E07000082,Stroud,30/06/2005,239
E07000082,Stroud,30/06/2006,240
E07000082,Stroud,30/06/2007,241
E07000082,Stroud,30/06/2008,242
E07000082,Stroud,30/06/2009,243
E07000082,Stroud,30/06/2010,244
E07000082,Stroud,30/06/2011,246
E07000082,Stroud,30/06/2012,246
E07000082,Stroud,30/06/2013,247
E07000082,Stroud,30/06/2014,250
E07000082,Stroud,30/06/2015,254
E07000082,Stroud,30/06/2016,254
E07000082,Stroud,30/06/2017,255
E07000082,Stroud,30/06/2018,257
E07000082,Stroud,30/06/2019,258
E07000082,Stroud,30/06/2020,259
E07000082,Stroud,30/06/2021,264
E07000082,Stroud,30/06/2022,268
E07000082,Stroud,30/06/2023,270
E07000082,Stroud,30/06/2024,273
E07000083,Tewkesbury,30/06/1991,171
E07000083,Tewkesbury,30/06/1992,172
E07000083,Tewkesbury,30/06/1993,173
E07000083,Tewkesbury,30/06/1994,174
E07000083,Tewkesbury,30/06/1995,176
E07000083,Tewkesbury,30/06/1996,179
E07000083,Tewkesbury,30/06/1997,186
E07000083,Tewkesbury,30/06/1998,180
E07000083,Tewkesbury,30/06/1999,182
E07000083,Tewkesbury,30/06/2000,184
E07000083,Tewkesbury,30/06/2001,185
E07000083,Tewkesbury,30/06/2002,186
E07000083,Tewkesbury,30/06/2003,187
E07000083,Tewkesbury,30/06/2004,188
E07000083,Tewkesbury,30/06/2005,189
E07000083,Tewkesbury,30/06/2006,190
E07000083,Tewkesbury,30/06/2007,192
E07000083,Tewkesbury,30/06/2008,192
E07000083,Tewkesbury,30/06/2009,194
E07000083,Tewkesbury,30/06/2010,197
E07000083,Tewkesbury,30/06/2011,199
E07000083,Tewkesbury,30/06/2012,199
E07000083,Tewkesbury,30/06/2013,202
E07000083,Tewkesbury,30/06/2014,205
E07000083,Tewkesbury,30/06/2015,206
E07000083,Tewkesbury,30/06/2016,210
E07000083,Tewkesbury,30/06/2017,214
E07000083,Tewkesbury,30/06/2018,219
E07000083,Tewkesbury,30/06/2019,224
E07000083,Tewkesbury,30/06/2020,226
E07000083,Tewkesbury,30/06/2021,230
E07000083,Tewkesbury,30/06/2022,234
E07000083,Tewkesbury,30/06/2023,240
E07000083,Tewkesbury,30/06/2024,246
E07000084,Basingstoke and Deane,30/06/1991,229
E07000084,Basingstoke and Deane,30/06/1992,230
E07000084,Basingstoke and Deane,30/06/1993,231
E07000084,Basingstoke and Deane,30/06/1994,232
E07000084,Basingstoke and Deane,30/06/1995,233
E07000084,Basingstoke and Deane,30/06/1996,234
E07000084,Basingstoke and Deane,30/06/1997,235
E07000084,Basingstoke and Deane,30/06/1998,235
E07000084,Basingstoke and Deane,30/06/1999,239
E07000084,Basingstoke and Deane,30/06/2000,240
E07000084,Basingstoke and Deane,30/06/2001,241
E07000084,Basingstoke and Deane,30/06/2002,242
E07000084,Basingstoke and Deane,30/06/2003,244
E07000084,Basingstoke and Deane,30/06/2004,246
E07000084,Basingstoke and Deane,30/06/2005,248
E07000084,Basingstoke and Deane,30/06/2006,250
E07000084,Basingstoke and Deane,30/06/2007,253
E07000084,Basingstoke and Deane,30/06/2008,256
E07000084,Basingstoke and Deane,30/06/2009,259
E07000084,Basingstoke and Deane,30/06/2010,262
E07000084,Basingstoke and Deane,30/06/2011,266
E07000084,Basingstoke and Deane,30/06/2012,270
E07000084,Basingstoke and Deane,30/06/2013,273
E07000084,Basingstoke and Deane,30/06/2014,276
E07000084,Basingstoke and Deane,30/06/2015,279
E07000084,Basingstoke and Deane,30/06/2016,281
E07000084,Basingstoke and Deane,30/06/2017,283
E07000084,Basingstoke and Deane,30/06/2018,284
E07000084,Basingstoke and Deane,30/06/2019,286
E07000084,Basingstoke and Deane,30/06/2020,289
E07000084,Basingstoke and Deane,30/06/2021,293
E07000084,Basingstoke and Deane,30/06/2022,297
E07000084,Basingstoke and Deane,30/06/2023,301
E07000084,Basingstoke and Deane,30/06/2024,305
E07000085,East Hampshire,30/06/1991,202
E07000085,East Hampshire,30/06/1992,202
E07000085,East Hampshire,30/06/1993,205
E07000085,East Hampshire,30/06/1994,207
E07000085,East Hampshire,30/06/1995,210
E07000085,East Hampshire,30/06/1996,211
E07000085,East Hampshire,30/06/1997,211
E07000085,East Hampshire,30/06/1998,210
E07000085,East Hampshire,30/06/1999,211
E07000085,East Hampshire,30/06/2000,211
E07000085,East Hampshire,30/06/2001,213
E07000085,East Hampshire,30/06/2002,213
E07000085,East Hampshire,30/06/2003,213
E07000085,East Hampshire,30/06/2004,214
E07000085,East Hampshire,30/06/2005,215
E07000085,East Hampshire,30/06/2006,216
E07000085,East Hampshire,30/06/2007,218
E07000085,East Hampshire,30/06/2008,220
E07000085,East Hampshire,30/06/2009,222
E07000085,East Hampshire,30/06/2010,224
E07000085,East Hampshire,30/06/2011,226
E07000085,East Hampshire,30/06/2012,227
E07000085,East Hampshire,30/06/2013,228
E07000085,East Hampshire,30/06/2014,229
E07000085,East Hampshire,30/06/2015,231
E07000085,East Hampshire,30/06/2016,231
E07000085,East Hampshire,30/06/2017,232
E07000085,East Hampshire,30/06/2018,235
E07000085,East Hampshire,30/06/2019,237
E07000085,East Hampshire,30/06/2020,241
E07000085,East Hampshire,30/06/2021,245
E07000085,East Hampshire,30/06/2022,248
E07000085,East Hampshire,30/06/2023,251
E07000085,East Hampshire,30/06/2024,253
E07000086,Eastleigh,30/06/1991,1337
E07000086,Eastleigh,30/06/1992,1351
E07000086,Eastleigh,30/06/1993,1368
E07000086,Eastleigh,30/06/1994,1381
E07000086,Eastleigh,30/06/1995,1385
E07000086,Eastleigh,30/06/1996,1388
E07000086,Eastleigh,30/06/1997,1392
E07000086,Eastleigh,30/06/1998,1394
E07000086,Eastleigh,30/06/1999,1436
E07000086,Eastleigh,30/06/2000,1454
E07000086,Eastleigh,30/06/2001,1459
E07000086,Eastleigh,30/06/2002,1461
E07000086,Eastleigh,30/06/2003,1464
E07000086,Eastleigh,30/06/2004,1469
E07000086,Eastleigh,30/06/2005,1482
E07000086,Eastleigh,30/06/2006,1499
E07000086,Eastleigh,30/06/2007,1513
E07000086,Eastleigh,30/06/2008,1522
E07000086,Eastleigh,30/06/2009,1536
E07000086,Eastleigh,30/06/2010,1559
E07000086,Eastleigh,30/06/2011,1579
E07000086,Eastleigh,30/06/2012,1587
E07000086,Eastleigh,30/06/2013,1597
E07000086,Eastleigh,30/06/2014,1609
E07000086,Eastleigh,30/06/2015,1610
E07000086,Eastleigh,30/06/2016,1616
E07000086,Eastleigh,30/06/2017,1624
E07000086,Eastleigh,30/06/2018,1638
E07000086,Eastleigh,30/06/2019,1659
E07000086,Eastleigh,30/06/2020,1683
E07000086,Eastleigh,30/06/2021,1719
E07000086,Eastleigh,30/06/2022,1746
E07000086,Eastleigh,30/06/2023,1769
E07000086,Eastleigh,30/06/2024,1794
E07000087,Fareham,30/06/1991,1342
E07000087,Fareham,30/06/1992,1358
E07000087,Fareham,30/06/1993,1361
E07000087,Fareham,30/06/1994,1372
E07000087,Fareham,30/06/1995,1384
E07000087,Fareham,30/06/1996,1401
E07000087,Fareham,30/06/1997,1418
E07000087,Fareham,30/06/1998,1424
E07000087,Fareham,30/06/1999,1430
E07000087,Fareham,30/06/2000,1443
E07000087,Fareham,30/06/2001,1457
E07000087,Fareham,30/06/2002,1461
E07000087,Fareham,30/06/2003,1462
E07000087,Fareham,30/06/2004,1462
E07000087,Fareham,30/06/2005,1456
E07000087,Fareham,30/06/2006,1460
E07000087,Fareham,30/06/2007,1474
E07000087,Fareham,30/06/2008,1485
E07000087,Fareham,30/06/2009,1493
E07000087,Fareham,30/06/2010,1501
E07000087,Fareham,30/06/2011,1508
E07000087,Fareham,30/06/2012,1523
E07000087,Fareham,30/06/2013,1528
E07000087,Fareham,30/06/2014,1538
E07000087,Fareham,30/06/2015,1542
E07000087,Fareham,30/06/2016,1551
E07000087,Fareham,30/06/2017,1553
E07000087,Fareham,30/06/2018,1551
E07000087,Fareham,30/06/2019,1548
E07000087,Fareham,30/06/2020,1546
E07000087,Fareham,30/06/2021,1549
E07000087,Fareham,30/06/2022,1544
E07000087,Fareham,30/06/2023,1546
E07000087,Fareham,30/06/2024,1555
E07000088,Gosport,30/06/1991,3014
E07000088,Gosport,30/06/1992,3013
E07000088,Gosport,30/06/1993,2992
E07000088,Gosport,30/06/1994,2948
E07000088,Gosport,30/06/1995,2949
E07000088,Gosport,30/06/1996,3011
E07000088,Gosport,30/06/1997,3032
E07000088,Gosport,30/06/1998,3028
E07000088,Gosport,30/06/1999,3009
E07000088,Gosport,30/06/2000,3027
E07000088,Gosport,30/06/2001,3022
E07000088,Gosport,30/06/2002,3028
E07000088,Gosport,30/06/2003,3058
E07000088,Gosport,30/06/2004,3078
E07000088,Gosport,30/06/2005,3100
E07000088,Gosport,30/06/2006,3136
E07000088,Gosport,30/06/2007,3178
E07000088,Gosport,30/06/2008,3221
E07000088,Gosport,30/06/2009,3230
E07000088,Gosport,30/06/2010,3244
E07000088,Gosport,30/06/2011,3258
E07000088,Gosport,30/06/2012,3274
E07000088,Gosport,30/06/2013,3272
E07000088,Gosport,30/06/2014,3294
E07000088,Gosport,30/06/2015,3304
E07000088,Gosport,30/06/2016,3329
E07000088,Gosport,30/06/2017,3320
E07000088,Gosport,30/06/2018,3299
E07000088,Gosport,30/06/2019,3272
E07000088,Gosport,30/06/2020,3255
E07000088,Gosport,30/06/2021,3238
E07000088,Gosport,30/06/2022,3247
E07000088,Gosport,30/06/2023,3261
E07000088,Gosport,30/06/2024,3268
E07000089,Hart,30/06/1991,374
E07000089,Hart,30/06/1992,378
E07000089,Hart,30/06/1993,380
E07000089,Hart,30/06/1994,380
E07000089,Hart,30/06/1995,381
E07000089,Hart,30/06/1996,387
E07000089,Hart,30/06/1997,385
E07000089,Hart,30/06/1998,384
E07000089,Hart,30/06/1999,386
E07000089,Hart,30/06/2000,386
E07000089,Hart,30/06/2001,388
E07000089,Hart,30/06/2002,391
E07000089,Hart,30/06/2003,396
E07000089,Hart,30/06/2004,401
E07000089,Hart,30/06/2005,407
E07000089,Hart,30/06/2006,413
E07000089,Hart,30/06/2007,417
E07000089,Hart,30/06/2008,421
E07000089,Hart,30/06/2009,423
E07000089,Hart,30/06/2010,424
E07000089,Hart,30/06/2011,426
E07000089,Hart,30/06/2012,429
E07000089,Hart,30/06/2013,432
E07000089,Hart,30/06/2014,436
E07000089,Hart,30/06/2015,440
E07000089,Hart,30/06/2016,444
E07000089,Hart,30/06/2017,447
E07000089,Hart,30/06/2018,451
E07000089,Hart,30/06/2019,454
E07000089,Hart,30/06/2020,457
E07000089,Hart,30/06/2021,466
E07000089,Hart,30/06/2022,469
E07000089,Hart,30/06/2023,475
E07000089,Hart,30/06/2024,479
E07000090,Havant,30/06/1991,2149
E07000090,Havant,30/06/1992,2117
E07000090,Havant,30/06/1993,2096
E07000090,Havant,30/06/1994,2128
E07000090,Havant,30/06/1995,2101
E07000090,Havant,30/06/1996,2086
E07000090,Havant,30/06/1997,2094
E07000090,Havant,30/06/1998,2099
E07000090,Havant,30/06/1999,2104
E07000090,Havant,30/06/2000,2103
E07000090,Havant,30/06/2001,2097
E07000090,Havant,30/06/2002,2102
E07000090,Havant,30/06/2003,2105
E07000090,Havant,30/06/2004,2105
E07000090,Havant,30/06/2005,2108
E07000090,Havant,30/06/2006,2113
E07000090,Havant,30/06/2007,2122
E07000090,Havant,30/06/2008,2135
E07000090,Havant,30/06/2009,2142
E07000090,Havant,30/06/2010,2154
E07000090,Havant,30/06/2011,2166
E07000090,Havant,30/06/2012,2170
E07000090,Havant,30/06/2013,2172
E07000090,Havant,30/06/2014,2180
E07000090,Havant,30/06/2015,2192
E07000090,Havant,30/06/2016,2207
E07000090,Havant,30/06/2017,2221
E07000090,Havant,30/06/2018,2226
E07000090,Havant,30/06/2019,2226
E07000090,Havant,30/06/2020,2224
E07000090,Havant,30/06/2021,2233
E07000090,Havant,30/06/2022,2239
E07000090,Havant,30/06/2023,2261
E07000090,Havant,30/06/2024,2278
E07000091,New Forest,30/06/1991,214
E07000091,New Forest,30/06/1992,215
E07000091,New Forest,30/06/1993,217
E07000091,New Forest,30/06/1994,220
E07000091,New Forest,30/06/1995,222
E07000091,New Forest,30/06/1996,223
E07000091,New Forest,30/06/1997,224
E07000091,New Forest,30/06/1998,224
E07000091,New Forest,30/06/1999,225
E07000091,New Forest,30/06/2000,225
E07000091,New Forest,30/06/2001,225
E07000091,New Forest,30/06/2002,227
E07000091,New Forest,30/06/2003,228
E07000091,New Forest,30/06/2004,228
E07000091,New Forest,30/06/2005,229
E07000091,New Forest,30/06/2006,230
E07000091,New Forest,30/06/2007,231
E07000091,New Forest,30/06/2008,232
E07000091,New Forest,30/06/2009,233
E07000091,New Forest,30/06/2010,234
E07000091,New Forest,30/06/2011,235
E07000091,New Forest,30/06/2012,235
E07000091,New Forest,30/06/2013,236
E07000091,New Forest,30/06/2014,237
E07000091,New Forest,30/06/2015,236
E07000091,New Forest,30/06/2016,236
E07000091,New Forest,30/06/2017,236
E07000091,New Forest,30/06/2018,236
E07000091,New Forest,30/06/2019,235
E07000091,New Forest,30/06/2020,234
E07000091,New Forest,30/06/2021,234
E07000091,New Forest,30/06/2022,234
E07000091,New Forest,30/06/2023,234
E07000091,New Forest,30/06/2024,234
E07000092,Rushmoor,30/06/1991,2200
E07000092,Rushmoor,30/06/1992,2236
E07000092,Rushmoor,30/06/1993,2192
E07000092,Rushmoor,30/06/1994,2211
E07000092,Rushmoor,30/06/1995,2231
E07000092,Rushmoor,30/06/1996,2227
E07000092,Rushmoor,30/06/1997,2225
E07000092,Rushmoor,30/06/1998,2283
E07000092,Rushmoor,30/06/1999,2317
E07000092,Rushmoor,30/06/2000,2289
E07000092,Rushmoor,30/06/2001,2328
E07000092,Rushmoor,30/06/2002,2302
E07000092,Rushmoor,30/06/2003,2298
E07000092,Rushmoor,30/06/2004,2288
E07000092,Rushmoor,30/06/2005,2306
E07000092,Rushmoor,30/06/2006,2332
E07000092,Rushmoor,30/06/2007,2353
E07000092,Rushmoor,30/06/2008,2371
E07000092,Rushmoor,30/06/2009,2371
E07000092,Rushmoor,30/06/2010,2392
E07000092,Rushmoor,30/06/2011,2416
E07000092,Rushmoor,30/06/2012,2448
E07000092,Rushmoor,30/06/2013,2467
E07000092,Rushmoor,30/06/2014,2486
E07000092,Rushmoor,30/06/2015,2501
E07000092,Rushmoor,30/06/2016,2545
E07000092,Rushmoor,30/06/2017,2550
E07000092,Rushmoor,30/06/2018,2545
E07000092,Rushmoor,30/06/2019,2555
E07000092,Rushmoor,30/06/2020,2564
E07000092,Rushmoor,30/06/2021,2563
E07000092,Rushmoor,30/06/2022,2589
E07000092,Rushmoor,30/06/2023,2647
E07000092,Rushmoor,30/06/2024,2708
E07000093,Test Valley,30/06/1991,161
E07000093,Test Valley,30/06/1992,163
E07000093,Test Valley,30/06/1993,165
E07000093,Test Valley,30/06/1994,165
E07000093,Test Valley,30/06/1995,165
E07000093,Test Valley,30/06/1996,167
E07000093,Test Valley,30/06/1997,170
E07000093,Test Valley,30/06/1998,173
E07000093,Test Valley,30/06/1999,173
E07000093,Test Valley,30/06/2000,174
E07000093,Test Valley,30/06/2001,175
E07000093,Test Valley,30/06/2002,176
E07000093,Test Valley,30/06/2003,177
E07000093,Test Valley,30/06/2004,179
E07000093,Test Valley,30/06/2005,180
E07000093,Test Valley,30/06/2006,181
E07000093,Test Valley,30/06/2007,182
E07000093,Test Valley,30/06/2008,183
E07000093,Test Valley,30/06/2009,184
E07000093,Test Valley,30/06/2010,185
E07000093,Test Valley,30/06/2011,186
E07000093,Test Valley,30/06/2012,187
E07000093,Test Valley,30/06/2013,190
E07000093,Test Valley,30/06/2014,192
E07000093,Test Valley,30/06/2015,195
E07000093,Test Valley,30/06/2016,198
E07000093,Test Valley,30/06/2017,200
E07000093,Test Valley,30/06/2018,202
E07000093,Test Valley,30/06/2019,203
E07000093,Test Valley,30/06/2020,205
E07000093,Test Valley,30/06/2021,209
E07000093,Test Valley,30/06/2022,212
E07000093,Test Valley,30/06/2023,214
E07000093,Test Valley,30/06/2024,215
E07000094,Winchester,30/06/1991,149
E07000094,Winchester,30/06/1992,150
E07000094,Winchester,30/06/1993,150
E07000094,Winchester,30/06/1994,152
E07000094,Winchester,30/06/1995,155
E07000094,Winchester,30/06/1996,157
E07000094,Winchester,30/06/1997,159
E07000094,Winchester,30/06/1998,162
E07000094,Winchester,30/06/1999,162
E07000094,Winchester,30/06/2000,162
E07000094,Winchester,30/06/2001,162
E07000094,Winchester,30/06/2002,163
E07000094,Winchester,30/06/2003,164
E07000094,Winchester,30/06/2004,165
E07000094,Winchester,30/06/2005,166
E07000094,Winchester,30/06/2006,167
E07000094,Winchester,30/06/2007,169
E07000094,Winchester,30/06/2008,171
E07000094,Winchester,30/06/2009,173
E07000094,Winchester,30/06/2010,175
E07000094,Winchester,30/06/2011,177
E07000094,Winchester,30/06/2012,178
E07000094,Winchester,30/06/2013,180
E07000094,Winchester,30/06/2014,181
E07000094,Winchester,30/06/2015,184
E07000094,Winchester,30/06/2016,186
E07000094,Winchester,30/06/2017,187
E07000094,Winchester,30/06/2018,187
E07000094,Winchester,30/06/2019,188
E07000094,Winchester,30/06/2020,190
E07000094,Winchester,30/06/2021,194
E07000094,Winchester,30/06/2022,198
E07000094,Winchester,30/06/2023,202
E07000094,Winchester,30/06/2024,205
E07000095,Broxbourne,30/06/1991,1588
E07000095,Broxbourne,30/06/1992,1598
E07000095,Broxbourne,30/06/1993,1600
E07000095,Broxbourne,30/06/1994,1602
E07000095,Broxbourne,30/06/1995,1602
E07000095,Broxbourne,30/06/1996,1596
E07000095,Broxbourne,30/06/1997,1595
E07000095,Broxbourne,30/06/1998,1615
E07000095,Broxbourne,30/06/1999,1647
E07000095,Broxbourne,30/06/2000,1673
E07000095,Broxbourne,30/06/2001,1695
E07000095,Broxbourne,30/06/2002,1704
E07000095,Broxbourne,30/06/2003,1707
E07000095,Broxbourne,30/06/2004,1706
E07000095,Broxbourne,30/06/2005,1726
E07000095,Broxbourne,30/06/2006,1743
E07000095,Broxbourne,30/06/2007,1765
E07000095,Broxbourne,30/06/2008,1781
E07000095,Broxbourne,30/06/2009,1796
E07000095,Broxbourne,30/06/2010,1809
E07000095,Broxbourne,30/06/2011,1821
E07000095,Broxbourne,30/06/2012,1846
E07000095,Broxbourne,30/06/2013,1860
E07000095,Broxbourne,30/06/2014,1881
E07000095,Broxbourne,30/06/2015,1890
E07000095,Broxbourne,30/06/2016,1907
E07000095,Broxbourne,30/06/2017,1906
E07000095,Broxbourne,30/06/2018,1911
E07000095,Broxbourne,30/06/2019,1921
E07000095,Broxbourne,30/06/2020,1930
E07000095,Broxbourne,30/06/2021,1927
E07000095,Broxbourne,30/06/2022,1923
E07000095,Broxbourne,30/06/2023,1958
E07000095,Broxbourne,30/06/2024,1980
E07000096,Dacorum,30/06/1991,627
E07000096,Dacorum,30/06/1992,630
E07000096,Dacorum,30/06/1993,629
E07000096,Dacorum,30/06/1994,629
E07000096,Dacorum,30/06/1995,631
E07000096,Dacorum,30/06/1996,632
E07000096,Dacorum,30/06/1997,638
E07000096,Dacorum,30/06/1998,644
E07000096,Dacorum,30/06/1999,645
E07000096,Dacorum,30/06/2000,646
E07000096,Dacorum,30/06/2001,649
E07000096,Dacorum,30/06/2002,650
E07000096,Dacorum,30/06/2003,651
E07000096,Dacorum,30/06/2004,651
E07000096,Dacorum,30/06/2005,652
E07000096,Dacorum,30/06/2006,654
E07000096,Dacorum,30/06/2007,657
E07000096,Dacorum,30/06/2008,663
E07000096,Dacorum,30/06/2009,669
E07000096,Dacorum,30/06/2010,676
E07000096,Dacorum,30/06/2011,684
E07000096,Dacorum,30/06/2012,691
E07000096,Dacorum,30/06/2013,697
E07000096,Dacorum,30/06/2014,703
E07000096,Dacorum,30/06/2015,710
E07000096,Dacorum,30/06/2016,718
E07000096,Dacorum,30/06/2017,721
E07000096,Dacorum,30/06/2018,725
E07000096,Dacorum,30/06/2019,727
E07000096,Dacorum,30/06/2020,729
E07000096,Dacorum,30/06/2021,730
E07000096,Dacorum,30/06/2022,736
E07000096,Dacorum,30/06/2023,747
E07000096,Dacorum,30/06/2024,760
E07000098,Hertsmere,30/06/1991,890
E07000098,Hertsmere,30/06/1992,896
E07000098,Hertsmere,30/06/1993,904
E07000098,Hertsmere,30/06/1994,914
E07000098,Hertsmere,30/06/1995,915
E07000098,Hertsmere,30/06/1996,909
E07000098,Hertsmere,30/06/1997,911
E07000098,Hertsmere,30/06/1998,922
E07000098,Hertsmere,30/06/1999,925
E07000098,Hertsmere,30/06/2000,930
E07000098,Hertsmere,30/06/2001,934
E07000098,Hertsmere,30/06/2002,932
E07000098,Hertsmere,30/06/2003,934
E07000098,Hertsmere,30/06/2004,927
E07000098,Hertsmere,30/06/2005,933
E07000098,Hertsmere,30/06/2006,942
E07000098,Hertsmere,30/06/2007,952
E07000098,Hertsmere,30/06/2008,966
E07000098,Hertsmere,30/06/2009,975
E07000098,Hertsmere,30/06/2010,983
E07000098,Hertsmere,30/06/2011,993
E07000098,Hertsmere,30/06/2012,1003
E07000098,Hertsmere,30/06/2013,1011
E07000098,Hertsmere,30/06/2014,1024
E07000098,Hertsmere,30/06/2015,1033
E07000098,Hertsmere,30/06/2016,1042
E07000098,Hertsmere,30/06/2017,1047
E07000098,Hertsmere,30/06/2018,1053
E07000098,Hertsmere,30/06/2019,1060
E07000098,Hertsmere,30/06/2020,1064
E07000098,Hertsmere,30/06/2021,1069
E07000098,Hertsmere,30/06/2022,1071
E07000098,Hertsmere,30/06/2023,1083
E07000098,Hertsmere,30/06/2024,1090
E07000099,North Hertfordshire,30/06/1991,299
E07000099,North Hertfordshire,30/06/1992,301
E07000099,North Hertfordshire,30/06/1993,300
E07000099,North Hertfordshire,30/06/1994,302
E07000099,North Hertfordshire,30/06/1995,303
E07000099,North Hertfordshire,30/06/1996,303
E07000099,North Hertfordshire,30/06/1997,304
E07000099,North Hertfordshire,30/06/1998,307
E07000099,North Hertfordshire,30/06/1999,307
E07000099,North Hertfordshire,30/06/2000,309
E07000099,North Hertfordshire,30/06/2001,312
E07000099,North Hertfordshire,30/06/2002,314
E07000099,North Hertfordshire,30/06/2003,317
E07000099,North Hertfordshire,30/06/2004,320
E07000099,North Hertfordshire,30/06/2005,322
E07000099,North Hertfordshire,30/06/2006,325
E07000099,North Hertfordshire,30/06/2007,328
E07000099,North Hertfordshire,30/06/2008,331
E07000099,North Hertfordshire,30/06/2009,334
E07000099,North Hertfordshire,30/06/2010,336
E07000099,North Hertfordshire,30/06/2011,340
E07000099,North Hertfordshire,30/06/2012,342
E07000099,North Hertfordshire,30/06/2013,345
E07000099,North Hertfordshire,30/06/2014,349
E07000099,North Hertfordshire,30/06/2015,351
E07000099,North Hertfordshire,30/06/2016,355
E07000099,North Hertfordshire,30/06/2017,356
E07000099,North Hertfordshire,30/06/2018,355
E07000099,North Hertfordshire,30/06/2019,355
E07000099,North Hertfordshire,30/06/2020,354
E07000099,North Hertfordshire,30/06/2021,356
E07000099,North Hertfordshire,30/06/2022,358
E07000099,North Hertfordshire,30/06/2023,362
E07000099,North Hertfordshire,30/06/2024,365
E07000102,Three Rivers,30/06/1991,889
E07000102,Three Rivers,30/06/1992,907
E07000102,Three Rivers,30/06/1993,910
E07000102,Three Rivers,30/06/1994,907
E07000102,Three Rivers,30/06/1995,908
E07000102,Three Rivers,30/06/1996,906
E07000102,Three Rivers,30/06/1997,911
E07000102,Three Rivers,30/06/1998,909
E07000102,Three Rivers,30/06/1999,932
E07000102,Three Rivers,30/06/2000,935
E07000102,Three Rivers,30/06/2001,933
E07000102,Three Rivers,30/06/2002,939
E07000102,Three Rivers,30/06/2003,945
E07000102,Three Rivers,30/06/2004,945
E07000102,Three Rivers,30/06/2005,949
E07000102,Three Rivers,30/06/2006,951
E07000102,Three Rivers,30/06/2007,960
E07000102,Three Rivers,30/06/2008,971
E07000102,Three Rivers,30/06/2009,981
E07000102,Three Rivers,30/06/2010,986
E07000102,Three Rivers,30/06/2011,990
E07000102,Three Rivers,30/06/2012,1003
E07000102,Three Rivers,30/06/2013,1011
E07000102,Three Rivers,30/06/2014,1021
E07000102,Three Rivers,30/06/2015,1035
E07000102,Three Rivers,30/06/2016,1047
E07000102,Three Rivers,30/06/2017,1048
E07000102,Three Rivers,30/06/2018,1049
E07000102,Three Rivers,30/06/2019,1052
E07000102,Three Rivers,30/06/2020,1056
E07000102,Three Rivers,30/06/2021,1058
E07000102,Three Rivers,30/06/2022,1061
E07000102,Three Rivers,30/06/2023,1071
E07000102,Three Rivers,30/06/2024,1079
E07000103,Watford,30/06/1991,3497
E07000103,Watford,30/06/1992,3520
E07000103,Watford,30/06/1993,3492
E07000103,Watford,30/06/1994,3512
E07000103,Watford,30/06/1995,3553
E07000103,Watford,30/06/1996,3625
E07000103,Watford,30/06/1997,3686
E07000103,Watford,30/06/1998,3742
E07000103,Watford,30/06/1999,3732
E07000103,Watford,30/06/2000,3744
E07000103,Watford,30/06/2001,3752
E07000103,Watford,30/06/2002,3742
E07000103,Watford,30/06/2003,3763
E07000103,Watford,30/06/2004,3784
E07000103,Watford,30/06/2005,3833
E07000103,Watford,30/06/2006,3833
E07000103,Watford,30/06/2007,3868
E07000103,Watford,30/06/2008,3956
E07000103,Watford,30/06/2009,4035
E07000103,Watford,30/06/2010,4133
E07000103,Watford,30/06/2011,4230
E07000103,Watford,30/06/2012,4343
E07000103,Watford,30/06/2013,4467
E07000103,Watford,30/06/2014,4578
E07000103,Watford,30/06/2015,4641
E07000103,Watford,30/06/2016,4688
E07000103,Watford,30/06/2017,4711
E07000103,Watford,30/06/2018,4744
E07000103,Watford,30/06/2019,4768
E07000103,Watford,30/06/2020,4775
E07000103,Watford,30/06/2021,4783
E07000103,Watford,30/06/2022,4808
E07000103,Watford,30/06/2023,4912
E07000103,Watford,30/06/2024,5001
E07000105,Ashford,30/06/1991,160
E07000105,Ashford,30/06/1992,160
E07000105,Ashford,30/06/1993,160
E07000105,Ashford,30/06/1994,161
E07000105,Ashford,30/06/1995,164
E07000105,Ashford,30/06/1996,166
E07000105,Ashford,30/06/1997,168
E07000105,Ashford,30/06/1998,169
E07000105,Ashford,30/06/1999,172
E07000105,Ashford,30/06/2000,175
E07000105,Ashford,30/06/2001,177
E07000105,Ashford,30/06/2002,180
E07000105,Ashford,30/06/2003,182
E07000105,Ashford,30/06/2004,185
E07000105,Ashford,30/06/2005,188
E07000105,Ashford,30/06/2006,192
E07000105,Ashford,30/06/2007,195
E07000105,Ashford,30/06/2008,197
E07000105,Ashford,30/06/2009,199
E07000105,Ashford,30/06/2010,201
E07000105,Ashford,30/06/2011,204
E07000105,Ashford,30/06/2012,207
E07000105,Ashford,30/06/2013,210
E07000105,Ashford,30/06/2014,213
E07000105,Ashford,30/06/2015,215
E07000105,Ashford,30/06/2016,218
E07000105,Ashford,30/06/2017,221
E07000105,Ashford,30/06/2018,223
E07000105,Ashford,30/06/2019,225
E07000105,Ashford,30/06/2020,226
E07000105,Ashford,30/06/2021,229
E07000105,Ashford,30/06/2022,234
E07000105,Ashford,30/06/2023,239
E07000105,Ashford,30/06/2024,243
E07000106,Canterbury,30/06/1991,420
E07000106,Canterbury,30/06/1992,417
E07000106,Canterbury,30/06/1993,420
E07000106,Canterbury,30/06/1994,422
E07000106,Canterbury,30/06/1995,423
E07000106,Canterbury,30/06/1996,425
E07000106,Canterbury,30/06/1997,430
E07000106,Canterbury,30/06/1998,430
E07000106,Canterbury,30/06/1999,433
E07000106,Canterbury,30/06/2000,437
E07000106,Canterbury,30/06/2001,438
E07000106,Canterbury,30/06/2002,442
E07000106,Canterbury,30/06/2003,449
E07000106,Canterbury,30/06/2004,455
E07000106,Canterbury,30/06/2005,460
E07000106,Canterbury,30/06/2006,465
E07000106,Canterbury,30/06/2007,470
E07000106,Canterbury,30/06/2008,473
E07000106,Canterbury,30/06/2009,474
E07000106,Canterbury,30/06/2010,481
E07000106,Canterbury,30/06/2011,488
E07000106,Canterbury,30/06/2012,491
E07000106,Canterbury,30/06/2013,497
E07000106,Canterbury,30/06/2014,503
E07000106,Canterbury,30/06/2015,506
E07000106,Canterbury,30/06/2016,509
E07000106,Canterbury,30/06/2017,512
E07000106,Canterbury,30/06/2018,509
E07000106,Canterbury,30/06/2019,509
E07000106,Canterbury,30/06/2020,509
E07000106,Canterbury,30/06/2021,507
E07000106,Canterbury,30/06/2022,514
E07000106,Canterbury,30/06/2023,521
E07000106,Canterbury,30/06/2024,525
E07000107,Dartford,30/06/1991,1102
E07000107,Dartford,30/06/1992,1114
E07000107,Dartford,30/06/1993,1123
E07000107,Dartford,30/06/1994,1134
E07000107,Dartford,30/06/1995,1136
E07000107,Dartford,30/06/1996,1141
E07000107,Dartford,30/06/1997,1151
E07000107,Dartford,30/06/1998,1163
E07000107,Dartford,30/06/1999,1169
E07000107,Dartford,30/06/2000,1176
E07000107,Dartford,30/06/2001,1182
E07000107,Dartford,30/06/2002,1188
E07000107,Dartford,30/06/2003,1196
E07000107,Dartford,30/06/2004,1214
E07000107,Dartford,30/06/2005,1237
E07000107,Dartford,30/06/2006,1254
E07000107,Dartford,30/06/2007,1268
E07000107,Dartford,30/06/2008,1292
E07000107,Dartford,30/06/2009,1310
E07000107,Dartford,30/06/2010,1325
E07000107,Dartford,30/06/2011,1342
E07000107,Dartford,30/06/2012,1362
E07000107,Dartford,30/06/2013,1385
E07000107,Dartford,30/06/2014,1413
E07000107,Dartford,30/06/2015,1435
E07000107,Dartford,30/06/2016,1456
E07000107,Dartford,30/06/2017,1490
E07000107,Dartford,30/06/2018,1524
E07000107,Dartford,30/06/2019,1566
E07000107,Dartford,30/06/2020,1589
E07000107,Dartford,30/06/2021,1606
E07000107,Dartford,30/06/2022,1637
E07000107,Dartford,30/06/2023,1677
E07000107,Dartford,30/06/2024,1719
E07000108,Dover,30/06/1991,331
E07000108,Dover,30/06/1992,332
E07000108,Dover,30/06/1993,330
E07000108,Dover,30/06/1994,331
E07000108,Dover,30/06/1995,330
E07000108,Dover,30/06/1996,328
E07000108,Dover,30/06/1997,328
E07000108,Dover,30/06/1998,329
E07000108,Dover,30/06/1999,330
E07000108,Dover,30/06/2000,331
E07000108,Dover,30/06/2001,332
E07000108,Dover,30/06/2002,333
E07000108,Dover,30/06/2003,335
E07000108,Dover,30/06/2004,339
E07000108,Dover,30/06/2005,341
E07000108,Dover,30/06/2006,342
E07000108,Dover,30/06/2007,346
E07000108,Dover,30/06/2008,348
E07000108,Dover,30/06/2009,349
E07000108,Dover,30/06/2010,352
E07000108,Dover,30/06/2011,354
E07000108,Dover,30/06/2012,354
E07000108,Dover,30/06/2013,355
E07000108,Dover,30/06/2014,357
E07000108,Dover,30/06/2015,357
E07000108,Dover,30/06/2016,360
E07000108,Dover,30/06/2017,363
E07000108,Dover,30/06/2018,365
E07000108,Dover,30/06/2019,368
E07000108,Dover,30/06/2020,368
E07000108,Dover,30/06/2021,370
E07000108,Dover,30/06/2022,372
E07000108,Dover,30/06/2023,377
E07000108,Dover,30/06/2024,380
E07000109,Gravesham,30/06/1991,942
E07000109,Gravesham,30/06/1992,945
E07000109,Gravesham,30/06/1993,943
E07000109,Gravesham,30/06/1994,945
E07000109,Gravesham,30/06/1995,944
E07000109,Gravesham,30/06/1996,940
E07000109,Gravesham,30/06/1997,942
E07000109,Gravesham,30/06/1998,949
E07000109,Gravesham,30/06/1999,955
E07000109,Gravesham,30/06/2000,961
E07000109,Gravesham,30/06/2001,968
E07000109,Gravesham,30/06/2002,964
E07000109,Gravesham,30/06/2003,965
E07000109,Gravesham,30/06/2004,969
E07000109,Gravesham,30/06/2005,979
E07000109,Gravesham,30/06/2006,986
E07000109,Gravesham,30/06/2007,995
E07000109,Gravesham,30/06/2008,1004
E07000109,Gravesham,30/06/2009,1012
E07000109,Gravesham,30/06/2010,1021
E07000109,Gravesham,30/06/2011,1028
E07000109,Gravesham,30/06/2012,1041
E07000109,Gravesham,30/06/2013,1049
E07000109,Gravesham,30/06/2014,1065
E07000109,Gravesham,30/06/2015,1075
E07000109,Gravesham,30/06/2016,1079
E07000109,Gravesham,30/06/2017,1076
E07000109,Gravesham,30/06/2018,1078
E07000109,Gravesham,30/06/2019,1084
E07000109,Gravesham,30/06/2020,1082
E07000109,Gravesham,30/06/2021,1080
E07000109,Gravesham,30/06/2022,1081
E07000109,Gravesham,30/06/2023,1102
E07000109,Gravesham,30/06/2024,1118
E07000110,Maidstone,30/06/1991,348
E07000110,Maidstone,30/06/1992,349
E07000110,Maidstone,30/06/1993,349
E07000110,Maidstone,30/06/1994,348
E07000110,Maidstone,30/06/1995,349
E07000110,Maidstone,30/06/1996,352
E07000110,Maidstone,30/06/1997,352
E07000110,Maidstone,30/06/1998,351
E07000110,Maidstone,30/06/1999,351
E07000110,Maidstone,30/06/2000,352
E07000110,Maidstone,30/06/2001,354
E07000110,Maidstone,30/06/2002,357
E07000110,Maidstone,30/06/2003,359
E07000110,Maidstone,30/06/2004,362
E07000110,Maidstone,30/06/2005,364
E07000110,Maidstone,30/06/2006,369
E07000110,Maidstone,30/06/2007,376
E07000110,Maidstone,30/06/2008,381
E07000110,Maidstone,30/06/2009,385
E07000110,Maidstone,30/06/2010,391
E07000110,Maidstone,30/06/2011,396
E07000110,Maidstone,30/06/2012,400
E07000110,Maidstone,30/06/2013,405
E07000110,Maidstone,30/06/2014,411
E07000110,Maidstone,30/06/2015,417
E07000110,Maidstone,30/06/2016,422
E07000110,Maidstone,30/06/2017,427
E07000110,Maidstone,30/06/2018,432
E07000110,Maidstone,30/06/2019,437
E07000110,Maidstone,30/06/2020,441
E07000110,Maidstone,30/06/2021,449
E07000110,Maidstone,30/06/2022,458
E07000110,Maidstone,30/06/2023,468
E07000110,Maidstone,30/06/2024,477
E07000111,Sevenoaks,30/06/1991,296
E07000111,Sevenoaks,30/06/1992,295
E07000111,Sevenoaks,30/06/1993,295
E07000111,Sevenoaks,30/06/1994,295
E07000111,Sevenoaks,30/06/1995,294
E07000111,Sevenoaks,30/06/1996,295
E07000111,Sevenoaks,30/06/1997,296
E07000111,Sevenoaks,30/06/1998,296
E07000111,Sevenoaks,30/06/1999,297
E07000111,Sevenoaks,30/06/2000,297
E07000111,Sevenoaks,30/06/2001,296
E07000111,Sevenoaks,30/06/2002,295
E07000111,Sevenoaks,30/06/2003,296
E07000111,Sevenoaks,30/06/2004,298
E07000111,Sevenoaks,30/06/2005,301
E07000111,Sevenoaks,30/06/2006,305
E07000111,Sevenoaks,30/06/2007,306
E07000111,Sevenoaks,30/06/2008,307
E07000111,Sevenoaks,30/06/2009,308
E07000111,Sevenoaks,30/06/2010,310
E07000111,Sevenoaks,30/06/2011,312
E07000111,Sevenoaks,30/06/2012,315
E07000111,Sevenoaks,30/06/2013,316
E07000111,Sevenoaks,30/06/2014,318
E07000111,Sevenoaks,30/06/2015,319
E07000111,Sevenoaks,30/06/2016,320
E07000111,Sevenoaks,30/06/2017,321
E07000111,Sevenoaks,30/06/2018,323
E07000111,Sevenoaks,30/06/2019,324
E07000111,Sevenoaks,30/06/2020,325
E07000111,Sevenoaks,30/06/2021,327
E07000111,Sevenoaks,30/06/2022,328
E07000111,Sevenoaks,30/06/2023,330
E07000111,Sevenoaks,30/06/2024,332
E07000112,Folkestone and Hythe,30/06/1991,261
E07000112,Folkestone and Hythe,30/06/1992,262
E07000112,Folkestone and Hythe,30/06/1993,262
E07000112,Folkestone and Hythe,30/06/1994,264
E07000112,Folkestone and Hythe,30/06/1995,263
E07000112,Folkestone and Hythe,30/06/1996,266
E07000112,Folkestone and Hythe,30/06/1997,266
E07000112,Folkestone and Hythe,30/06/1998,266
E07000112,Folkestone and Hythe,30/06/1999,268
E07000112,Folkestone and Hythe,30/06/2000,270
E07000112,Folkestone and Hythe,30/06/2001,270
E07000112,Folkestone and Hythe,30/06/2002,272
E07000112,Folkestone and Hythe,30/06/2003,276
E07000112,Folkestone and Hythe,30/06/2004,280
E07000112,Folkestone and Hythe,30/06/2005,284
E07000112,Folkestone and Hythe,30/06/2006,287
E07000112,Folkestone and Hythe,30/06/2007,291
E07000112,Folkestone and Hythe,30/06/2008,294
E07000112,Folkestone and Hythe,30/06/2009,296
E07000112,Folkestone and Hythe,30/06/2010,300
E07000112,Folkestone and Hythe,30/06/2011,303
E07000112,Folkestone and Hythe,30/06/2012,303
E07000112,Folkestone and Hythe,30/06/2013,302
E07000112,Folkestone and Hythe,30/06/2014,303
E07000112,Folkestone and Hythe,30/06/2015,304
E07000112,Folkestone and Hythe,30/06/2016,306
E07000112,Folkestone and Hythe,30/06/2017,306
E07000112,Folkestone and Hythe,30/06/2018,307
E07000112,Folkestone and Hythe,30/06/2019,307
E07000112,Folkestone and Hythe,30/06/2020,307
E07000112,Folkestone and Hythe,30/06/2021,308
E07000112,Folkestone and Hythe,30/06/2022,309
E07000112,Folkestone and Hythe,30/06/2023,312
E07000112,Folkestone and Hythe,30/06/2024,315
E07000113,Swale,30/06/1991,311
E07000113,Swale,30/06/1992,311
E07000113,Swale,30/06/1993,312
E07000113,Swale,30/06/1994,313
E07000113,Swale,30/06/1995,315
E07000113,Swale,30/06/1996,314
E07000113,Swale,30/06/1997,317
E07000113,Swale,30/06/1998,318
E07000113,Swale,30/06/1999,322
E07000113,Swale,30/06/2000,326
E07000113,Swale,30/06/2001,330
E07000113,Swale,30/06/2002,333
E07000113,Swale,30/06/2003,336
E07000113,Swale,30/06/2004,337
E07000113,Swale,30/06/2005,339
E07000113,Swale,30/06/2006,342
E07000113,Swale,30/06/2007,347
E07000113,Swale,30/06/2008,353
E07000113,Swale,30/06/2009,356
E07000113,Swale,30/06/2010,361
E07000113,Swale,30/06/2011,365
E07000113,Swale,30/06/2012,369
E07000113,Swale,30/06/2013,373
E07000113,Swale,30/06/2014,378
E07000113,Swale,30/06/2015,382
E07000113,Swale,30/06/2016,389
E07000113,Swale,30/06/2017,393
E07000113,Swale,30/06/2018,397
E07000113,Swale,30/06/2019,401
E07000113,Swale,30/06/2020,403
E07000113,Swale,30/06/2021,408
E07000113,Swale,30/06/2022,414
E07000113,Swale,30/06/2023,418
E07000113,Swale,30/06/2024,424
E07000114,Thanet,30/06/1991,1217
E07000114,Thanet,30/06/1992,1210
E07000114,Thanet,30/06/1993,1203
E07000114,Thanet,30/06/1994,1200
E07000114,Thanet,30/06/1995,1199
E07000114,Thanet,30/06/1996,1201
E07000114,Thanet,30/06/1997,1210
E07000114,Thanet,30/06/1998,1212
E07000114,Thanet,30/06/1999,1221
E07000114,Thanet,30/06/2000,1220
E07000114,Thanet,30/06/2001,1223
E07000114,Thanet,30/06/2002,1232
E07000114,Thanet,30/06/2003,1237
E07000114,Thanet,30/06/2004,1243
E07000114,Thanet,30/06/2005,1248
E07000114,Thanet,30/06/2006,1251
E07000114,Thanet,30/06/2007,1261
E07000114,Thanet,30/06/2008,1272
E07000114,Thanet,30/06/2009,1277
E07000114,Thanet,30/06/2010,1289
E07000114,Thanet,30/06/2011,1297
E07000114,Thanet,30/06/2012,1310
E07000114,Thanet,30/06/2013,1321
E07000114,Thanet,30/06/2014,1339
E07000114,Thanet,30/06/2015,1348
E07000114,Thanet,30/06/2016,1355
E07000114,Thanet,30/06/2017,1358
E07000114,Thanet,30/06/2018,1359
E07000114,Thanet,30/06/2019,1357
E07000114,Thanet,30/06/2020,1351
E07000114,Thanet,30/06/2021,1358
E07000114,Thanet,30/06/2022,1358
E07000114,Thanet,30/06/2023,1361
E07000114,Thanet,30/06/2024,1377
E07000115,Tonbridge and Malling,30/06/1991,425
E07000115,Tonbridge and Malling,30/06/1992,424
E07000115,Tonbridge and Malling,30/06/1993,423
E07000115,Tonbridge and Malling,30/06/1994,426
E07000115,Tonbridge and Malling,30/06/1995,431
E07000115,Tonbridge and Malling,30/06/1996,434
E07000115,Tonbridge and Malling,30/06/1997,436
E07000115,Tonbridge and Malling,30/06/1998,438
E07000115,Tonbridge and Malling,30/06/1999,443
E07000115,Tonbridge and Malling,30/06/2000,445
E07000115,Tonbridge and Malling,30/06/2001,449
E07000115,Tonbridge and Malling,30/06/2002,453
E07000115,Tonbridge and Malling,30/06/2003,456
E07000115,Tonbridge and Malling,30/06/2004,460
E07000115,Tonbridge and Malling,30/06/2005,465
E07000115,Tonbridge and Malling,30/06/2006,473
E07000115,Tonbridge and Malling,30/06/2007,481
E07000115,Tonbridge and Malling,30/06/2008,487
E07000115,Tonbridge and Malling,30/06/2009,493
E07000115,Tonbridge and Malling,30/06/2010,500
E07000115,Tonbridge and Malling,30/06/2011,504
E07000115,Tonbridge and Malling,30/06/2012,508
E07000115,Tonbridge and Malling,30/06/2013,512
E07000115,Tonbridge and Malling,30/06/2014,519
E07000115,Tonbridge and Malling,30/06/2015,524
E07000115,Tonbridge and Malling,30/06/2016,529
E07000115,Tonbridge and Malling,30/06/2017,536
E07000115,Tonbridge and Malling,30/06/2018,542
E07000115,Tonbridge and Malling,30/06/2019,548
E07000115,Tonbridge and Malling,30/06/2020,549
E07000115,Tonbridge and Malling,30/06/2021,551
E07000115,Tonbridge and Malling,30/06/2022,557
E07000115,Tonbridge and Malling,30/06/2023,564
E07000115,Tonbridge and Malling,30/06/2024,570
E07000116,Tunbridge Wells,30/06/1991,306
E07000116,Tunbridge Wells,30/06/1992,306
E07000116,Tunbridge Wells,30/06/1993,306
E07000116,Tunbridge Wells,30/06/1994,308
E07000116,Tunbridge Wells,30/06/1995,310
E07000116,Tunbridge Wells,30/06/1996,308
E07000116,Tunbridge Wells,30/06/1997,307
E07000116,Tunbridge Wells,30/06/1998,309
E07000116,Tunbridge Wells,30/06/1999,311
E07000116,Tunbridge Wells,30/06/2000,313
E07000116,Tunbridge Wells,30/06/2001,314
E07000116,Tunbridge Wells,30/06/2002,315
E07000116,Tunbridge Wells,30/06/2003,315
E07000116,Tunbridge Wells,30/06/2004,317
E07000116,Tunbridge Wells,30/06/2005,320
E07000116,Tunbridge Wells,30/06/2006,323
E07000116,Tunbridge Wells,30/06/2007,329
E07000116,Tunbridge Wells,30/06/2008,336
E07000116,Tunbridge Wells,30/06/2009,340
E07000116,Tunbridge Wells,30/06/2010,344
E07000116,Tunbridge Wells,30/06/2011,348
E07000116,Tunbridge Wells,30/06/2012,348
E07000116,Tunbridge Wells,30/06/2013,348
E07000116,Tunbridge Wells,30/06/2014,348
E07000116,Tunbridge Wells,30/06/2015,346
E07000116,Tunbridge Wells,30/06/2016,348
E07000116,Tunbridge Wells,30/06/2017,349
E07000116,Tunbridge Wells,30/06/2018,347
E07000116,Tunbridge Wells,30/06/2019,348
E07000116,Tunbridge Wells,30/06/2020,348
E07000116,Tunbridge Wells,30/06/2021,349
E07000116,Tunbridge Wells,30/06/2022,351
E07000116,Tunbridge Wells,30/06/2023,355
E07000116,Tunbridge Wells,30/06/2024,361
E07000117,Burnley,30/06/1991,831
E07000117,Burnley,30/06/1992,834
E07000117,Burnley,30/06/1993,826
E07000117,Burnley,30/06/1994,818
E07000117,Burnley,30/06/1995,812
E07000117,Burnley,30/06/1996,818
E07000117,Burnley,30/06/1997,822
E07000117,Burnley,30/06/1998,825
E07000117,Burnley,30/06/1999,816
E07000117,Burnley,30/06/2000,811
E07000117,Burnley,30/06/2001,809
E07000117,Burnley,30/06/2002,803
E07000117,Burnley,30/06/2003,798
E07000117,Burnley,30/06/2004,794
E07000117,Burnley,30/06/2005,792
E07000117,Burnley,30/06/2006,792
E07000117,Burnley,30/06/2007,788
E07000117,Burnley,30/06/2008,789
E07000117,Burnley,30/06/2009,786
E07000117,Burnley,30/06/2010,785
E07000117,Burnley,30/06/2011,786
E07000117,Burnley,30/06/2012,791
E07000117,Burnley,30/06/2013,793
E07000117,Burnley,30/06/2014,802
E07000117,Burnley,30/06/2015,806
E07000117,Burnley,30/06/2016,812
E07000117,Burnley,30/06/2017,821
E07000117,Burnley,30/06/2018,831
E07000117,Burnley,30/06/2019,840
E07000117,Burnley,30/06/2020,849
E07000117,Burnley,30/06/2021,856
E07000117,Burnley,30/06/2022,866
E07000117,Burnley,30/06/2023,880
E07000117,Burnley,30/06/2024,897
E07000118,Chorley,30/06/1991,478
E07000118,Chorley,30/06/1992,479
E07000118,Chorley,30/06/1993,480
E07000118,Chorley,30/06/1994,479
E07000118,Chorley,30/06/1995,480
E07000118,Chorley,30/06/1996,479
E07000118,Chorley,30/06/1997,483
E07000118,Chorley,30/06/1998,486
E07000118,Chorley,30/06/1999,487
E07000118,Chorley,30/06/2000,493
E07000118,Chorley,30/06/2001,496
E07000118,Chorley,30/06/2002,499
E07000118,Chorley,30/06/2003,503
E07000118,Chorley,30/06/2004,507
E07000118,Chorley,30/06/2005,509
E07000118,Chorley,30/06/2006,512
E07000118,Chorley,30/06/2007,515
E07000118,Chorley,30/06/2008,520
E07000118,Chorley,30/06/2009,521
E07000118,Chorley,30/06/2010,525
E07000118,Chorley,30/06/2011,531
E07000118,Chorley,30/06/2012,537
E07000118,Chorley,30/06/2013,543
E07000118,Chorley,30/06/2014,548
E07000118,Chorley,30/06/2015,554
E07000118,Chorley,30/06/2016,560
E07000118,Chorley,30/06/2017,566
E07000118,Chorley,30/06/2018,571
E07000118,Chorley,30/06/2019,576
E07000118,Chorley,30/06/2020,578
E07000118,Chorley,30/06/2021,582
E07000118,Chorley,30/06/2022,585
E07000118,Chorley,30/06/2023,591
E07000118,Chorley,30/06/2024,596
E07000119,Fylde,30/06/1991,434
E07000119,Fylde,30/06/1992,436
E07000119,Fylde,30/06/1993,439
E07000119,Fylde,30/06/1994,439
E07000119,Fylde,30/06/1995,440
E07000119,Fylde,30/06/1996,441
E07000119,Fylde,30/06/1997,438
E07000119,Fylde,30/06/1998,440
E07000119,Fylde,30/06/1999,439
E07000119,Fylde,30/06/2000,441
E07000119,Fylde,30/06/2001,443
E07000119,Fylde,30/06/2002,445
E07000119,Fylde,30/06/2003,448
E07000119,Fylde,30/06/2004,451
E07000119,Fylde,30/06/2005,452
E07000119,Fylde,30/06/2006,452
E07000119,Fylde,30/06/2007,454
E07000119,Fylde,30/06/2008,454
E07000119,Fylde,30/06/2009,455
E07000119,Fylde,30/06/2010,456
E07000119,Fylde,30/06/2011,459
E07000119,Fylde,30/06/2012,458
E07000119,Fylde,30/06/2013,460
E07000119,Fylde,30/06/2014,464
E07000119,Fylde,30/06/2015,466
E07000119,Fylde,30/06/2016,470
E07000119,Fylde,30/06/2017,473
E07000119,Fylde,30/06/2018,478
E07000119,Fylde,30/06/2019,482
E07000119,Fylde,30/06/2020,484
E07000119,Fylde,30/06/2021,493
E07000119,Fylde,30/06/2022,501
E07000119,Fylde,30/06/2023,508
E07000119,Fylde,30/06/2024,516
E07000120,Hyndburn,30/06/1991,1078
E07000120,Hyndburn,30/06/1992,1080
E07000120,Hyndburn,30/06/1993,1084
E07000120,Hyndburn,30/06/1994,1094
E07000120,Hyndburn,30/06/1995,1105
E07000120,Hyndburn,30/06/1996,1105
E07000120,Hyndburn,30/06/1997,1105
E07000120,Hyndburn,30/06/1998,1108
E07000120,Hyndburn,30/06/1999,1108
E07000120,Hyndburn,30/06/2000,1111
E07000120,Hyndburn,30/06/2001,1117
E07000120,Hyndburn,30/06/2002,1113
E07000120,Hyndburn,30/06/2003,1116
E07000120,Hyndburn,30/06/2004,1114
E07000120,Hyndburn,30/06/2005,1114
E07000120,Hyndburn,30/06/2006,1117
E07000120,Hyndburn,30/06/2007,1116
E07000120,Hyndburn,30/06/2008,1112
E07000120,Hyndburn,30/06/2009,1110
E07000120,Hyndburn,30/06/2010,1108
E07000120,Hyndburn,30/06/2011,1104
E07000120,Hyndburn,30/06/2012,1101
E07000120,Hyndburn,30/06/2013,1101
E07000120,Hyndburn,30/06/2014,1106
E07000120,Hyndburn,30/06/2015,1107
E07000120,Hyndburn,30/06/2016,1113
E07000120,Hyndburn,30/06/2017,1115
E07000120,Hyndburn,30/06/2018,1121
E07000120,Hyndburn,30/06/2019,1123
E07000120,Hyndburn,30/06/2020,1126
E07000120,Hyndburn,30/06/2021,1127
E07000120,Hyndburn,30/06/2022,1143
E07000120,Hyndburn,30/06/2023,1161
E07000120,Hyndburn,30/06/2024,1179
E07000121,Lancaster,30/06/1991,229
E07000121,Lancaster,30/06/1992,230
E07000121,Lancaster,30/06/1993,233
E07000121,Lancaster,30/06/1994,235
E07000121,Lancaster,30/06/1995,237
E07000121,Lancaster,30/06/1996,237
E07000121,Lancaster,30/06/1997,237
E07000121,Lancaster,30/06/1998,236
E07000121,Lancaster,30/06/1999,237
E07000121,Lancaster,30/06/2000,236
E07000121,Lancaster,30/06/2001,236
E07000121,Lancaster,30/06/2002,236
E07000121,Lancaster,30/06/2003,237
E07000121,Lancaster,30/06/2004,239
E07000121,Lancaster,30/06/2005,241
E07000121,Lancaster,30/06/2006,241
E07000121,Lancaster,30/06/2007,240
E07000121,Lancaster,30/06/2008,240
E07000121,Lancaster,30/06/2009,240
E07000121,Lancaster,30/06/2010,242
E07000121,Lancaster,30/06/2011,243
E07000121,Lancaster,30/06/2012,244
E07000121,Lancaster,30/06/2013,245
E07000121,Lancaster,30/06/2014,244
E07000121,Lancaster,30/06/2015,244
E07000121,Lancaster,30/06/2016,244
E07000121,Lancaster,30/06/2017,245
E07000121,Lancaster,30/06/2018,245
E07000121,Lancaster,30/06/2019,247
E07000121,Lancaster,30/06/2020,248
E07000121,Lancaster,30/06/2021,251
E07000121,Lancaster,30/06/2022,255
E07000121,Lancaster,30/06/2023,256
E07000121,Lancaster,30/06/2024,256
E07000122,Pendle,30/06/1991,505
E07000122,Pendle,30/06/1992,508
E07000122,Pendle,30/06/1993,513
E07000122,Pendle,30/06/1994,515
E07000122,Pendle,30/06/1995,516
E07000122,Pendle,30/06/1996,515
E07000122,Pendle,30/06/1997,515
E07000122,Pendle,30/06/1998,516
E07000122,Pendle,30/06/1999,518
E07000122,Pendle,30/06/2000,522
E07000122,Pendle,30/06/2001,527
E07000122,Pendle,30/06/2002,524
E07000122,Pendle,30/06/2003,523
E07000122,Pendle,30/06/2004,521
E07000122,Pendle,30/06/2005,521
E07000122,Pendle,30/06/2006,524
E07000122,Pendle,30/06/2007,524
E07000122,Pendle,30/06/2008,525
E07000122,Pendle,30/06/2009,527
E07000122,Pendle,30/06/2010,527
E07000122,Pendle,30/06/2011,529
E07000122,Pendle,30/06/2012,531
E07000122,Pendle,30/06/2013,536
E07000122,Pendle,30/06/2014,536
E07000122,Pendle,30/06/2015,540
E07000122,Pendle,30/06/2016,546
E07000122,Pendle,30/06/2017,549
E07000122,Pendle,30/06/2018,554
E07000122,Pendle,30/06/2019,560
E07000122,Pendle,30/06/2020,561
E07000122,Pendle,30/06/2021,566
E07000122,Pendle,30/06/2022,570
E07000122,Pendle,30/06/2023,578
E07000122,Pendle,30/06/2024,589
E07000123,Preston,30/06/1991,914
E07000123,Preston,30/06/1992,911
E07000123,Preston,30/06/1993,914
E07000123,Preston,30/06/1994,920
E07000123,Preston,30/06/1995,927
E07000123,Preston,30/06/1996,929
E07000123,Preston,30/06/1997,931
E07000123,Preston,30/06/1998,926
E07000123,Preston,30/06/1999,925
E07000123,Preston,30/06/2000,922
E07000123,Preston,30/06/2001,916
E07000123,Preston,30/06/2002,921
E07000123,Preston,30/06/2003,933
E07000123,Preston,30/06/2004,945
E07000123,Preston,30/06/2005,957
E07000123,Preston,30/06/2006,968
E07000123,Preston,30/06/2007,973
E07000123,Preston,30/06/2008,973
E07000123,Preston,30/06/2009,970
E07000123,Preston,30/06/2010,976
E07000123,Preston,30/06/2011,984
E07000123,Preston,30/06/2012,985
E07000123,Preston,30/06/2013,986
E07000123,Preston,30/06/2014,985
E07000123,Preston,30/06/2015,988
E07000123,Preston,30/06/2016,987
E07000123,Preston,30/06/2017,996
E07000123,Preston,30/06/2018,1001
E07000123,Preston,30/06/2019,1016
E07000123,Preston,30/06/2020,1025
E07000123,Preston,30/06/2021,1039
E07000123,Preston,30/06/2022,1072
E07000123,Preston,30/06/2023,1113
E07000123,Preston,30/06/2024,1145
E07000124,Ribble Valley,30/06/1991,89
E07000124,Ribble Valley,30/06/1992,88
E07000124,Ribble Valley,30/06/1993,88
E07000124,Ribble Valley,30/06/1994,88
E07000124,Ribble Valley,30/06/1995,88
E07000124,Ribble Valley,30/06/1996,89
E07000124,Ribble Valley,30/06/1997,89
E07000124,Ribble Valley,30/06/1998,89
E07000124,Ribble Valley,30/06/1999,91
E07000124,Ribble Valley,30/06/2000,92
E07000124,Ribble Valley,30/06/2001,93
E07000124,Ribble Valley,30/06/2002,94
E07000124,Ribble Valley,30/06/2003,95
E07000124,Ribble Valley,30/06/2004,96
E07000124,Ribble Valley,30/06/2005,97
E07000124,Ribble Valley,30/06/2006,97
E07000124,Ribble Valley,30/06/2007,98
E07000124,Ribble Valley,30/06/2008,98
E07000124,Ribble Valley,30/06/2009,98
E07000124,Ribble Valley,30/06/2010,98
E07000124,Ribble Valley,30/06/2011,98
E07000124,Ribble Valley,30/06/2012,99
E07000124,Ribble Valley,30/06/2013,99
E07000124,Ribble Valley,30/06/2014,99
E07000124,Ribble Valley,30/06/2015,100
E07000124,Ribble Valley,30/06/2016,101
E07000124,Ribble Valley,30/06/2017,101
E07000124,Ribble Valley,30/06/2018,102
E07000124,Ribble Valley,30/06/2019,103
E07000124,Ribble Valley,30/06/2020,104
E07000124,Ribble Valley,30/06/2021,106
E07000124,Ribble Valley,30/06/2022,108
E07000124,Ribble Valley,30/06/2023,111
E07000124,Ribble Valley,30/06/2024,113
E07000125,Rossendale,30/06/1991,477
E07000125,Rossendale,30/06/1992,477
E07000125,Rossendale,30/06/1993,477
E07000125,Rossendale,30/06/1994,476
E07000125,Rossendale,30/06/1995,476
E07000125,Rossendale,30/06/1996,474
E07000125,Rossendale,30/06/1997,473
E07000125,Rossendale,30/06/1998,473
E07000125,Rossendale,30/06/1999,473
E07000125,Rossendale,30/06/2000,473
E07000125,Rossendale,30/06/2001,476
E07000125,Rossendale,30/06/2002,475
E07000125,Rossendale,30/06/2003,476
E07000125,Rossendale,30/06/2004,475
E07000125,Rossendale,30/06/2005,477
E07000125,Rossendale,30/06/2006,480
E07000125,Rossendale,30/06/2007,483
E07000125,Rossendale,30/06/2008,486
E07000125,Rossendale,30/06/2009,489
E07000125,Rossendale,30/06/2010,491
E07000125,Rossendale,30/06/2011,493
E07000125,Rossendale,30/06/2012,494
E07000125,Rossendale,30/06/2013,496
E07000125,Rossendale,30/06/2014,499
E07000125,Rossendale,30/06/2015,501
E07000125,Rossendale,30/06/2016,503
E07000125,Rossendale,30/06/2017,508
E07000125,Rossendale,30/06/2018,511
E07000125,Rossendale,30/06/2019,513
E07000125,Rossendale,30/06/2020,513
E07000125,Rossendale,30/06/2021,514
E07000125,Rossendale,30/06/2022,516
E07000125,Rossendale,30/06/2023,521
E07000125,Rossendale,30/06/2024,529
E07000126,South Ribble,30/06/1991,906
E07000126,South Ribble,30/06/1992,903
E07000126,South Ribble,30/06/1993,909
E07000126,South Ribble,30/06/1994,909
E07000126,South Ribble,30/06/1995,904
E07000126,South Ribble,30/06/1996,902
E07000126,South Ribble,30/06/1997,904
E07000126,South Ribble,30/06/1998,906
E07000126,South Ribble,30/06/1999,912
E07000126,South Ribble,30/06/2000,916
E07000126,South Ribble,30/06/2001,918
E07000126,South Ribble,30/06/2002,923
E07000126,South Ribble,30/06/2003,929
E07000126,South Ribble,30/06/2004,933
E07000126,South Ribble,30/06/2005,934
E07000126,South Ribble,30/06/2006,941
E07000126,South Ribble,30/06/2007,946
E07000126,South Ribble,30/06/2008,953
E07000126,South Ribble,30/06/2009,960
E07000126,South Ribble,30/06/2010,962
E07000126,South Ribble,30/06/2011,965
E07000126,South Ribble,30/06/2012,962
E07000126,South Ribble,30/06/2013,962
E07000126,South Ribble,30/06/2014,966
E07000126,South Ribble,30/06/2015,971
E07000126,South Ribble,30/06/2016,974
E07000126,South Ribble,30/06/2017,975
E07000126,South Ribble,30/06/2018,975
E07000126,South Ribble,30/06/2019,976
E07000126,South Ribble,30/06/2020,977
E07000126,South Ribble,30/06/2021,982
E07000126,South Ribble,30/06/2022,993
E07000126,South Ribble,30/06/2023,1007
E07000126,South Ribble,30/06/2024,1026
E07000127,West Lancashire,30/06/1991,315
E07000127,West Lancashire,30/06/1992,315
E07000127,West Lancashire,30/06/1993,314
E07000127,West Lancashire,30/06/1994,315
E07000127,West Lancashire,30/06/1995,314
E07000127,West Lancashire,30/06/1996,312
E07000127,West Lancashire,30/06/1997,311
E07000127,West Lancashire,30/06/1998,315
E07000127,West Lancashire,30/06/1999,311
E07000127,West Lancashire,30/06/2000,312
E07000127,West Lancashire,30/06/2001,313
E07000127,West Lancashire,30/06/2002,314
E07000127,West Lancashire,30/06/2003,315
E07000127,West Lancashire,30/06/2004,316
E07000127,West Lancashire,30/06/2005,317
E07000127,West Lancashire,30/06/2006,318
E07000127,West Lancashire,30/06/2007,319
E07000127,West Lancashire,30/06/2008,319
E07000127,West Lancashire,30/06/2009,319
E07000127,West Lancashire,30/06/2010,320
E07000127,West Lancashire,30/06/2011,319
E07000127,West Lancashire,30/06/2012,320
E07000127,West Lancashire,30/06/2013,322
E07000127,West Lancashire,30/06/2014,325
E07000127,West Lancashire,30/06/2015,328
E07000127,West Lancashire,30/06/2016,330
E07000127,West Lancashire,30/06/2017,332
E07000127,West Lancashire,30/06/2018,333
E07000127,West Lancashire,30/06/2019,334
E07000127,West Lancashire,30/06/2020,335
E07000127,West Lancashire,30/06/2021,338
E07000127,West Lancashire,30/06/2022,344
E07000127,West Lancashire,30/06/2023,347
E07000127,West Lancashire,30/06/2024,352
E07000128,Wyre,30/06/1991,363
E07000128,Wyre,30/06/1992,363
E07000128,Wyre,30/06/1993,365
E07000128,Wyre,30/06/1994,364
E07000128,Wyre,30/06/1995,365
E07000128,Wyre,30/06/1996,365
E07000128,Wyre,30/06/1997,367
E07000128,Wyre,30/06/1998,367
E07000128,Wyre,30/06/1999,367
E07000128,Wyre,30/06/2000,371
E07000128,Wyre,30/06/2001,375
E07000128,Wyre,30/06/2002,377
E07000128,Wyre,30/06/2003,380
E07000128,Wyre,30/06/2004,382
E07000128,Wyre,30/06/2005,383
E07000128,Wyre,30/06/2006,384
E07000128,Wyre,30/06/2007,384
E07000128,Wyre,30/06/2008,383
E07000128,Wyre,30/06/2009,383
E07000128,Wyre,30/06/2010,382
E07000128,Wyre,30/06/2011,381
E07000128,Wyre,30/06/2012,381
E07000128,Wyre,30/06/2013,381
E07000128,Wyre,30/06/2014,382
E07000128,Wyre,30/06/2015,384
E07000128,Wyre,30/06/2016,384
E07000128,Wyre,30/06/2017,385
E07000128,Wyre,30/06/2018,386
E07000128,Wyre,30/06/2019,388
E07000128,Wyre,30/06/2020,391
E07000128,Wyre,30/06/2021,398
E07000128,Wyre,30/06/2022,407
E07000128,Wyre,30/06/2023,414
E07000128,Wyre,30/06/2024,421
E07000129,Blaby,30/06/1991,636
E07000129,Blaby,30/06/1992,644
E07000129,Blaby,30/06/1993,650
E07000129,Blaby,30/06/1994,654
E07000129,Blaby,30/06/1995,654
E07000129,Blaby,30/06/1996,659
E07000129,Blaby,30/06/1997,664
E07000129,Blaby,30/06/1998,669
E07000129,Blaby,30/06/1999,677
E07000129,Blaby,30/06/2000,685
E07000129,Blaby,30/06/2001,692
E07000129,Blaby,30/06/2002,699
E07000129,Blaby,30/06/2003,702
E07000129,Blaby,30/06/2004,702
E07000129,Blaby,30/06/2005,703
E07000129,Blaby,30/06/2006,707
E07000129,Blaby,30/06/2007,711
E07000129,Blaby,30/06/2008,715
E07000129,Blaby,30/06/2009,717
E07000129,Blaby,30/06/2010,720
E07000129,Blaby,30/06/2011,721
E07000129,Blaby,30/06/2012,725
E07000129,Blaby,30/06/2013,728
E07000129,Blaby,30/06/2014,735
E07000129,Blaby,30/06/2015,740
E07000129,Blaby,30/06/2016,751
E07000129,Blaby,30/06/2017,761
E07000129,Blaby,30/06/2018,772
E07000129,Blaby,30/06/2019,780
E07000129,Blaby,30/06/2020,784
E07000129,Blaby,30/06/2021,791
E07000129,Blaby,30/06/2022,799
E07000129,Blaby,30/06/2023,809
E07000129,Blaby,30/06/2024,829
E07000130,Charnwood,30/06/1991,525
E07000130,Charnwood,30/06/1992,532
E07000130,Charnwood,30/06/1993,539
E07000130,Charnwood,30/06/1994,540
E07000130,Charnwood,30/06/1995,543
E07000130,Charnwood,30/06/1996,547
E07000130,Charnwood,30/06/1997,546
E07000130,Charnwood,30/06/1998,542
E07000130,Charnwood,30/06/1999,548
E07000130,Charnwood,30/06/2000,549
E07000130,Charnwood,30/06/2001,550
E07000130,Charnwood,30/06/2002,550
E07000130,Charnwood,30/06/2003,551
E07000130,Charnwood,30/06/2004,555
E07000130,Charnwood,30/06/2005,558
E07000130,Charnwood,30/06/2006,563
E07000130,Charnwood,30/06/2007,569
E07000130,Charnwood,30/06/2008,575
E07000130,Charnwood,30/06/2009,582
E07000130,Charnwood,30/06/2010,589
E07000130,Charnwood,30/06/2011,594
E07000130,Charnwood,30/06/2012,600
E07000130,Charnwood,30/06/2013,605
E07000130,Charnwood,30/06/2014,613
E07000130,Charnwood,30/06/2015,620
E07000130,Charnwood,30/06/2016,626
E07000130,Charnwood,30/06/2017,634
E07000130,Charnwood,30/06/2018,642
E07000130,Charnwood,30/06/2019,649
E07000130,Charnwood,30/06/2020,653
E07000130,Charnwood,30/06/2021,656
E07000130,Charnwood,30/06/2022,664
E07000130,Charnwood,30/06/2023,671
E07000130,Charnwood,30/06/2024,675
E07000131,Harborough,30/06/1991,115
E07000131,Harborough,30/06/1992,116
E07000131,Harborough,30/06/1993,117
E07000131,Harborough,30/06/1994,118
E07000131,Harborough,30/06/1995,120
E07000131,Harborough,30/06/1996,122
E07000131,Harborough,30/06/1997,123
E07000131,Harborough,30/06/1998,124
E07000131,Harborough,30/06/1999,125
E07000131,Harborough,30/06/2000,127
E07000131,Harborough,30/06/2001,130
E07000131,Harborough,30/06/2002,132
E07000131,Harborough,30/06/2003,134
E07000131,Harborough,30/06/2004,135
E07000131,Harborough,30/06/2005,136
E07000131,Harborough,30/06/2006,138
E07000131,Harborough,30/06/2007,140
E07000131,Harborough,30/06/2008,141
E07000131,Harborough,30/06/2009,142
E07000131,Harborough,30/06/2010,143
E07000131,Harborough,30/06/2011,145
E07000131,Harborough,30/06/2012,146
E07000131,Harborough,30/06/2013,148
E07000131,Harborough,30/06/2014,149
E07000131,Harborough,30/06/2015,151
E07000131,Harborough,30/06/2016,153
E07000131,Harborough,30/06/2017,155
E07000131,Harborough,30/06/2018,157
E07000131,Harborough,30/06/2019,158
E07000131,Harborough,30/06/2020,161
E07000131,Harborough,30/06/2021,166
E07000131,Harborough,30/06/2022,170
E07000131,Harborough,30/06/2023,174
E07000131,Harborough,30/06/2024,177
E07000132,Hinckley and Bosworth,30/06/1991,325
E07000132,Hinckley and Bosworth,30/06/1992,329
E07000132,Hinckley and Bosworth,30/06/1993,329
E07000132,Hinckley and Bosworth,30/06/1994,329
E07000132,Hinckley and Bosworth,30/06/1995,330
E07000132,Hinckley and Bosworth,30/06/1996,331
E07000132,Hinckley and Bosworth,30/06/1997,333
E07000132,Hinckley and Bosworth,30/06/1998,332
E07000132,Hinckley and Bosworth,30/06/1999,336
E07000132,Hinckley and Bosworth,30/06/2000,335
E07000132,Hinckley and Bosworth,30/06/2001,337
E07000132,Hinckley and Bosworth,30/06/2002,338
E07000132,Hinckley and Bosworth,30/06/2003,340
E07000132,Hinckley and Bosworth,30/06/2004,343
E07000132,Hinckley and Bosworth,30/06/2005,344
E07000132,Hinckley and Bosworth,30/06/2006,346
E07000132,Hinckley and Bosworth,30/06/2007,348
E07000132,Hinckley and Bosworth,30/06/2008,350
E07000132,Hinckley and Bosworth,30/06/2009,351
E07000132,Hinckley and Bosworth,30/06/2010,352
E07000132,Hinckley and Bosworth,30/06/2011,354
E07000132,Hinckley and Bosworth,30/06/2012,356
E07000132,Hinckley and Bosworth,30/06/2013,358
E07000132,Hinckley and Bosworth,30/06/2014,361
E07000132,Hinckley and Bosworth,30/06/2015,365
E07000132,Hinckley and Bosworth,30/06/2016,370
E07000132,Hinckley and Bosworth,30/06/2017,375
E07000132,Hinckley and Bosworth,30/06/2018,377
E07000132,Hinckley and Bosworth,30/06/2019,379
E07000132,Hinckley and Bosworth,30/06/2020,380
E07000132,Hinckley and Bosworth,30/06/2021,382
E07000132,Hinckley and Bosworth,30/06/2022,384
E07000132,Hinckley and Bosworth,30/06/2023,388
E07000132,Hinckley and Bosworth,30/06/2024,392
E07000133,Melton,30/06/1991,94
E07000133,Melton,30/06/1992,95
E07000133,Melton,30/06/1993,96
E07000133,Melton,30/06/1994,96
E07000133,Melton,30/06/1995,96
E07000133,Melton,30/06/1996,96
E07000133,Melton,30/06/1997,96
E07000133,Melton,30/06/1998,95
E07000133,Melton,30/06/1999,98
E07000133,Melton,30/06/2000,99
E07000133,Melton,30/06/2001,99
E07000133,Melton,30/06/2002,100
E07000133,Melton,30/06/2003,101
E07000133,Melton,30/06/2004,101
E07000133,Melton,30/06/2005,101
E07000133,Melton,30/06/2006,101
E07000133,Melton,30/06/2007,102
E07000133,Melton,30/06/2008,102
E07000133,Melton,30/06/2009,103
E07000133,Melton,30/06/2010,104
E07000133,Melton,30/06/2011,105
E07000133,Melton,30/06/2012,106
E07000133,Melton,30/06/2013,106
E07000133,Melton,30/06/2014,106
E07000133,Melton,30/06/2015,106
E07000133,Melton,30/06/2016,106
E07000133,Melton,30/06/2017,106
E07000133,Melton,30/06/2018,107
E07000133,Melton,30/06/2019,107
E07000133,Melton,30/06/2020,107
E07000133,Melton,30/06/2021,108
E07000133,Melton,30/06/2022,109
E07000133,Melton,30/06/2023,111
E07000133,Melton,30/06/2024,112
E07000134,North West Leicestershire,30/06/1991,290
E07000134,North West Leicestershire,30/06/1992,293
E07000134,North West Leicestershire,30/06/1993,294
E07000134,North West Leicestershire,30/06/1994,295
E07000134,North West Leicestershire,30/06/1995,297
E07000134,North West Leicestershire,30/06/1996,298
E07000134,North West Leicestershire,30/06/1997,299
E07000134,North West Leicestershire,30/06/1998,299
E07000134,North West Leicestershire,30/06/1999,302
E07000134,North West Leicestershire,30/06/2000,304
E07000134,North West Leicestershire,30/06/2001,307
E07000134,North West Leicestershire,30/06/2002,311
E07000134,North West Leicestershire,30/06/2003,314
E07000134,North West Leicestershire,30/06/2004,318
E07000134,North West Leicestershire,30/06/2005,321
E07000134,North West Leicestershire,30/06/2006,324
E07000134,North West Leicestershire,30/06/2007,327
E07000134,North West Leicestershire,30/06/2008,330
E07000134,North West Leicestershire,30/06/2009,332
E07000134,North West Leicestershire,30/06/2010,334
E07000134,North West Leicestershire,30/06/2011,335
E07000134,North West Leicestershire,30/06/2012,336
E07000134,North West Leicestershire,30/06/2013,338
E07000134,North West Leicestershire,30/06/2014,341
E07000134,North West Leicestershire,30/06/2015,345
E07000134,North West Leicestershire,30/06/2016,350
E07000134,North West Leicestershire,30/06/2017,356
E07000134,North West Leicestershire,30/06/2018,362
E07000134,North West Leicestershire,30/06/2019,367
E07000134,North West Leicestershire,30/06/2020,370
E07000134,North West Leicestershire,30/06/2021,376
E07000134,North West Leicestershire,30/06/2022,386
E07000134,North West Leicestershire,30/06/2023,395
E07000134,North West Leicestershire,30/06/2024,401
E07000135,Oadby and Wigston,30/06/1991,2247
E07000135,Oadby and Wigston,30/06/1992,2277
E07000135,Oadby and Wigston,30/06/1993,2284
E07000135,Oadby and Wigston,30/06/1994,2277
E07000135,Oadby and Wigston,30/06/1995,2291
E07000135,Oadby and Wigston,30/06/1996,2312
E07000135,Oadby and Wigston,30/06/1997,2322
E07000135,Oadby and Wigston,30/06/1998,2296
E07000135,Oadby and Wigston,30/06/1999,2346
E07000135,Oadby and Wigston,30/06/2000,2364
E07000135,Oadby and Wigston,30/06/2001,2371
E07000135,Oadby and Wigston,30/06/2002,2371
E07000135,Oadby and Wigston,30/06/2003,2387
E07000135,Oadby and Wigston,30/06/2004,2400
E07000135,Oadby and Wigston,30/06/2005,2390
E07000135,Oadby and Wigston,30/06/2006,2402
E07000135,Oadby and Wigston,30/06/2007,2401
E07000135,Oadby and Wigston,30/06/2008,2390
E07000135,Oadby and Wigston,30/06/2009,2363
E07000135,Oadby and Wigston,30/06/2010,2346
E07000135,Oadby and Wigston,30/06/2011,2379
E07000135,Oadby and Wigston,30/06/2012,2382
E07000135,Oadby and Wigston,30/06/2013,2383
E07000135,Oadby and Wigston,30/06/2014,2414
E07000135,Oadby and Wigston,30/06/2015,2390
E07000135,Oadby and Wigston,30/06/2016,2382
E07000135,Oadby and Wigston,30/06/2017,2445
E07000135,Oadby and Wigston,30/06/2018,2453
E07000135,Oadby and Wigston,30/06/2019,2456
E07000135,Oadby and Wigston,30/06/2020,2460
E07000135,Oadby and Wigston,30/06/2021,2456
E07000135,Oadby and Wigston,30/06/2022,2488
E07000135,Oadby and Wigston,30/06/2023,2543
E07000135,Oadby and Wigston,30/06/2024,2622
E07000136,Boston,30/06/1991,147
E07000136,Boston,30/06/1992,148
E07000136,Boston,30/06/1993,149
E07000136,Boston,30/06/1994,149
E07000136,Boston,30/06/1995,149
E07000136,Boston,30/06/1996,149
E07000136,Boston,30/06/1997,150
E07000136,Boston,30/06/1998,151
E07000136,Boston,30/06/1999,151
E07000136,Boston,30/06/2000,152
E07000136,Boston,30/06/2001,153
E07000136,Boston,30/06/2002,155
E07000136,Boston,30/06/2003,157
E07000136,Boston,30/06/2004,160
E07000136,Boston,30/06/2005,161
E07000136,Boston,30/06/2006,164
E07000136,Boston,30/06/2007,168
E07000136,Boston,30/06/2008,171
E07000136,Boston,30/06/2009,174
E07000136,Boston,30/06/2010,177
E07000136,Boston,30/06/2011,178
E07000136,Boston,30/06/2012,179
E07000136,Boston,30/06/2013,183
E07000136,Boston,30/06/2014,184
E07000136,Boston,30/06/2015,186
E07000136,Boston,30/06/2016,188
E07000136,Boston,30/06/2017,191
E07000136,Boston,30/06/2018,193
E07000136,Boston,30/06/2019,193
E07000136,Boston,30/06/2020,193
E07000136,Boston,30/06/2021,195
E07000136,Boston,30/06/2022,194
E07000136,Boston,30/06/2023,195
E07000136,Boston,30/06/2024,195
E07000137,East Lindsey,30/06/1991,67
E07000137,East Lindsey,30/06/1992,68
E07000137,East Lindsey,30/06/1993,68
E07000137,East Lindsey,30/06/1994,69
E07000137,East Lindsey,30/06/1995,69
E07000137,East Lindsey,30/06/1996,70
E07000137,East Lindsey,30/06/1997,70
E07000137,East Lindsey,30/06/1998,71
E07000137,East Lindsey,30/06/1999,72
E07000137,East Lindsey,30/06/2000,73
E07000137,East Lindsey,30/06/2001,74
E07000137,East Lindsey,30/06/2002,75
E07000137,East Lindsey,30/06/2003,75
E07000137,East Lindsey,30/06/2004,76
E07000137,East Lindsey,30/06/2005,77
E07000137,East Lindsey,30/06/2006,77
E07000137,East Lindsey,30/06/2007,78
E07000137,East Lindsey,30/06/2008,78
E07000137,East Lindsey,30/06/2009,78
E07000137,East Lindsey,30/06/2010,78
E07000137,East Lindsey,30/06/2011,77
E07000137,East Lindsey,30/06/2012,77
E07000137,East Lindsey,30/06/2013,77
E07000137,East Lindsey,30/06/2014,78
E07000137,East Lindsey,30/06/2015,78
E07000137,East Lindsey,30/06/2016,78
E07000137,East Lindsey,30/06/2017,79
E07000137,East Lindsey,30/06/2018,80
E07000137,East Lindsey,30/06/2019,80
E07000137,East Lindsey,30/06/2020,80
E07000137,East Lindsey,30/06/2021,81
E07000137,East Lindsey,30/06/2022,82
E07000137,East Lindsey,30/06/2023,82
E07000137,East Lindsey,30/06/2024,82
E07000138,Lincoln,30/06/1991,2354
E07000138,Lincoln,30/06/1992,2385
E07000138,Lincoln,30/06/1993,2389
E07000138,Lincoln,30/06/1994,2370
E07000138,Lincoln,30/06/1995,2368
E07000138,Lincoln,30/06/1996,2354
E07000138,Lincoln,30/06/1997,2354
E07000138,Lincoln,30/06/1998,2351
E07000138,Lincoln,30/06/1999,2372
E07000138,Lincoln,30/06/2000,2383
E07000138,Lincoln,30/06/2001,2398
E07000138,Lincoln,30/06/2002,2400
E07000138,Lincoln,30/06/2003,2421
E07000138,Lincoln,30/06/2004,2459
E07000138,Lincoln,30/06/2005,2483
E07000138,Lincoln,30/06/2006,2506
E07000138,Lincoln,30/06/2007,2518
E07000138,Lincoln,30/06/2008,2528
E07000138,Lincoln,30/06/2009,2544
E07000138,Lincoln,30/06/2010,2583
E07000138,Lincoln,30/06/2011,2608
E07000138,Lincoln,30/06/2012,2676
E07000138,Lincoln,30/06/2013,2730
E07000138,Lincoln,30/06/2014,2759
E07000138,Lincoln,30/06/2015,2786
E07000138,Lincoln,30/06/2016,2821
E07000138,Lincoln,30/06/2017,2865
E07000138,Lincoln,30/06/2018,2892
E07000138,Lincoln,30/06/2019,2903
E07000138,Lincoln,30/06/2020,2901
E07000138,Lincoln,30/06/2021,2869
E07000138,Lincoln,30/06/2022,2887
E07000138,Lincoln,30/06/2023,2917
E07000138,Lincoln,30/06/2024,2945
E07000139,North Kesteven,30/06/1991,87
E07000139,North Kesteven,30/06/1992,87
E07000139,North Kesteven,30/06/1993,88
E07000139,North Kesteven,30/06/1994,89
E07000139,North Kesteven,30/06/1995,92
E07000139,North Kesteven,30/06/1996,94
E07000139,North Kesteven,30/06/1997,94
E07000139,North Kesteven,30/06/1998,95
E07000139,North Kesteven,30/06/1999,98
E07000139,North Kesteven,30/06/2000,100
E07000139,North Kesteven,30/06/2001,102
E07000139,North Kesteven,30/06/2002,105
E07000139,North Kesteven,30/06/2003,107
E07000139,North Kesteven,30/06/2004,108
E07000139,North Kesteven,30/06/2005,109
E07000139,North Kesteven,30/06/2006,111
E07000139,North Kesteven,30/06/2007,113
E07000139,North Kesteven,30/06/2008,114
E07000139,North Kesteven,30/06/2009,115
E07000139,North Kesteven,30/06/2010,117
E07000139,North Kesteven,30/06/2011,118
E07000139,North Kesteven,30/06/2012,118
E07000139,North Kesteven,30/06/2013,119
E07000139,North Kesteven,30/06/2014,120
E07000139,North Kesteven,30/06/2015,121
E07000139,North Kesteven,30/06/2016,123
E07000139,North Kesteven,30/06/2017,124
E07000139,North Kesteven,30/06/2018,125
E07000139,North Kesteven,30/06/2019,126
E07000139,North Kesteven,30/06/2020,127
E07000139,North Kesteven,30/06/2021,128
E07000139,North Kesteven,30/06/2022,130
E07000139,North Kesteven,30/06/2023,131
E07000139,North Kesteven,30/06/2024,133
E07000140,South Holland,30/06/1991,90
E07000140,South Holland,30/06/1992,91
E07000140,South Holland,30/06/1993,92
E07000140,South Holland,30/06/1994,94
E07000140,South Holland,30/06/1995,95
E07000140,South Holland,30/06/1996,95
E07000140,South Holland,30/06/1997,96
E07000140,South Holland,30/06/1998,98
E07000140,South Holland,30/06/1999,99
E07000140,South Holland,30/06/2000,101
E07000140,South Holland,30/06/2001,102
E07000140,South Holland,30/06/2002,104
E07000140,South Holland,30/06/2003,106
E07000140,South Holland,30/06/2004,108
E07000140,South Holland,30/06/2005,109
E07000140,South Holland,30/06/2006,111
E07000140,South Holland,30/06/2007,113
E07000140,South Holland,30/06/2008,115
E07000140,South Holland,30/06/2009,116
E07000140,South Holland,30/06/2010,117
E07000140,South Holland,30/06/2011,118
E07000140,South Holland,30/06/2012,118
E07000140,South Holland,30/06/2013,119
E07000140,South Holland,30/06/2014,120
E07000140,South Holland,30/06/2015,121
E07000140,South Holland,30/06/2016,123
E07000140,South Holland,30/06/2017,123
E07000140,South Holland,30/06/2018,124
E07000140,South Holland,30/06/2019,125
E07000140,South Holland,30/06/2020,125
E07000140,South Holland,30/06/2021,127
E07000140,South Holland,30/06/2022,129
E07000140,South Holland,30/06/2023,131
E07000140,South Holland,30/06/2024,132
E07000141,South Kesteven,30/06/1991,116
E07000141,South Kesteven,30/06/1992,118
E07000141,South Kesteven,30/06/1993,119
E07000141,South Kesteven,30/06/1994,122
E07000141,South Kesteven,30/06/1995,125
E07000141,South Kesteven,30/06/1996,127
E07000141,South Kesteven,30/06/1997,129
E07000141,South Kesteven,30/06/1998,131
E07000141,South Kesteven,30/06/1999,131
E07000141,South Kesteven,30/06/2000,132
E07000141,South Kesteven,30/06/2001,132
E07000141,South Kesteven,30/06/2002,133
E07000141,South Kesteven,30/06/2003,134
E07000141,South Kesteven,30/06/2004,135
E07000141,South Kesteven,30/06/2005,135
E07000141,South Kesteven,30/06/2006,137
E07000141,South Kesteven,30/06/2007,138
E07000141,South Kesteven,30/06/2008,139
E07000141,South Kesteven,30/06/2009,140
E07000141,South Kesteven,30/06/2010,141
E07000141,South Kesteven,30/06/2011,142
E07000141,South Kesteven,30/06/2012,143
E07000141,South Kesteven,30/06/2013,145
E07000141,South Kesteven,30/06/2014,146
E07000141,South Kesteven,30/06/2015,147
E07000141,South Kesteven,30/06/2016,149
E07000141,South Kesteven,30/06/2017,150
E07000141,South Kesteven,30/06/2018,150
E07000141,South Kesteven,30/06/2019,151
E07000141,South Kesteven,30/06/2020,152
E07000141,South Kesteven,30/06/2021,153
E07000141,South Kesteven,30/06/2022,153
E07000141,South Kesteven,30/06/2023,155
E07000141,South Kesteven,30/06/2024,156
E07000142,West Lindsey,30/06/1991,66
E07000142,West Lindsey,30/06/1992,67
E07000142,West Lindsey,30/06/1993,67
E07000142,West Lindsey,30/06/1994,67
E07000142,West Lindsey,30/06/1995,67
E07000142,West Lindsey,30/06/1996,67
E07000142,West Lindsey,30/06/1997,67
E07000142,West Lindsey,30/06/1998,67
E07000142,West Lindsey,30/06/1999,68
E07000142,West Lindsey,30/06/2000,68
E07000142,West Lindsey,30/06/2001,69
E07000142,West Lindsey,30/06/2002,70
E07000142,West Lindsey,30/06/2003,71
E07000142,West Lindsey,30/06/2004,72
E07000142,West Lindsey,30/06/2005,73
E07000142,West Lindsey,30/06/2006,74
E07000142,West Lindsey,30/06/2007,76
E07000142,West Lindsey,30/06/2008,76
E07000142,West Lindsey,30/06/2009,77
E07000142,West Lindsey,30/06/2010,77
E07000142,West Lindsey,30/06/2011,77
E07000142,West Lindsey,30/06/2012,78
E07000142,West Lindsey,30/06/2013,78
E07000142,West Lindsey,30/06/2014,79
E07000142,West Lindsey,30/06/2015,80
E07000142,West Lindsey,30/06/2016,80
E07000142,West Lindsey,30/06/2017,80
E07000142,West Lindsey,30/06/2018,81
E07000142,West Lindsey,30/06/2019,81
E07000142,West Lindsey,30/06/2020,82
E07000142,West Lindsey,30/06/2021,83
E07000142,West Lindsey,30/06/2022,84
E07000142,West Lindsey,30/06/2023,85
E07000142,West Lindsey,30/06/2024,86
E07000143,Breckland,30/06/1991,83
E07000143,Breckland,30/06/1992,84
E07000143,Breckland,30/06/1993,85
E07000143,Breckland,30/06/1994,85
E07000143,Breckland,30/06/1995,85
E07000143,Breckland,30/06/1996,86
E07000143,Breckland,30/06/1997,88
E07000143,Breckland,30/06/1998,89
E07000143,Breckland,30/06/1999,91
E07000143,Breckland,30/06/2000,92
E07000143,Breckland,30/06/2001,93
E07000143,Breckland,30/06/2002,94
E07000143,Breckland,30/06/2003,94
E07000143,Breckland,30/06/2004,95
E07000143,Breckland,30/06/2005,96
E07000143,Breckland,30/06/2006,97
E07000143,Breckland,30/06/2007,98
E07000143,Breckland,30/06/2008,99
E07000143,Breckland,30/06/2009,99
E07000143,Breckland,30/06/2010,100
E07000143,Breckland,30/06/2011,100
E07000143,Breckland,30/06/2012,101
E07000143,Breckland,30/06/2013,102
E07000143,Breckland,30/06/2014,103
E07000143,Breckland,30/06/2015,104
E07000143,Breckland,30/06/2016,105
E07000143,Breckland,30/06/2017,106
E07000143,Breckland,30/06/2018,107
E07000143,Breckland,30/06/2019,107
E07000143,Breckland,30/06/2020,108
E07000143,Breckland,30/06/2021,109
E07000143,Breckland,30/06/2022,110
E07000143,Breckland,30/06/2023,111
E07000143,Breckland,30/06/2024,112
E07000144,Broadland,30/06/1991,193
E07000144,Broadland,30/06/1992,193
E07000144,Broadland,30/06/1993,195
E07000144,Broadland,30/06/1994,197
E07000144,Broadland,30/06/1995,201
E07000144,Broadland,30/06/1996,203
E07000144,Broadland,30/06/1997,206
E07000144,Broadland,30/06/1998,209
E07000144,Broadland,30/06/1999,211
E07000144,Broadland,30/06/2000,213
E07000144,Broadland,30/06/2001,215
E07000144,Broadland,30/06/2002,216
E07000144,Broadland,30/06/2003,218
E07000144,Broadland,30/06/2004,219
E07000144,Broadland,30/06/2005,220
E07000144,Broadland,30/06/2006,222
E07000144,Broadland,30/06/2007,223
E07000144,Broadland,30/06/2008,223
E07000144,Broadland,30/06/2009,224
E07000144,Broadland,30/06/2010,225
E07000144,Broadland,30/06/2011,226
E07000144,Broadland,30/06/2012,226
E07000144,Broadland,30/06/2013,227
E07000144,Broadland,30/06/2014,227
E07000144,Broadland,30/06/2015,228
E07000144,Broadland,30/06/2016,229
E07000144,Broadland,30/06/2017,231
E07000144,Broadland,30/06/2018,233
E07000144,Broadland,30/06/2019,235
E07000144,Broadland,30/06/2020,237
E07000144,Broadland,30/06/2021,240
E07000144,Broadland,30/06/2022,242
E07000144,Broadland,30/06/2023,246
E07000144,Broadland,30/06/2024,250
E07000145,Great Yarmouth,30/06/1991,508
E07000145,Great Yarmouth,30/06/1992,509
E07000145,Great Yarmouth,30/06/1993,509
E07000145,Great Yarmouth,30/06/1994,508
E07000145,Great Yarmouth,30/06/1995,510
E07000145,Great Yarmouth,30/06/1996,512
E07000145,Great Yarmouth,30/06/1997,511
E07000145,Great Yarmouth,30/06/1998,513
E07000145,Great Yarmouth,30/06/1999,516
E07000145,Great Yarmouth,30/06/2000,519
E07000145,Great Yarmouth,30/06/2001,522
E07000145,Great Yarmouth,30/06/2002,525
E07000145,Great Yarmouth,30/06/2003,531
E07000145,Great Yarmouth,30/06/2004,535
E07000145,Great Yarmouth,30/06/2005,540
E07000145,Great Yarmouth,30/06/2006,542
E07000145,Great Yarmouth,30/06/2007,546
E07000145,Great Yarmouth,30/06/2008,550
E07000145,Great Yarmouth,30/06/2009,553
E07000145,Great Yarmouth,30/06/2010,557
E07000145,Great Yarmouth,30/06/2011,559
E07000145,Great Yarmouth,30/06/2012,560
E07000145,Great Yarmouth,30/06/2013,563
E07000145,Great Yarmouth,30/06/2014,565
E07000145,Great Yarmouth,30/06/2015,568
E07000145,Great Yarmouth,30/06/2016,571
E07000145,Great Yarmouth,30/06/2017,575
E07000145,Great Yarmouth,30/06/2018,576
E07000145,Great Yarmouth,30/06/2019,576
E07000145,Great Yarmouth,30/06/2020,573
E07000145,Great Yarmouth,30/06/2021,575
E07000145,Great Yarmouth,30/06/2022,573
E07000145,Great Yarmouth,30/06/2023,575
E07000145,Great Yarmouth,30/06/2024,577
E07000146,King's Lynn and West Norfolk,30/06/1991,91
E07000146,King's Lynn and West Norfolk,30/06/1992,91
E07000146,King's Lynn and West Norfolk,30/06/1993,91
E07000146,King's Lynn and West Norfolk,30/06/1994,91
E07000146,King's Lynn and West Norfolk,30/06/1995,91
E07000146,King's Lynn and West Norfolk,30/06/1996,91
E07000146,King's Lynn and West Norfolk,30/06/1997,92
E07000146,King's Lynn and West Norfolk,30/06/1998,93
E07000146,King's Lynn and West Norfolk,30/06/1999,93
E07000146,King's Lynn and West Norfolk,30/06/2000,94
E07000146,King's Lynn and West Norfolk,30/06/2001,94
E07000146,King's Lynn and West Norfolk,30/06/2002,95
E07000146,King's Lynn and West Norfolk,30/06/2003,96
E07000146,King's Lynn and West Norfolk,30/06/2004,97
E07000146,King's Lynn and West Norfolk,30/06/2005,98
E07000146,King's Lynn and West Norfolk,30/06/2006,99
E07000146,King's Lynn and West Norfolk,30/06/2007,100
E07000146,King's Lynn and West Norfolk,30/06/2008,101
E07000146,King's Lynn and West Norfolk,30/06/2009,102
E07000146,King's Lynn and West Norfolk,30/06/2010,102
E07000146,King's Lynn and West Norfolk,30/06/2011,103
E07000146,King's Lynn and West Norfolk,30/06/2012,103
E07000146,King's Lynn and West Norfolk,30/06/2013,104
E07000146,King's Lynn and West Norfolk,30/06/2014,105
E07000146,King's Lynn and West Norfolk,30/06/2015,105
E07000146,King's Lynn and West Norfolk,30/06/2016,106
E07000146,King's Lynn and West Norfolk,30/06/2017,107
E07000146,King's Lynn and West Norfolk,30/06/2018,107
E07000146,King's Lynn and West Norfolk,30/06/2019,107
E07000146,King's Lynn and West Norfolk,30/06/2020,106
E07000146,King's Lynn and West Norfolk,30/06/2021,108
E07000146,King's Lynn and West Norfolk,30/06/2022,108
E07000146,King's Lynn and West Norfolk,30/06/2023,109
E07000146,King's Lynn and West Norfolk,30/06/2024,109
E07000147,North Norfolk,30/06/1991,95
E07000147,North Norfolk,30/06/1992,95
E07000147,North Norfolk,30/06/1993,96
E07000147,North Norfolk,30/06/1994,96
E07000147,North Norfolk,30/06/1995,98
E07000147,North Norfolk,30/06/1996,98
E07000147,North Norfolk,30/06/1997,99
E07000147,North Norfolk,30/06/1998,101
E07000147,North Norfolk,30/06/1999,101
E07000147,North Norfolk,30/06/2000,102
E07000147,North Norfolk,30/06/2001,102
E07000147,North Norfolk,30/06/2002,102
E07000147,North Norfolk,30/06/2003,103
E07000147,North Norfolk,30/06/2004,103
E07000147,North Norfolk,30/06/2005,103
E07000147,North Norfolk,30/06/2006,103
E07000147,North Norfolk,30/06/2007,104
E07000147,North Norfolk,30/06/2008,104
E07000147,North Norfolk,30/06/2009,104
E07000147,North Norfolk,30/06/2010,104
E07000147,North Norfolk,30/06/2011,105
E07000147,North Norfolk,30/06/2012,105
E07000147,North Norfolk,30/06/2013,105
E07000147,North Norfolk,30/06/2014,106
E07000147,North Norfolk,30/06/2015,106
E07000147,North Norfolk,30/06/2016,106
E07000147,North Norfolk,30/06/2017,106
E07000147,North Norfolk,30/06/2018,106
E07000147,North Norfolk,30/06/2019,106
E07000147,North Norfolk,30/06/2020,106
E07000147,North Norfolk,30/06/2021,107
E07000147,North Norfolk,30/06/2022,107
E07000147,North Norfolk,30/06/2023,107
E07000147,North Norfolk,30/06/2024,107
E07000148,Norwich,30/06/1991,3206
E07000148,Norwich,30/06/1992,3215
E07000148,Norwich,30/06/1993,3222
E07000148,Norwich,30/06/1994,3214
E07000148,Norwich,30/06/1995,3188
E07000148,Norwich,30/06/1996,3176
E07000148,Norwich,30/06/1997,3151
E07000148,Norwich,30/06/1998,3121
E07000148,Norwich,30/06/1999,3108
E07000148,Norwich,30/06/2000,3118
E07000148,Norwich,30/06/2001,3138
E07000148,Norwich,30/06/2002,3138
E07000148,Norwich,30/06/2003,3153
E07000148,Norwich,30/06/2004,3176
E07000148,Norwich,30/06/2005,3221
E07000148,Norwich,30/06/2006,3252
E07000148,Norwich,30/06/2007,3255
E07000148,Norwich,30/06/2008,3283
E07000148,Norwich,30/06/2009,3313
E07000148,Norwich,30/06/2010,3357
E07000148,Norwich,30/06/2011,3389
E07000148,Norwich,30/06/2012,3446
E07000148,Norwich,30/06/2013,3501
E07000148,Norwich,30/06/2014,3529
E07000148,Norwich,30/06/2015,3555
E07000148,Norwich,30/06/2016,3624
E07000148,Norwich,30/06/2017,3644
E07000148,Norwich,30/06/2018,3688
E07000148,Norwich,30/06/2019,3675
E07000148,Norwich,30/06/2020,3691
E07000148,Norwich,30/06/2021,3672
E07000148,Norwich,30/06/2022,3717
E07000148,Norwich,30/06/2023,3754
E07000148,Norwich,30/06/2024,3774
E07000149,South Norfolk,30/06/1991,114
E07000149,South Norfolk,30/06/1992,114
E07000149,South Norfolk,30/06/1993,114
E07000149,South Norfolk,30/06/1994,114
E07000149,South Norfolk,30/06/1995,115
E07000149,South Norfolk,30/06/1996,116
E07000149,South Norfolk,30/06/1997,117
E07000149,South Norfolk,30/06/1998,118
E07000149,South Norfolk,30/06/1999,120
E07000149,South Norfolk,30/06/2000,121
E07000149,South Norfolk,30/06/2001,122
E07000149,South Norfolk,30/06/2002,124
E07000149,South Norfolk,30/06/2003,125
E07000149,South Norfolk,30/06/2004,126
E07000149,South Norfolk,30/06/2005,127
E07000149,South Norfolk,30/06/2006,128
E07000149,South Norfolk,30/06/2007,129
E07000149,South Norfolk,30/06/2008,131
E07000149,South Norfolk,30/06/2009,133
E07000149,South Norfolk,30/06/2010,135
E07000149,South Norfolk,30/06/2011,137
E07000149,South Norfolk,30/06/2012,138
E07000149,South Norfolk,30/06/2013,140
E07000149,South Norfolk,30/06/2014,142
E07000149,South Norfolk,30/06/2015,143
E07000149,South Norfolk,30/06/2016,145
E07000149,South Norfolk,30/06/2017,147
E07000149,South Norfolk,30/06/2018,149
E07000149,South Norfolk,30/06/2019,152
E07000149,South Norfolk,30/06/2020,154
E07000149,South Norfolk,30/06/2021,157
E07000149,South Norfolk,30/06/2022,159
E07000149,South Norfolk,30/06/2023,162
E07000149,South Norfolk,30/06/2024,164
E07000170,Ashfield,30/06/1991,994
E07000170,Ashfield,30/06/1992,997
E07000170,Ashfield,30/06/1993,999
E07000170,Ashfield,30/06/1994,1001
E07000170,Ashfield,30/06/1995,996
E07000170,Ashfield,30/06/1996,993
E07000170,Ashfield,30/06/1997,993
E07000170,Ashfield,30/06/1998,992
E07000170,Ashfield,30/06/1999,1001
E07000170,Ashfield,30/06/2000,1005
E07000170,Ashfield,30/06/2001,1018
E07000170,Ashfield,30/06/2002,1027
E07000170,Ashfield,30/06/2003,1032
E07000170,Ashfield,30/06/2004,1042
E07000170,Ashfield,30/06/2005,1050
E07000170,Ashfield,30/06/2006,1056
E07000170,Ashfield,30/06/2007,1062
E07000170,Ashfield,30/06/2008,1068
E07000170,Ashfield,30/06/2009,1076
E07000170,Ashfield,30/06/2010,1082
E07000170,Ashfield,30/06/2011,1091
E07000170,Ashfield,30/06/2012,1095
E07000170,Ashfield,30/06/2013,1108
E07000170,Ashfield,30/06/2014,1116
E07000170,Ashfield,30/06/2015,1124
E07000170,Ashfield,30/06/2016,1132
E07000170,Ashfield,30/06/2017,1145
E07000170,Ashfield,30/06/2018,1151
E07000170,Ashfield,30/06/2019,1155
E07000170,Ashfield,30/06/2020,1156
E07000170,Ashfield,30/06/2021,1153
E07000170,Ashfield,30/06/2022,1160
E07000170,Ashfield,30/06/2023,1173
E07000170,Ashfield,30/06/2024,1183
E07000171,Bassetlaw,30/06/1991,164
E07000171,Bassetlaw,30/06/1992,165
E07000171,Bassetlaw,30/06/1993,165
E07000171,Bassetlaw,30/06/1994,164
E07000171,Bassetlaw,30/06/1995,166
E07000171,Bassetlaw,30/06/1996,166
E07000171,Bassetlaw,30/06/1997,165
E07000171,Bassetlaw,30/06/1998,165
E07000171,Bassetlaw,30/06/1999,167
E07000171,Bassetlaw,30/06/2000,168
E07000171,Bassetlaw,30/06/2001,169
E07000171,Bassetlaw,30/06/2002,170
E07000171,Bassetlaw,30/06/2003,171
E07000171,Bassetlaw,30/06/2004,172
E07000171,Bassetlaw,30/06/2005,173
E07000171,Bassetlaw,30/06/2006,174
E07000171,Bassetlaw,30/06/2007,175
E07000171,Bassetlaw,30/06/2008,176
E07000171,Bassetlaw,30/06/2009,176
E07000171,Bassetlaw,30/06/2010,177
E07000171,Bassetlaw,30/06/2011,177
E07000171,Bassetlaw,30/06/2012,178
E07000171,Bassetlaw,30/06/2013,178
E07000171,Bassetlaw,30/06/2014,179
E07000171,Bassetlaw,30/06/2015,179
E07000171,Bassetlaw,30/06/2016,180
E07000171,Bassetlaw,30/06/2017,181
E07000171,Bassetlaw,30/06/2018,182
E07000171,Bassetlaw,30/06/2019,183
E07000171,Bassetlaw,30/06/2020,184
E07000171,Bassetlaw,30/06/2021,186
E07000171,Bassetlaw,30/06/2022,188
E07000171,Bassetlaw,30/06/2023,192
E07000171,Bassetlaw,30/06/2024,196
E07000172,Broxtowe,30/06/1991,1351
E07000172,Broxtowe,30/06/1992,1358
E07000172,Broxtowe,30/06/1993,1370
E07000172,Broxtowe,30/06/1994,1387
E07000172,Broxtowe,30/06/1995,1384
E07000172,Broxtowe,30/06/1996,1375
E07000172,Broxtowe,30/06/1997,1360
E07000172,Broxtowe,30/06/1998,1350
E07000172,Broxtowe,30/06/1999,1352
E07000172,Broxtowe,30/06/2000,1345
E07000172,Broxtowe,30/06/2001,1342
E07000172,Broxtowe,30/06/2002,1346
E07000172,Broxtowe,30/06/2003,1346
E07000172,Broxtowe,30/06/2004,1349
E07000172,Broxtowe,30/06/2005,1352
E07000172,Broxtowe,30/06/2006,1351
E07000172,Broxtowe,30/06/2007,1352
E07000172,Broxtowe,30/06/2008,1357
E07000172,Broxtowe,30/06/2009,1363
E07000172,Broxtowe,30/06/2010,1364
E07000172,Broxtowe,30/06/2011,1370
E07000172,Broxtowe,30/06/2012,1377
E07000172,Broxtowe,30/06/2013,1379
E07000172,Broxtowe,30/06/2014,1380
E07000172,Broxtowe,30/06/2015,1378
E07000172,Broxtowe,30/06/2016,1378
E07000172,Broxtowe,30/06/2017,1380
E07000172,Broxtowe,30/06/2018,1385
E07000172,Broxtowe,30/06/2019,1389
E07000172,Broxtowe,30/06/2020,1391
E07000172,Broxtowe,30/06/2021,1383
E07000172,Broxtowe,30/06/2022,1403
E07000172,Broxtowe,30/06/2023,1419
E07000172,Broxtowe,30/06/2024,1430
E07000173,Gedling,30/06/1991,921
E07000173,Gedling,30/06/1992,928
E07000173,Gedling,30/06/1993,932
E07000173,Gedling,30/06/1994,930
E07000173,Gedling,30/06/1995,929
E07000173,Gedling,30/06/1996,938
E07000173,Gedling,30/06/1997,930
E07000173,Gedling,30/06/1998,934
E07000173,Gedling,30/06/1999,933
E07000173,Gedling,30/06/2000,929
E07000173,Gedling,30/06/2001,932
E07000173,Gedling,30/06/2002,933
E07000173,Gedling,30/06/2003,931
E07000173,Gedling,30/06/2004,932
E07000173,Gedling,30/06/2005,933
E07000173,Gedling,30/06/2006,931
E07000173,Gedling,30/06/2007,933
E07000173,Gedling,30/06/2008,936
E07000173,Gedling,30/06/2009,939
E07000173,Gedling,30/06/2010,942
E07000173,Gedling,30/06/2011,948
E07000173,Gedling,30/06/2012,951
E07000173,Gedling,30/06/2013,958
E07000173,Gedling,30/06/2014,966
E07000173,Gedling,30/06/2015,967
E07000173,Gedling,30/06/2016,970
E07000173,Gedling,30/06/2017,971
E07000173,Gedling,30/06/2018,976
E07000173,Gedling,30/06/2019,976
E07000173,Gedling,30/06/2020,976
E07000173,Gedling,30/06/2021,978
E07000173,Gedling,30/06/2022,981
E07000173,Gedling,30/06/2023,992
E07000173,Gedling,30/06/2024,1002
E07000174,Mansfield,30/06/1991,1316
E07000174,Mansfield,30/06/1992,1321
E07000174,Mansfield,30/06/1993,1323
E07000174,Mansfield,30/06/1994,1322
E07000174,Mansfield,30/06/1995,1316
E07000174,Mansfield,30/06/1996,1314
E07000174,Mansfield,30/06/1997,1303
E07000174,Mansfield,30/06/1998,1289
E07000174,Mansfield,30/06/1999,1296
E07000174,Mansfield,30/06/2000,1289
E07000174,Mansfield,30/06/2001,1278
E07000174,Mansfield,30/06/2002,1282
E07000174,Mansfield,30/06/2003,1294
E07000174,Mansfield,30/06/2004,1300
E07000174,Mansfield,30/06/2005,1309
E07000174,Mansfield,30/06/2006,1321
E07000174,Mansfield,30/06/2007,1332
E07000174,Mansfield,30/06/2008,1346
E07000174,Mansfield,30/06/2009,1352
E07000174,Mansfield,30/06/2010,1357
E07000174,Mansfield,30/06/2011,1363
E07000174,Mansfield,30/06/2012,1369
E07000174,Mansfield,30/06/2013,1379
E07000174,Mansfield,30/06/2014,1389
E07000174,Mansfield,30/06/2015,1402
E07000174,Mansfield,30/06/2016,1420
E07000174,Mansfield,30/06/2017,1427
E07000174,Mansfield,30/06/2018,1433
E07000174,Mansfield,30/06/2019,1437
E07000174,Mansfield,30/06/2020,1434
E07000174,Mansfield,30/06/2021,1442
E07000174,Mansfield,30/06/2022,1448
E07000174,Mansfield,30/06/2023,1464
E07000174,Mansfield,30/06/2024,1475
E07000175,Newark and Sherwood,30/06/1991,158
E07000175,Newark and Sherwood,30/06/1992,159
E07000175,Newark and Sherwood,30/06/1993,159
E07000175,Newark and Sherwood,30/06/1994,159
E07000175,Newark and Sherwood,30/06/1995,159
E07000175,Newark and Sherwood,30/06/1996,160
E07000175,Newark and Sherwood,30/06/1997,160
E07000175,Newark and Sherwood,30/06/1998,161
E07000175,Newark and Sherwood,30/06/1999,162
E07000175,Newark and Sherwood,30/06/2000,162
E07000175,Newark and Sherwood,30/06/2001,163
E07000175,Newark and Sherwood,30/06/2002,164
E07000175,Newark and Sherwood,30/06/2003,166
E07000175,Newark and Sherwood,30/06/2004,169
E07000175,Newark and Sherwood,30/06/2005,170
E07000175,Newark and Sherwood,30/06/2006,171
E07000175,Newark and Sherwood,30/06/2007,173
E07000175,Newark and Sherwood,30/06/2008,174
E07000175,Newark and Sherwood,30/06/2009,175
E07000175,Newark and Sherwood,30/06/2010,176
E07000175,Newark and Sherwood,30/06/2011,177
E07000175,Newark and Sherwood,30/06/2012,178
E07000175,Newark and Sherwood,30/06/2013,179
E07000175,Newark and Sherwood,30/06/2014,181
E07000175,Newark and Sherwood,30/06/2015,182
E07000175,Newark and Sherwood,30/06/2016,183
E07000175,Newark and Sherwood,30/06/2017,185
E07000175,Newark and Sherwood,30/06/2018,186
E07000175,Newark and Sherwood,30/06/2019,187
E07000175,Newark and Sherwood,30/06/2020,187
E07000175,Newark and Sherwood,30/06/2021,189
E07000175,Newark and Sherwood,30/06/2022,192
E07000175,Newark and Sherwood,30/06/2023,194
E07000175,Newark and Sherwood,30/06/2024,196
E07000176,Rushcliffe,30/06/1991,241
E07000176,Rushcliffe,30/06/1992,243
E07000176,Rushcliffe,30/06/1993,245
E07000176,Rushcliffe,30/06/1994,248
E07000176,Rushcliffe,30/06/1995,248
E07000176,Rushcliffe,30/06/1996,248
E07000176,Rushcliffe,30/06/1997,250
E07000176,Rushcliffe,30/06/1998,253
E07000176,Rushcliffe,30/06/1999,254
E07000176,Rushcliffe,30/06/2000,256
E07000176,Rushcliffe,30/06/2001,258
E07000176,Rushcliffe,30/06/2002,260
E07000176,Rushcliffe,30/06/2003,261
E07000176,Rushcliffe,30/06/2004,263
E07000176,Rushcliffe,30/06/2005,264
E07000176,Rushcliffe,30/06/2006,265
E07000176,Rushcliffe,30/06/2007,266
E07000176,Rushcliffe,30/06/2008,267
E07000176,Rushcliffe,30/06/2009,269
E07000176,Rushcliffe,30/06/2010,272
E07000176,Rushcliffe,30/06/2011,272
E07000176,Rushcliffe,30/06/2012,272
E07000176,Rushcliffe,30/06/2013,274
E07000176,Rushcliffe,30/06/2014,275
E07000176,Rushcliffe,30/06/2015,276
E07000176,Rushcliffe,30/06/2016,277
E07000176,Rushcliffe,30/06/2017,279
E07000176,Rushcliffe,30/06/2018,282
E07000176,Rushcliffe,30/06/2019,285
E07000176,Rushcliffe,30/06/2020,288
E07000176,Rushcliffe,30/06/2021,292
E07000176,Rushcliffe,30/06/2022,298
E07000176,Rushcliffe,30/06/2023,304
E07000176,Rushcliffe,30/06/2024,310
E07000177,Cherwell,30/06/1991,211
E07000177,Cherwell,30/06/1992,215
E07000177,Cherwell,30/06/1993,208
E07000177,Cherwell,30/06/1994,211
E07000177,Cherwell,30/06/1995,217
E07000177,Cherwell,30/06/1996,217
E07000177,Cherwell,30/06/1997,217
E07000177,Cherwell,30/06/1998,218
E07000177,Cherwell,30/06/1999,221
E07000177,Cherwell,30/06/2000,225
E07000177,Cherwell,30/06/2001,224
E07000177,Cherwell,30/06/2002,225
E07000177,Cherwell,30/06/2003,228
E07000177,Cherwell,30/06/2004,229
E07000177,Cherwell,30/06/2005,231
E07000177,Cherwell,30/06/2006,233
E07000177,Cherwell,30/06/2007,235
E07000177,Cherwell,30/06/2008,237
E07000177,Cherwell,30/06/2009,238
E07000177,Cherwell,30/06/2010,240
E07000177,Cherwell,30/06/2011,242
E07000177,Cherwell,30/06/2012,244
E07000177,Cherwell,30/06/2013,247
E07000177,Cherwell,30/06/2014,249
E07000177,Cherwell,30/06/2015,252
E07000177,Cherwell,30/06/2016,256
E07000177,Cherwell,30/06/2017,259
E07000177,Cherwell,30/06/2018,262
E07000177,Cherwell,30/06/2019,266
E07000177,Cherwell,30/06/2020,269
E07000177,Cherwell,30/06/2021,275
E07000177,Cherwell,30/06/2022,279
E07000177,Cherwell,30/06/2023,284
E07000177,Cherwell,30/06/2024,289
E07000178,Oxford,30/06/1991,2827
E07000178,Oxford,30/06/1992,2824
E07000178,Oxford,30/06/1993,2807
E07000178,Oxford,30/06/1994,2800
E07000178,Oxford,30/06/1995,2819
E07000178,Oxford,30/06/1996,2852
E07000178,Oxford,30/06/1997,2922
E07000178,Oxford,30/06/1998,2951
E07000178,Oxford,30/06/1999,2993
E07000178,Oxford,30/06/2000,2995
E07000178,Oxford,30/06/2001,2971
E07000178,Oxford,30/06/2002,2996
E07000178,Oxford,30/06/2003,3068
E07000178,Oxford,30/06/2004,3105
E07000178,Oxford,30/06/2005,3188
E07000178,Oxford,30/06/2006,3169
E07000178,Oxford,30/06/2007,3162
E07000178,Oxford,30/06/2008,3167
E07000178,Oxford,30/06/2009,3190
E07000178,Oxford,30/06/2010,3243
E07000178,Oxford,30/06/2011,3295
E07000178,Oxford,30/06/2012,3342
E07000178,Oxford,30/06/2013,3397
E07000178,Oxford,30/06/2014,3456
E07000178,Oxford,30/06/2015,3468
E07000178,Oxford,30/06/2016,3511
E07000178,Oxford,30/06/2017,3525
E07000178,Oxford,30/06/2018,3538
E07000178,Oxford,30/06/2019,3526
E07000178,Oxford,30/06/2020,3510
E07000178,Oxford,30/06/2021,3517
E07000178,Oxford,30/06/2022,3577
E07000178,Oxford,30/06/2023,3628
E07000178,Oxford,30/06/2024,3641
E07000179,South Oxfordshire,30/06/1991,177
E07000179,South Oxfordshire,30/06/1992,179
E07000179,South Oxfordshire,30/06/1993,179
E07000179,South Oxfordshire,30/06/1994,179
E07000179,South Oxfordshire,30/06/1995,181
E07000179,South Oxfordshire,30/06/1996,183
E07000179,South Oxfordshire,30/06/1997,185
E07000179,South Oxfordshire,30/06/1998,187
E07000179,South Oxfordshire,30/06/1999,188
E07000179,South Oxfordshire,30/06/2000,188
E07000179,South Oxfordshire,30/06/2001,189
E07000179,South Oxfordshire,30/06/2002,190
E07000179,South Oxfordshire,30/06/2003,190
E07000179,South Oxfordshire,30/06/2004,191
E07000179,South Oxfordshire,30/06/2005,192
E07000179,South Oxfordshire,30/06/2006,193
E07000179,South Oxfordshire,30/06/2007,194
E07000179,South Oxfordshire,30/06/2008,195
E07000179,South Oxfordshire,30/06/2009,197
E07000179,South Oxfordshire,30/06/2010,197
E07000179,South Oxfordshire,30/06/2011,199
E07000179,South Oxfordshire,30/06/2012,201
E07000179,South Oxfordshire,30/06/2013,203
E07000179,South Oxfordshire,30/06/2014,205
E07000179,South Oxfordshire,30/06/2015,207
E07000179,South Oxfordshire,30/06/2016,209
E07000179,South Oxfordshire,30/06/2017,209
E07000179,South Oxfordshire,30/06/2018,211
E07000179,South Oxfordshire,30/06/2019,214
E07000179,South Oxfordshire,30/06/2020,216
E07000179,South Oxfordshire,30/06/2021,221
E07000179,South Oxfordshire,30/06/2022,224
E07000179,South Oxfordshire,30/06/2023,227
E07000179,South Oxfordshire,30/06/2024,231
E07000180,Vale of White Horse,30/06/1991,194
E07000180,Vale of White Horse,30/06/1992,193
E07000180,Vale of White Horse,30/06/1993,195
E07000180,Vale of White Horse,30/06/1994,195
E07000180,Vale of White Horse,30/06/1995,195
E07000180,Vale of White Horse,30/06/1996,194
E07000180,Vale of White Horse,30/06/1997,194
E07000180,Vale of White Horse,30/06/1998,194
E07000180,Vale of White Horse,30/06/1999,197
E07000180,Vale of White Horse,30/06/2000,199
E07000180,Vale of White Horse,30/06/2001,200
E07000180,Vale of White Horse,30/06/2002,200
E07000180,Vale of White Horse,30/06/2003,201
E07000180,Vale of White Horse,30/06/2004,202
E07000180,Vale of White Horse,30/06/2005,203
E07000180,Vale of White Horse,30/06/2006,205
E07000180,Vale of White Horse,30/06/2007,206
E07000180,Vale of White Horse,30/06/2008,206
E07000180,Vale of White Horse,30/06/2009,208
E07000180,Vale of White Horse,30/06/2010,209
E07000180,Vale of White Horse,30/06/2011,211
E07000180,Vale of White Horse,30/06/2012,212
E07000180,Vale of White Horse,30/06/2013,214
E07000180,Vale of White Horse,30/06/2014,216
E07000180,Vale of White Horse,30/06/2015,218
E07000180,Vale of White Horse,30/06/2016,222
E07000180,Vale of White Horse,30/06/2017,226
E07000180,Vale of White Horse,30/06/2018,230
E07000180,Vale of White Horse,30/06/2019,234
E07000180,Vale of White Horse,30/06/2020,237
E07000180,Vale of White Horse,30/06/2021,241
E07000180,Vale of White Horse,30/06/2022,247
E07000180,Vale of White Horse,30/06/2023,252
E07000180,Vale of White Horse,30/06/2024,259
E07000181,West Oxfordshire,30/06/1991,127
E07000181,West Oxfordshire,30/06/1992,129
E07000181,West Oxfordshire,30/06/1993,129
E07000181,West Oxfordshire,30/06/1994,131
E07000181,West Oxfordshire,30/06/1995,132
E07000181,West Oxfordshire,30/06/1996,132
E07000181,West Oxfordshire,30/06/1997,133
E07000181,West Oxfordshire,30/06/1998,132
E07000181,West Oxfordshire,30/06/1999,134
E07000181,West Oxfordshire,30/06/2000,134
E07000181,West Oxfordshire,30/06/2001,134
E07000181,West Oxfordshire,30/06/2002,134
E07000181,West Oxfordshire,30/06/2003,136
E07000181,West Oxfordshire,30/06/2004,137
E07000181,West Oxfordshire,30/06/2005,138
E07000181,West Oxfordshire,30/06/2006,140
E07000181,West Oxfordshire,30/06/2007,143
E07000181,West Oxfordshire,30/06/2008,144
E07000181,West Oxfordshire,30/06/2009,145
E07000181,West Oxfordshire,30/06/2010,147
E07000181,West Oxfordshire,30/06/2011,148
E07000181,West Oxfordshire,30/06/2012,150
E07000181,West Oxfordshire,30/06/2013,152
E07000181,West Oxfordshire,30/06/2014,152
E07000181,West Oxfordshire,30/06/2015,153
E07000181,West Oxfordshire,30/06/2016,154
E07000181,West Oxfordshire,30/06/2017,154
E07000181,West Oxfordshire,30/06/2018,155
E07000181,West Oxfordshire,30/06/2019,156
E07000181,West Oxfordshire,30/06/2020,158
E07000181,West Oxfordshire,30/06/2021,161
E07000181,West Oxfordshire,30/06/2022,164
E07000181,West Oxfordshire,30/06/2023,167
E07000181,West Oxfordshire,30/06/2024,169
E07000192,Cannock Chase,30/06/1991,1133
E07000192,Cannock Chase,30/06/1992,1138
E07000192,Cannock Chase,30/06/1993,1143
E07000192,Cannock Chase,30/06/1994,1144
E07000192,Cannock Chase,30/06/1995,1143
E07000192,Cannock Chase,30/06/1996,1145
E07000192,Cannock Chase,30/06/1997,1149
E07000192,Cannock Chase,30/06/1998,1157
E07000192,Cannock Chase,30/06/1999,1162
E07000192,Cannock Chase,30/06/2000,1164
E07000192,Cannock Chase,30/06/2001,1168
E07000192,Cannock Chase,30/06/2002,1179
E07000192,Cannock Chase,30/06/2003,1189
E07000192,Cannock Chase,30/06/2004,1194
E07000192,Cannock Chase,30/06/2005,1202
E07000192,Cannock Chase,30/06/2006,1204
E07000192,Cannock Chase,30/06/2007,1209
E07000192,Cannock Chase,30/06/2008,1217
E07000192,Cannock Chase,30/06/2009,1224
E07000192,Cannock Chase,30/06/2010,1229
E07000192,Cannock Chase,30/06/2011,1237
E07000192,Cannock Chase,30/06/2012,1237
E07000192,Cannock Chase,30/06/2013,1237
E07000192,Cannock Chase,30/06/2014,1239
E07000192,Cannock Chase,30/06/2015,1236
E07000192,Cannock Chase,30/06/2016,1234
E07000192,Cannock Chase,30/06/2017,1239
E07000192,Cannock Chase,30/06/2018,1249
E07000192,Cannock Chase,30/06/2019,1255
E07000192,Cannock Chase,30/06/2020,1262
E07000192,Cannock Chase,30/06/2021,1275
E07000192,Cannock Chase,30/06/2022,1283
E07000192,Cannock Chase,30/06/2023,1308
E07000192,Cannock Chase,30/06/2024,1320
E07000193,East Staffordshire,30/06/1991,253
E07000193,East Staffordshire,30/06/1992,252
E07000193,East Staffordshire,30/06/1993,253
E07000193,East Staffordshire,30/06/1994,254
E07000193,East Staffordshire,30/06/1995,258
E07000193,East Staffordshire,30/06/1996,257
E07000193,East Staffordshire,30/06/1997,261
E07000193,East Staffordshire,30/06/1998,265
E07000193,East Staffordshire,30/06/1999,264
E07000193,East Staffordshire,30/06/2000,266
E07000193,East Staffordshire,30/06/2001,269
E07000193,East Staffordshire,30/06/2002,270
E07000193,East Staffordshire,30/06/2003,274
E07000193,East Staffordshire,30/06/2004,276
E07000193,East Staffordshire,30/06/2005,278
E07000193,East Staffordshire,30/06/2006,280
E07000193,East Staffordshire,30/06/2007,284
E07000193,East Staffordshire,30/06/2008,287
E07000193,East Staffordshire,30/06/2009,290
E07000193,East Staffordshire,30/06/2010,292
E07000193,East Staffordshire,30/06/2011,294
E07000193,East Staffordshire,30/06/2012,297
E07000193,East Staffordshire,30/06/2013,299
E07000193,East Staffordshire,30/06/2014,302
E07000193,East Staffordshire,30/06/2015,304
E07000193,East Staffordshire,30/06/2016,308
E07000193,East Staffordshire,30/06/2017,310
E07000193,East Staffordshire,30/06/2018,312
E07000193,East Staffordshire,30/06/2019,315
E07000193,East Staffordshire,30/06/2020,318
E07000193,East Staffordshire,30/06/2021,322
E07000193,East Staffordshire,30/06/2022,325
E07000193,East Staffordshire,30/06/2023,331
E07000193,East Staffordshire,30/06/2024,335
E07000194,Lichfield,30/06/1991,281
E07000194,Lichfield,30/06/1992,283
E07000194,Lichfield,30/06/1993,283
E07000194,Lichfield,30/06/1994,281
E07000194,Lichfield,30/06/1995,280
E07000194,Lichfield,30/06/1996,279
E07000194,Lichfield,30/06/1997,282
E07000194,Lichfield,30/06/1998,282
E07000194,Lichfield,30/06/1999,282
E07000194,Lichfield,30/06/2000,282
E07000194,Lichfield,30/06/2001,281
E07000194,Lichfield,30/06/2002,283
E07000194,Lichfield,30/06/2003,285
E07000194,Lichfield,30/06/2004,289
E07000194,Lichfield,30/06/2005,291
E07000194,Lichfield,30/06/2006,294
E07000194,Lichfield,30/06/2007,297
E07000194,Lichfield,30/06/2008,300
E07000194,Lichfield,30/06/2009,302
E07000194,Lichfield,30/06/2010,303
E07000194,Lichfield,30/06/2011,305
E07000194,Lichfield,30/06/2012,306
E07000194,Lichfield,30/06/2013,307
E07000194,Lichfield,30/06/2014,308
E07000194,Lichfield,30/06/2015,309
E07000194,Lichfield,30/06/2016,310
E07000194,Lichfield,30/06/2017,311
E07000194,Lichfield,30/06/2018,311
E07000194,Lichfield,30/06/2019,314
E07000194,Lichfield,30/06/2020,317
E07000194,Lichfield,30/06/2021,323
E07000194,Lichfield,30/06/2022,327
E07000194,Lichfield,30/06/2023,333
E07000194,Lichfield,30/06/2024,338
E07000195,Newcastle-under-Lyme,30/06/1991,573
E07000195,Newcastle-under-Lyme,30/06/1992,576
E07000195,Newcastle-under-Lyme,30/06/1993,577
E07000195,Newcastle-under-Lyme,30/06/1994,578
E07000195,Newcastle-under-Lyme,30/06/1995,577
E07000195,Newcastle-under-Lyme,30/06/1996,573
E07000195,Newcastle-under-Lyme,30/06/1997,577
E07000195,Newcastle-under-Lyme,30/06/1998,577
E07000195,Newcastle-under-Lyme,30/06/1999,579
E07000195,Newcastle-under-Lyme,30/06/2000,579
E07000195,Newcastle-under-Lyme,30/06/2001,578
E07000195,Newcastle-under-Lyme,30/06/2002,579
E07000195,Newcastle-under-Lyme,30/06/2003,581
E07000195,Newcastle-under-Lyme,30/06/2004,583
E07000195,Newcastle-under-Lyme,30/06/2005,584
E07000195,Newcastle-under-Lyme,30/06/2006,584
E07000195,Newcastle-under-Lyme,30/06/2007,586
E07000195,Newcastle-under-Lyme,30/06/2008,584
E07000195,Newcastle-under-Lyme,30/06/2009,583
E07000195,Newcastle-under-Lyme,30/06/2010,585
E07000195,Newcastle-under-Lyme,30/06/2011,587
E07000195,Newcastle-under-Lyme,30/06/2012,584
E07000195,Newcastle-under-Lyme,30/06/2013,587
E07000195,Newcastle-under-Lyme,30/06/2014,589
E07000195,Newcastle-under-Lyme,30/06/2015,587
E07000195,Newcastle-under-Lyme,30/06/2016,594
E07000195,Newcastle-under-Lyme,30/06/2017,594
E07000195,Newcastle-under-Lyme,30/06/2018,596
E07000195,Newcastle-under-Lyme,30/06/2019,593
E07000195,Newcastle-under-Lyme,30/06/2020,591
E07000195,Newcastle-under-Lyme,30/06/2021,583
E07000195,Newcastle-under-Lyme,30/06/2022,595
E07000195,Newcastle-under-Lyme,30/06/2023,599
E07000195,Newcastle-under-Lyme,30/06/2024,605
E07000196,South Staffordshire,30/06/1991,257
E07000196,South Staffordshire,30/06/1992,257
E07000196,South Staffordshire,30/06/1993,257
E07000196,South Staffordshire,30/06/1994,258
E07000196,South Staffordshire,30/06/1995,258
E07000196,South Staffordshire,30/06/1996,257
E07000196,South Staffordshire,30/06/1997,258
E07000196,South Staffordshire,30/06/1998,257
E07000196,South Staffordshire,30/06/1999,258
E07000196,South Staffordshire,30/06/2000,259
E07000196,South Staffordshire,30/06/2001,260
E07000196,South Staffordshire,30/06/2002,260
E07000196,South Staffordshire,30/06/2003,261
E07000196,South Staffordshire,30/06/2004,261
E07000196,South Staffordshire,30/06/2005,261
E07000196,South Staffordshire,30/06/2006,262
E07000196,South Staffordshire,30/06/2007,263
E07000196,South Staffordshire,30/06/2008,264
E07000196,South Staffordshire,30/06/2009,264
E07000196,South Staffordshire,30/06/2010,265
E07000196,South Staffordshire,30/06/2011,266
E07000196,South Staffordshire,30/06/2012,266
E07000196,South Staffordshire,30/06/2013,270
E07000196,South Staffordshire,30/06/2014,270
E07000196,South Staffordshire,30/06/2015,269
E07000196,South Staffordshire,30/06/2016,270
E07000196,South Staffordshire,30/06/2017,271
E07000196,South Staffordshire,30/06/2018,271
E07000196,South Staffordshire,30/06/2019,271
E07000196,South Staffordshire,30/06/2020,271
E07000196,South Staffordshire,30/06/2021,272
E07000196,South Staffordshire,30/06/2022,274
E07000196,South Staffordshire,30/06/2023,278
E07000196,South Staffordshire,30/06/2024,281
E07000197,Stafford,30/06/1991,200
E07000197,Stafford,30/06/1992,200
E07000197,Stafford,30/06/1993,201
E07000197,Stafford,30/06/1994,202
E07000197,Stafford,30/06/1995,203
E07000197,Stafford,30/06/1996,204
E07000197,Stafford,30/06/1997,206
E07000197,Stafford,30/06/1998,205
E07000197,Stafford,30/06/1999,203
E07000197,Stafford,30/06/2000,202
E07000197,Stafford,30/06/2001,202
E07000197,Stafford,30/06/2002,203
E07000197,Stafford,30/06/2003,205
E07000197,Stafford,30/06/2004,206
E07000197,Stafford,30/06/2005,208
E07000197,Stafford,30/06/2006,210
E07000197,Stafford,30/06/2007,212
E07000197,Stafford,30/06/2008,215
E07000197,Stafford,30/06/2009,216
E07000197,Stafford,30/06/2010,217
E07000197,Stafford,30/06/2011,219
E07000197,Stafford,30/06/2012,220
E07000197,Stafford,30/06/2013,220
E07000197,Stafford,30/06/2014,220
E07000197,Stafford,30/06/2015,219
E07000197,Stafford,30/06/2016,222
E07000197,Stafford,30/06/2017,223
E07000197,Stafford,30/06/2018,224
E07000197,Stafford,30/06/2019,226
E07000197,Stafford,30/06/2020,227
E07000197,Stafford,30/06/2021,229
E07000197,Stafford,30/06/2022,232
E07000197,Stafford,30/06/2023,234
E07000197,Stafford,30/06/2024,237
E07000198,Staffordshire Moorlands,30/06/1991,166
E07000198,Staffordshire Moorlands,30/06/1992,166
E07000198,Staffordshire Moorlands,30/06/1993,165
E07000198,Staffordshire Moorlands,30/06/1994,164
E07000198,Staffordshire Moorlands,30/06/1995,163
E07000198,Staffordshire Moorlands,30/06/1996,162
E07000198,Staffordshire Moorlands,30/06/1997,162
E07000198,Staffordshire Moorlands,30/06/1998,162
E07000198,Staffordshire Moorlands,30/06/1999,162
E07000198,Staffordshire Moorlands,30/06/2000,163
E07000198,Staffordshire Moorlands,30/06/2001,164
E07000198,Staffordshire Moorlands,30/06/2002,165
E07000198,Staffordshire Moorlands,30/06/2003,165
E07000198,Staffordshire Moorlands,30/06/2004,165
E07000198,Staffordshire Moorlands,30/06/2005,166
E07000198,Staffordshire Moorlands,30/06/2006,167
E07000198,Staffordshire Moorlands,30/06/2007,167
E07000198,Staffordshire Moorlands,30/06/2008,168
E07000198,Staffordshire Moorlands,30/06/2009,168
E07000198,Staffordshire Moorlands,30/06/2010,168
E07000198,Staffordshire Moorlands,30/06/2011,169
E07000198,Staffordshire Moorlands,30/06/2012,168
E07000198,Staffordshire Moorlands,30/06/2013,168
E07000198,Staffordshire Moorlands,30/06/2014,169
E07000198,Staffordshire Moorlands,30/06/2015,169
E07000198,Staffordshire Moorlands,30/06/2016,168
E07000198,Staffordshire Moorlands,30/06/2017,168
E07000198,Staffordshire Moorlands,30/06/2018,168
E07000198,Staffordshire Moorlands,30/06/2019,167
E07000198,Staffordshire Moorlands,30/06/2020,167
E07000198,Staffordshire Moorlands,30/06/2021,167
E07000198,Staffordshire Moorlands,30/06/2022,167
E07000198,Staffordshire Moorlands,30/06/2023,167
E07000198,Staffordshire Moorlands,30/06/2024,168
E07000199,Tamworth,30/06/1991,2287
E07000199,Tamworth,30/06/1992,2296
E07000199,Tamworth,30/06/1993,2313
E07000199,Tamworth,30/06/1994,2323
E07000199,Tamworth,30/06/1995,2337
E07000199,Tamworth,30/06/1996,2343
E07000199,Tamworth,30/06/1997,2369
E07000199,Tamworth,30/06/1998,2395
E07000199,Tamworth,30/06/1999,2399
E07000199,Tamworth,30/06/2000,2403
E07000199,Tamworth,30/06/2001,2419
E07000199,Tamworth,30/06/2002,2416
E07000199,Tamworth,30/06/2003,2417
E07000199,Tamworth,30/06/2004,2413
E07000199,Tamworth,30/06/2005,2423
E07000199,Tamworth,30/06/2006,2434
E07000199,Tamworth,30/06/2007,2445
E07000199,Tamworth,30/06/2008,2459
E07000199,Tamworth,30/06/2009,2473
E07000199,Tamworth,30/06/2010,2483
E07000199,Tamworth,30/06/2011,2493
E07000199,Tamworth,30/06/2012,2506
E07000199,Tamworth,30/06/2013,2507
E07000199,Tamworth,30/06/2014,2509
E07000199,Tamworth,30/06/2015,2517
E07000199,Tamworth,30/06/2016,2519
E07000199,Tamworth,30/06/2017,2507
E07000199,Tamworth,30/06/2018,2512
E07000199,Tamworth,30/06/2019,2519
E07000199,Tamworth,30/06/2020,2528
E07000199,Tamworth,30/06/2021,2556
E07000199,Tamworth,30/06/2022,2583
E07000199,Tamworth,30/06/2023,2613
E07000199,Tamworth,30/06/2024,2630
E07000200,Babergh,30/06/1991,135
E07000200,Babergh,30/06/1992,135
E07000200,Babergh,30/06/1993,135
E07000200,Babergh,30/06/1994,134
E07000200,Babergh,30/06/1995,134
E07000200,Babergh,30/06/1996,135
E07000200,Babergh,30/06/1997,136
E07000200,Babergh,30/06/1998,137
E07000200,Babergh,30/06/1999,138
E07000200,Babergh,30/06/2000,140
E07000200,Babergh,30/06/2001,141
E07000200,Babergh,30/06/2002,142
E07000200,Babergh,30/06/2003,143
E07000200,Babergh,30/06/2004,144
E07000200,Babergh,30/06/2005,145
E07000200,Babergh,30/06/2006,146
E07000200,Babergh,30/06/2007,146
E07000200,Babergh,30/06/2008,147
E07000200,Babergh,30/06/2009,147
E07000200,Babergh,30/06/2010,147
E07000200,Babergh,30/06/2011,148
E07000200,Babergh,30/06/2012,148
E07000200,Babergh,30/06/2013,149
E07000200,Babergh,30/06/2014,150
E07000200,Babergh,30/06/2015,151
E07000200,Babergh,30/06/2016,151
E07000200,Babergh,30/06/2017,151
E07000200,Babergh,30/06/2018,152
E07000200,Babergh,30/06/2019,153
E07000200,Babergh,30/06/2020,154
E07000200,Babergh,30/06/2021,156
E07000200,Babergh,30/06/2022,159
E07000200,Babergh,30/06/2023,161
E07000200,Babergh,30/06/2024,163
E07000202,Ipswich,30/06/1991,2997
E07000202,Ipswich,30/06/1992,2935
E07000202,Ipswich,30/06/1993,2914
E07000202,Ipswich,30/06/1994,2902
E07000202,Ipswich,30/06/1995,2910
E07000202,Ipswich,30/06/1996,2907
E07000202,Ipswich,30/06/1997,2898
E07000202,Ipswich,30/06/1998,2932
E07000202,Ipswich,30/06/1999,2944
E07000202,Ipswich,30/06/2000,2951
E07000202,Ipswich,30/06/2001,2966
E07000202,Ipswich,30/06/2002,2983
E07000202,Ipswich,30/06/2003,3018
E07000202,Ipswich,30/06/2004,3068
E07000202,Ipswich,30/06/2005,3140
E07000202,Ipswich,30/06/2006,3158
E07000202,Ipswich,30/06/2007,3176
E07000202,Ipswich,30/06/2008,3225
E07000202,Ipswich,30/06/2009,3274
E07000202,Ipswich,30/06/2010,3335
E07000202,Ipswich,30/06/2011,3385
E07000202,Ipswich,30/06/2012,3435
E07000202,Ipswich,30/06/2013,3462
E07000202,Ipswich,30/06/2014,3496
E07000202,Ipswich,30/06/2015,3536
E07000202,Ipswich,30/06/2016,3576
E07000202,Ipswich,30/06/2017,3593
E07000202,Ipswich,30/06/2018,3586
E07000202,Ipswich,30/06/2019,3565
E07000202,Ipswich,30/06/2020,3541
E07000202,Ipswich,30/06/2021,3535
E07000202,Ipswich,30/06/2022,3527
E07000202,Ipswich,30/06/2023,3532
E07000202,Ipswich,30/06/2024,3551
E07000203,Mid Suffolk,30/06/1991,91
E07000203,Mid Suffolk,30/06/1992,91
E07000203,Mid Suffolk,30/06/1993,90
E07000203,Mid Suffolk,30/06/1994,91
E07000203,Mid Suffolk,30/06/1995,92
E07000203,Mid Suffolk,30/06/1996,93
E07000203,Mid Suffolk,30/06/1997,95
E07000203,Mid Suffolk,30/06/1998,95
E07000203,Mid Suffolk,30/06/1999,98
E07000203,Mid Suffolk,30/06/2000,99
E07000203,Mid Suffolk,30/06/2001,100
E07000203,Mid Suffolk,30/06/2002,101
E07000203,Mid Suffolk,30/06/2003,101
E07000203,Mid Suffolk,30/06/2004,103
E07000203,Mid Suffolk,30/06/2005,104
E07000203,Mid Suffolk,30/06/2006,106
E07000203,Mid Suffolk,30/06/2007,108
E07000203,Mid Suffolk,30/06/2008,109
E07000203,Mid Suffolk,30/06/2009,109
E07000203,Mid Suffolk,30/06/2010,110
E07000203,Mid Suffolk,30/06/2011,111
E07000203,Mid Suffolk,30/06/2012,112
E07000203,Mid Suffolk,30/06/2013,112
E07000203,Mid Suffolk,30/06/2014,113
E07000203,Mid Suffolk,30/06/2015,113
E07000203,Mid Suffolk,30/06/2016,113
E07000203,Mid Suffolk,30/06/2017,114
E07000203,Mid Suffolk,30/06/2018,115
E07000203,Mid Suffolk,30/06/2019,116
E07000203,Mid Suffolk,30/06/2020,117
E07000203,Mid Suffolk,30/06/2021,119
E07000203,Mid Suffolk,30/06/2022,121
E07000203,Mid Suffolk,30/06/2023,124
E07000203,Mid Suffolk,30/06/2024,127
E07000207,Elmbridge,30/06/1991,1197
E07000207,Elmbridge,30/06/1992,1188
E07000207,Elmbridge,30/06/1993,1202
E07000207,Elmbridge,30/06/1994,1216
E07000207,Elmbridge,30/06/1995,1229
E07000207,Elmbridge,30/06/1996,1240
E07000207,Elmbridge,30/06/1997,1257
E07000207,Elmbridge,30/06/1998,1260
E07000207,Elmbridge,30/06/1999,1284
E07000207,Elmbridge,30/06/2000,1289
E07000207,Elmbridge,30/06/2001,1291
E07000207,Elmbridge,30/06/2002,1302
E07000207,Elmbridge,30/06/2003,1315
E07000207,Elmbridge,30/06/2004,1322
E07000207,Elmbridge,30/06/2005,1339
E07000207,Elmbridge,30/06/2006,1355
E07000207,Elmbridge,30/06/2007,1365
E07000207,Elmbridge,30/06/2008,1367
E07000207,Elmbridge,30/06/2009,1367
E07000207,Elmbridge,30/06/2010,1377
E07000207,Elmbridge,30/06/2011,1383
E07000207,Elmbridge,30/06/2012,1397
E07000207,Elmbridge,30/06/2013,1416
E07000207,Elmbridge,30/06/2014,1430
E07000207,Elmbridge,30/06/2015,1435
E07000207,Elmbridge,30/06/2016,1441
E07000207,Elmbridge,30/06/2017,1440
E07000207,Elmbridge,30/06/2018,1440
E07000207,Elmbridge,30/06/2019,1442
E07000207,Elmbridge,30/06/2020,1453
E07000207,Elmbridge,30/06/2021,1467
E07000207,Elmbridge,30/06/2022,1477
E07000207,Elmbridge,30/06/2023,1485
E07000207,Elmbridge,30/06/2024,1493
E07000208,Epsom and Ewell,30/06/1991,1976
E07000208,Epsom and Ewell,30/06/1992,1983
E07000208,Epsom and Ewell,30/06/1993,1976
E07000208,Epsom and Ewell,30/06/1994,1969
E07000208,Epsom and Ewell,30/06/1995,1961
E07000208,Epsom and Ewell,30/06/1996,1950
E07000208,Epsom and Ewell,30/06/1997,1951
E07000208,Epsom and Ewell,30/06/1998,1955
E07000208,Epsom and Ewell,30/06/1999,1974
E07000208,Epsom and Ewell,30/06/2000,1972
E07000208,Epsom and Ewell,30/06/2001,1968
E07000208,Epsom and Ewell,30/06/2002,1982
E07000208,Epsom and Ewell,30/06/2003,1987
E07000208,Epsom and Ewell,30/06/2004,2006
E07000208,Epsom and Ewell,30/06/2005,2029
E07000208,Epsom and Ewell,30/06/2006,2054
E07000208,Epsom and Ewell,30/06/2007,2093
E07000208,Epsom and Ewell,30/06/2008,2127
E07000208,Epsom and Ewell,30/06/2009,2145
E07000208,Epsom and Ewell,30/06/2010,2179
E07000208,Epsom and Ewell,30/06/2011,2206
E07000208,Epsom and Ewell,30/06/2012,2234
E07000208,Epsom and Ewell,30/06/2013,2269
E07000208,Epsom and Ewell,30/06/2014,2302
E07000208,Epsom and Ewell,30/06/2015,2314
E07000208,Epsom and Ewell,30/06/2016,2329
E07000208,Epsom and Ewell,30/06/2017,2343
E07000208,Epsom and Ewell,30/06/2018,2350
E07000208,Epsom and Ewell,30/06/2019,2367
E07000208,Epsom and Ewell,30/06/2020,2382
E07000208,Epsom and Ewell,30/06/2021,2376
E07000208,Epsom and Ewell,30/06/2022,2388
E07000208,Epsom and Ewell,30/06/2023,2424
E07000208,Epsom and Ewell,30/06/2024,2443
E07000209,Guildford,30/06/1991,465
E07000209,Guildford,30/06/1992,467
E07000209,Guildford,30/06/1993,463
E07000209,Guildford,30/06/1994,463
E07000209,Guildford,30/06/1995,459
E07000209,Guildford,30/06/1996,458
E07000209,Guildford,30/06/1997,465
E07000209,Guildford,30/06/1998,465
E07000209,Guildford,30/06/1999,474
E07000209,Guildford,30/06/2000,476
E07000209,Guildford,30/06/2001,479
E07000209,Guildford,30/06/2002,477
E07000209,Guildford,30/06/2003,475
E07000209,Guildford,30/06/2004,475
E07000209,Guildford,30/06/2005,476
E07000209,Guildford,30/06/2006,482
E07000209,Guildford,30/06/2007,486
E07000209,Guildford,30/06/2008,489
E07000209,Guildford,30/06/2009,493
E07000209,Guildford,30/06/2010,500
E07000209,Guildford,30/06/2011,508
E07000209,Guildford,30/06/2012,509
E07000209,Guildford,30/06/2013,512
E07000209,Guildford,30/06/2014,516
E07000209,Guildford,30/06/2015,523
E07000209,Guildford,30/06/2016,527
E07000209,Guildford,30/06/2017,529
E07000209,Guildford,30/06/2018,526
E07000209,Guildford,30/06/2019,525
E07000209,Guildford,30/06/2020,527
E07000209,Guildford,30/06/2021,532
E07000209,Guildford,30/06/2022,540
E07000209,Guildford,30/06/2023,550
E07000209,Guildford,30/06/2024,559
E07000210,Mole Valley,30/06/1991,307
E07000210,Mole Valley,30/06/1992,306
E07000210,Mole Valley,30/06/1993,305
E07000210,Mole Valley,30/06/1994,306
E07000210,Mole Valley,30/06/1995,307
E07000210,Mole Valley,30/06/1996,307
E07000210,Mole Valley,30/06/1997,308
E07000210,Mole Valley,30/06/1998,305
E07000210,Mole Valley,30/06/1999,311
E07000210,Mole Valley,30/06/2000,310
E07000210,Mole Valley,30/06/2001,311
E07000210,Mole Valley,30/06/2002,312
E07000210,Mole Valley,30/06/2003,314
E07000210,Mole Valley,30/06/2004,316
E07000210,Mole Valley,30/06/2005,317
E07000210,Mole Valley,30/06/2006,319
E07000210,Mole Valley,30/06/2007,322
E07000210,Mole Valley,30/06/2008,326
E07000210,Mole Valley,30/06/2009,328
E07000210,Mole Valley,30/06/2010,331
E07000210,Mole Valley,30/06/2011,332
E07000210,Mole Valley,30/06/2012,334
E07000210,Mole Valley,30/06/2013,338
E07000210,Mole Valley,30/06/2014,338
E07000210,Mole Valley,30/06/2015,339
E07000210,Mole Valley,30/06/2016,339
E07000210,Mole Valley,30/06/2017,338
E07000210,Mole Valley,30/06/2018,337
E07000210,Mole Valley,30/06/2019,336
E07000210,Mole Valley,30/06/2020,337
E07000210,Mole Valley,30/06/2021,339
E07000210,Mole Valley,30/06/2022,340
E07000210,Mole Valley,30/06/2023,343
E07000210,Mole Valley,30/06/2024,343
E07000211,Reigate and Banstead,30/06/1991,916
E07000211,Reigate and Banstead,30/06/1992,919
E07000211,Reigate and Banstead,30/06/1993,923
E07000211,Reigate and Banstead,30/06/1994,923
E07000211,Reigate and Banstead,30/06/1995,929
E07000211,Reigate and Banstead,30/06/1996,936
E07000211,Reigate and Banstead,30/06/1997,947
E07000211,Reigate and Banstead,30/06/1998,950
E07000211,Reigate and Banstead,30/06/1999,968
E07000211,Reigate and Banstead,30/06/2000,972
E07000211,Reigate and Banstead,30/06/2001,981
E07000211,Reigate and Banstead,30/06/2002,978
E07000211,Reigate and Banstead,30/06/2003,981
E07000211,Reigate and Banstead,30/06/2004,985
E07000211,Reigate and Banstead,30/06/2005,989
E07000211,Reigate and Banstead,30/06/2006,1000
E07000211,Reigate and Banstead,30/06/2007,1016
E07000211,Reigate and Banstead,30/06/2008,1029
E07000211,Reigate and Banstead,30/06/2009,1045
E07000211,Reigate and Banstead,30/06/2010,1059
E07000211,Reigate and Banstead,30/06/2011,1071
E07000211,Reigate and Banstead,30/06/2012,1085
E07000211,Reigate and Banstead,30/06/2013,1094
E07000211,Reigate and Banstead,30/06/2014,1111
E07000211,Reigate and Banstead,30/06/2015,1118
E07000211,Reigate and Banstead,30/06/2016,1127
E07000211,Reigate and Banstead,30/06/2017,1135
E07000211,Reigate and Banstead,30/06/2018,1145
E07000211,Reigate and Banstead,30/06/2019,1154
E07000211,Reigate and Banstead,30/06/2020,1158
E07000211,Reigate and Banstead,30/06/2021,1173
E07000211,Reigate and Banstead,30/06/2022,1191
E07000211,Reigate and Banstead,30/06/2023,1213
E07000211,Reigate and Banstead,30/06/2024,1232
E07000212,Runnymede,30/06/1991,952
E07000212,Runnymede,30/06/1992,953
E07000212,Runnymede,30/06/1993,955
E07000212,Runnymede,30/06/1994,956
E07000212,Runnymede,30/06/1995,963
E07000212,Runnymede,30/06/1996,969
E07000212,Runnymede,30/06/1997,969
E07000212,Runnymede,30/06/1998,981
E07000212,Runnymede,30/06/1999,988
E07000212,Runnymede,30/06/2000,996
E07000212,Runnymede,30/06/2001,1000
E07000212,Runnymede,30/06/2002,995
E07000212,Runnymede,30/06/2003,994
E07000212,Runnymede,30/06/2004,986
E07000212,Runnymede,30/06/2005,987
E07000212,Runnymede,30/06/2006,989
E07000212,Runnymede,30/06/2007,1004
E07000212,Runnymede,30/06/2008,1009
E07000212,Runnymede,30/06/2009,1017
E07000212,Runnymede,30/06/2010,1029
E07000212,Runnymede,30/06/2011,1032
E07000212,Runnymede,30/06/2012,1041
E07000212,Runnymede,30/06/2013,1054
E07000212,Runnymede,30/06/2014,1062
E07000212,Runnymede,30/06/2015,1073
E07000212,Runnymede,30/06/2016,1086
E07000212,Runnymede,30/06/2017,1088
E07000212,Runnymede,30/06/2018,1096
E07000212,Runnymede,30/06/2019,1111
E07000212,Runnymede,30/06/2020,1118
E07000212,Runnymede,30/06/2021,1126
E07000212,Runnymede,30/06/2022,1142
E07000212,Runnymede,30/06/2023,1168
E07000212,Runnymede,30/06/2024,1181
E07000213,Spelthorne,30/06/1991,1968
E07000213,Spelthorne,30/06/1992,1984
E07000213,Spelthorne,30/06/1993,1987
E07000213,Spelthorne,30/06/1994,1990
E07000213,Spelthorne,30/06/1995,1988
E07000213,Spelthorne,30/06/1996,1988
E07000213,Spelthorne,30/06/1997,1990
E07000213,Spelthorne,30/06/1998,1988
E07000213,Spelthorne,30/06/1999,2018
E07000213,Spelthorne,30/06/2000,2016
E07000213,Spelthorne,30/06/2001,2014
E07000213,Spelthorne,30/06/2002,2011
E07000213,Spelthorne,30/06/2003,2010
E07000213,Spelthorne,30/06/2004,2007
E07000213,Spelthorne,30/06/2005,2017
E07000213,Spelthorne,30/06/2006,2038
E07000213,Spelthorne,30/06/2007,2059
E07000213,Spelthorne,30/06/2008,2075
E07000213,Spelthorne,30/06/2009,2094
E07000213,Spelthorne,30/06/2010,2113
E07000213,Spelthorne,30/06/2011,2135
E07000213,Spelthorne,30/06/2012,2164
E07000213,Spelthorne,30/06/2013,2188
E07000213,Spelthorne,30/06/2014,2206
E07000213,Spelthorne,30/06/2015,2222
E07000213,Spelthorne,30/06/2016,2238
E07000213,Spelthorne,30/06/2017,2246
E07000213,Spelthorne,30/06/2018,2253
E07000213,Spelthorne,30/06/2019,2273
E07000213,Spelthorne,30/06/2020,2279
E07000213,Spelthorne,30/06/2021,2295
E07000213,Spelthorne,30/06/2022,2311
E07000213,Spelthorne,30/06/2023,2336
E07000213,Spelthorne,30/06/2024,2385
E07000214,Surrey Heath,30/06/1991,837
E07000214,Surrey Heath,30/06/1992,840
E07000214,Surrey Heath,30/06/1993,840
E07000214,Surrey Heath,30/06/1994,842
E07000214,Surrey Heath,30/06/1995,838
E07000214,Surrey Heath,30/06/1996,836
E07000214,Surrey Heath,30/06/1997,841
E07000214,Surrey Heath,30/06/1998,839
E07000214,Surrey Heath,30/06/1999,856
E07000214,Surrey Heath,30/06/2000,848
E07000214,Surrey Heath,30/06/2001,845
E07000214,Surrey Heath,30/06/2002,845
E07000214,Surrey Heath,30/06/2003,851
E07000214,Surrey Heath,30/06/2004,858
E07000214,Surrey Heath,30/06/2005,866
E07000214,Surrey Heath,30/06/2006,876
E07000214,Surrey Heath,30/06/2007,886
E07000214,Surrey Heath,30/06/2008,887
E07000214,Surrey Heath,30/06/2009,895
E07000214,Surrey Heath,30/06/2010,903
E07000214,Surrey Heath,30/06/2011,908
E07000214,Surrey Heath,30/06/2012,915
E07000214,Surrey Heath,30/06/2013,921
E07000214,Surrey Heath,30/06/2014,930
E07000214,Surrey Heath,30/06/2015,935
E07000214,Surrey Heath,30/06/2016,940
E07000214,Surrey Heath,30/06/2017,942
E07000214,Surrey Heath,30/06/2018,942
E07000214,Surrey Heath,30/06/2019,952
E07000214,Surrey Heath,30/06/2020,951
E07000214,Surrey Heath,30/06/2021,953
E07000214,Surrey Heath,30/06/2022,962
E07000214,Surrey Heath,30/06/2023,980
E07000214,Surrey Heath,30/06/2024,994
E07000215,Tandridge,30/06/1991,302
E07000215,Tandridge,30/06/1992,302
E07000215,Tandridge,30/06/1993,304
E07000215,Tandridge,30/06/1994,305
E07000215,Tandridge,30/06/1995,305
E07000215,Tandridge,30/06/1996,306
E07000215,Tandridge,30/06/1997,310
E07000215,Tandridge,30/06/1998,312
E07000215,Tandridge,30/06/1999,316
E07000215,Tandridge,30/06/2000,318
E07000215,Tandridge,30/06/2001,320
E07000215,Tandridge,30/06/2002,318
E07000215,Tandridge,30/06/2003,318
E07000215,Tandridge,30/06/2004,318
E07000215,Tandridge,30/06/2005,320
E07000215,Tandridge,30/06/2006,322
E07000215,Tandridge,30/06/2007,326
E07000215,Tandridge,30/06/2008,329
E07000215,Tandridge,30/06/2009,331
E07000215,Tandridge,30/06/2010,333
E07000215,Tandridge,30/06/2011,335
E07000215,Tandridge,30/06/2012,336
E07000215,Tandridge,30/06/2013,340
E07000215,Tandridge,30/06/2014,343
E07000215,Tandridge,30/06/2015,345
E07000215,Tandridge,30/06/2016,346
E07000215,Tandridge,30/06/2017,348
E07000215,Tandridge,30/06/2018,349
E07000215,Tandridge,30/06/2019,350
E07000215,Tandridge,30/06/2020,351
E07000215,Tandridge,30/06/2021,355
E07000215,Tandridge,30/06/2022,359
E07000215,Tandridge,30/06/2023,363
E07000215,Tandridge,30/06/2024,365
E07000216,Waverley,30/06/1991,334
E07000216,Waverley,30/06/1992,331
E07000216,Waverley,30/06/1993,331
E07000216,Waverley,30/06/1994,331
E07000216,Waverley,30/06/1995,332
E07000216,Waverley,30/06/1996,329
E07000216,Waverley,30/06/1997,332
E07000216,Waverley,30/06/1998,333
E07000216,Waverley,30/06/1999,335
E07000216,Waverley,30/06/2000,334
E07000216,Waverley,30/06/2001,335
E07000216,Waverley,30/06/2002,335
E07000216,Waverley,30/06/2003,336
E07000216,Waverley,30/06/2004,337
E07000216,Waverley,30/06/2005,337
E07000216,Waverley,30/06/2006,339
E07000216,Waverley,30/06/2007,342
E07000216,Waverley,30/06/2008,345
E07000216,Waverley,30/06/2009,348
E07000216,Waverley,30/06/2010,350
E07000216,Waverley,30/06/2011,353
E07000216,Waverley,30/06/2012,354
E07000216,Waverley,30/06/2013,357
E07000216,Waverley,30/06/2014,359
E07000216,Waverley,30/06/2015,360
E07000216,Waverley,30/06/2016,362
E07000216,Waverley,30/06/2017,363
E07000216,Waverley,30/06/2018,363
E07000216,Waverley,30/06/2019,364
E07000216,Waverley,30/06/2020,366
E07000216,Waverley,30/06/2021,373
E07000216,Waverley,30/06/2022,378
E07000216,Waverley,30/06/2023,385
E07000216,Waverley,30/06/2024,389
E07000217,Woking,30/06/1991,1362
E07000217,Woking,30/06/1992,1364
E07000217,Woking,30/06/1993,1368
E07000217,Woking,30/06/1994,1375
E07000217,Woking,30/06/1995,1388
E07000217,Woking,30/06/1996,1386
E07000217,Woking,30/06/1997,1390
E07000217,Woking,30/06/1998,1389
E07000217,Woking,30/06/1999,1408
E07000217,Woking,30/06/2000,1407
E07000217,Woking,30/06/2001,1413
E07000217,Woking,30/06/2002,1404
E07000217,Woking,30/06/2003,1409
E07000217,Woking,30/06/2004,1412
E07000217,Woking,30/06/2005,1432
E07000217,Woking,30/06/2006,1460
E07000217,Woking,30/06/2007,1484
E07000217,Woking,30/06/2008,1502
E07000217,Woking,30/06/2009,1519
E07000217,Woking,30/06/2010,1544
E07000217,Woking,30/06/2011,1564
E07000217,Woking,30/06/2012,1581
E07000217,Woking,30/06/2013,1601
E07000217,Woking,30/06/2014,1613
E07000217,Woking,30/06/2015,1624
E07000217,Woking,30/06/2016,1639
E07000217,Woking,30/06/2017,1640
E07000217,Woking,30/06/2018,1643
E07000217,Woking,30/06/2019,1642
E07000217,Woking,30/06/2020,1633
E07000217,Woking,30/06/2021,1633
E07000217,Woking,30/06/2022,1642
E07000217,Woking,30/06/2023,1652
E07000217,Woking,30/06/2024,1661
E07000218,North Warwickshire,30/06/1991,215
E07000218,North Warwickshire,30/06/1992,215
E07000218,North Warwickshire,30/06/1993,217
E07000218,North Warwickshire,30/06/1994,215
E07000218,North Warwickshire,30/06/1995,216
E07000218,North Warwickshire,30/06/1996,215
E07000218,North Warwickshire,30/06/1997,216
E07000218,North Warwickshire,30/06/1998,217
E07000218,North Warwickshire,30/06/1999,217
E07000218,North Warwickshire,30/06/2000,218
E07000218,North Warwickshire,30/06/2001,217
E07000218,North Warwickshire,30/06/2002,217
E07000218,North Warwickshire,30/06/2003,217
E07000218,North Warwickshire,30/06/2004,217
E07000218,North Warwickshire,30/06/2005,218
E07000218,North Warwickshire,30/06/2006,218
E07000218,North Warwickshire,30/06/2007,218
E07000218,North Warwickshire,30/06/2008,218
E07000218,North Warwickshire,30/06/2009,219
E07000218,North Warwickshire,30/06/2010,218
E07000218,North Warwickshire,30/06/2011,218
E07000218,North Warwickshire,30/06/2012,218
E07000218,North Warwickshire,30/06/2013,218
E07000218,North Warwickshire,30/06/2014,219
E07000218,North Warwickshire,30/06/2015,220
E07000218,North Warwickshire,30/06/2016,221
E07000218,North Warwickshire,30/06/2017,223
E07000218,North Warwickshire,30/06/2018,225
E07000218,North Warwickshire,30/06/2019,226
E07000218,North Warwickshire,30/06/2020,226
E07000218,North Warwickshire,30/06/2021,230
E07000218,North Warwickshire,30/06/2022,232
E07000218,North Warwickshire,30/06/2023,233
E07000218,North Warwickshire,30/06/2024,236
E07000219,Nuneaton and Bedworth,30/06/1991,1489
E07000219,Nuneaton and Bedworth,30/06/1992,1491
E07000219,Nuneaton and Bedworth,30/06/1993,1494
E07000219,Nuneaton and Bedworth,30/06/1994,1504
E07000219,Nuneaton and Bedworth,30/06/1995,1502
E07000219,Nuneaton and Bedworth,30/06/1996,1494
E07000219,Nuneaton and Bedworth,30/06/1997,1494
E07000219,Nuneaton and Bedworth,30/06/1998,1498
E07000219,Nuneaton and Bedworth,30/06/1999,1501
E07000219,Nuneaton and Bedworth,30/06/2000,1501
E07000219,Nuneaton and Bedworth,30/06/2001,1511
E07000219,Nuneaton and Bedworth,30/06/2002,1516
E07000219,Nuneaton and Bedworth,30/06/2003,1528
E07000219,Nuneaton and Bedworth,30/06/2004,1529
E07000219,Nuneaton and Bedworth,30/06/2005,1534
E07000219,Nuneaton and Bedworth,30/06/2006,1543
E07000219,Nuneaton and Bedworth,30/06/2007,1555
E07000219,Nuneaton and Bedworth,30/06/2008,1570
E07000219,Nuneaton and Bedworth,30/06/2009,1576
E07000219,Nuneaton and Bedworth,30/06/2010,1581
E07000219,Nuneaton and Bedworth,30/06/2011,1589
E07000219,Nuneaton and Bedworth,30/06/2012,1602
E07000219,Nuneaton and Bedworth,30/06/2013,1613
E07000219,Nuneaton and Bedworth,30/06/2014,1622
E07000219,Nuneaton and Bedworth,30/06/2015,1630
E07000219,Nuneaton and Bedworth,30/06/2016,1646
E07000219,Nuneaton and Bedworth,30/06/2017,1662
E07000219,Nuneaton and Bedworth,30/06/2018,1671
E07000219,Nuneaton and Bedworth,30/06/2019,1685
E07000219,Nuneaton and Bedworth,30/06/2020,1694
E07000219,Nuneaton and Bedworth,30/06/2021,1702
E07000219,Nuneaton and Bedworth,30/06/2022,1719
E07000219,Nuneaton and Bedworth,30/06/2023,1756
E07000219,Nuneaton and Bedworth,30/06/2024,1794
E07000220,Rugby,30/06/1991,242
E07000220,Rugby,30/06/1992,244
E07000220,Rugby,30/06/1993,243
E07000220,Rugby,30/06/1994,243
E07000220,Rugby,30/06/1995,244
E07000220,Rugby,30/06/1996,244
E07000220,Rugby,30/06/1997,243
E07000220,Rugby,30/06/1998,244
E07000220,Rugby,30/06/1999,245
E07000220,Rugby,30/06/2000,246
E07000220,Rugby,30/06/2001,249
E07000220,Rugby,30/06/2002,252
E07000220,Rugby,30/06/2003,254
E07000220,Rugby,30/06/2004,256
E07000220,Rugby,30/06/2005,260
E07000220,Rugby,30/06/2006,265
E07000220,Rugby,30/06/2007,270
E07000220,Rugby,30/06/2008,275
E07000220,Rugby,30/06/2009,278
E07000220,Rugby,30/06/2010,282
E07000220,Rugby,30/06/2011,286
E07000220,Rugby,30/06/2012,289
E07000220,Rugby,30/06/2013,293
E07000220,Rugby,30/06/2014,298
E07000220,Rugby,30/06/2015,303
E07000220,Rugby,30/06/2016,306
E07000220,Rugby,30/06/2017,309
E07000220,Rugby,30/06/2018,312
E07000220,Rugby,30/06/2019,316
E07000220,Rugby,30/06/2020,321
E07000220,Rugby,30/06/2021,327
E07000220,Rugby,30/06/2022,332
E07000220,Rugby,30/06/2023,340
E07000220,Rugby,30/06/2024,349
E07000221,Stratford-on-Avon,30/06/1991,108
E07000221,Stratford-on-Avon,30/06/1992,109
E07000221,Stratford-on-Avon,30/06/1993,110
E07000221,Stratford-on-Avon,30/06/1994,110
E07000221,Stratford-on-Avon,30/06/1995,111
E07000221,Stratford-on-Avon,30/06/1996,111
E07000221,Stratford-on-Avon,30/06/1997,112
E07000221,Stratford-on-Avon,30/06/1998,113
E07000221,Stratford-on-Avon,30/06/1999,113
E07000221,Stratford-on-Avon,30/06/2000,113
E07000221,Stratford-on-Avon,30/06/2001,114
E07000221,Stratford-on-Avon,30/06/2002,115
E07000221,Stratford-on-Avon,30/06/2003,116
E07000221,Stratford-on-Avon,30/06/2004,116
E07000221,Stratford-on-Avon,30/06/2005,117
E07000221,Stratford-on-Avon,30/06/2006,119
E07000221,Stratford-on-Avon,30/06/2007,121
E07000221,Stratford-on-Avon,30/06/2008,122
E07000221,Stratford-on-Avon,30/06/2009,123
E07000221,Stratford-on-Avon,30/06/2010,123
E07000221,Stratford-on-Avon,30/06/2011,124
E07000221,Stratford-on-Avon,30/06/2012,124
E07000221,Stratford-on-Avon,30/06/2013,124
E07000221,Stratford-on-Avon,30/06/2014,125
E07000221,Stratford-on-Avon,30/06/2015,126
E07000221,Stratford-on-Avon,30/06/2016,127
E07000221,Stratford-on-Avon,30/06/2017,128
E07000221,Stratford-on-Avon,30/06/2018,130
E07000221,Stratford-on-Avon,30/06/2019,133
E07000221,Stratford-on-Avon,30/06/2020,135
E07000221,Stratford-on-Avon,30/06/2021,139
E07000221,Stratford-on-Avon,30/06/2022,142
E07000221,Stratford-on-Avon,30/06/2023,146
E07000221,Stratford-on-Avon,30/06/2024,150
E07000222,Warwick,30/06/1991,418
E07000222,Warwick,30/06/1992,418
E07000222,Warwick,30/06/1993,418
E07000222,Warwick,30/06/1994,421
E07000222,Warwick,30/06/1995,424
E07000222,Warwick,30/06/1996,430
E07000222,Warwick,30/06/1997,432
E07000222,Warwick,30/06/1998,433
E07000222,Warwick,30/06/1999,435
E07000222,Warwick,30/06/2000,438
E07000222,Warwick,30/06/2001,446
E07000222,Warwick,30/06/2002,454
E07000222,Warwick,30/06/2003,462
E07000222,Warwick,30/06/2004,469
E07000222,Warwick,30/06/2005,476
E07000222,Warwick,30/06/2006,479
E07000222,Warwick,30/06/2007,483
E07000222,Warwick,30/06/2008,486
E07000222,Warwick,30/06/2009,489
E07000222,Warwick,30/06/2010,488
E07000222,Warwick,30/06/2011,487
E07000222,Warwick,30/06/2012,492
E07000222,Warwick,30/06/2013,493
E07000222,Warwick,30/06/2014,496
E07000222,Warwick,30/06/2015,499
E07000222,Warwick,30/06/2016,504
E07000222,Warwick,30/06/2017,507
E07000222,Warwick,30/06/2018,514
E07000222,Warwick,30/06/2019,516
E07000222,Warwick,30/06/2020,518
E07000222,Warwick,30/06/2021,526
E07000222,Warwick,30/06/2022,536
E07000222,Warwick,30/06/2023,541
E07000222,Warwick,30/06/2024,548
E07000223,Adur,30/06/1991,1392
E07000223,Adur,30/06/1992,1374
E07000223,Adur,30/06/1993,1367
E07000223,Adur,30/06/1994,1371
E07000223,Adur,30/06/1995,1385
E07000223,Adur,30/06/1996,1395
E07000223,Adur,30/06/1997,1393
E07000223,Adur,30/06/1998,1388
E07000223,Adur,30/06/1999,1399
E07000223,Adur,30/06/2000,1411
E07000223,Adur,30/06/2001,1419
E07000223,Adur,30/06/2002,1427
E07000223,Adur,30/06/2003,1426
E07000223,Adur,30/06/2004,1425
E07000223,Adur,30/06/2005,1422
E07000223,Adur,30/06/2006,1434
E07000223,Adur,30/06/2007,1440
E07000223,Adur,30/06/2008,1443
E07000223,Adur,30/06/2009,1451
E07000223,Adur,30/06/2010,1455
E07000223,Adur,30/06/2011,1458
E07000223,Adur,30/06/2012,1478
E07000223,Adur,30/06/2013,1494
E07000223,Adur,30/06/2014,1510
E07000223,Adur,30/06/2015,1517
E07000223,Adur,30/06/2016,1520
E07000223,Adur,30/06/2017,1525
E07000223,Adur,30/06/2018,1527
E07000223,Adur,30/06/2019,1535
E07000223,Adur,30/06/2020,1534
E07000223,Adur,30/06/2021,1536
E07000223,Adur,30/06/2022,1539
E07000223,Adur,30/06/2023,1538
E07000223,Adur,30/06/2024,1542
E07000224,Arun,30/06/1991,590
E07000224,Arun,30/06/1992,592
E07000224,Arun,30/06/1993,596
E07000224,Arun,30/06/1994,598
E07000224,Arun,30/06/1995,605
E07000224,Arun,30/06/1996,611
E07000224,Arun,30/06/1997,620
E07000224,Arun,30/06/1998,620
E07000224,Arun,30/06/1999,631
E07000224,Arun,30/06/2000,635
E07000224,Arun,30/06/2001,638
E07000224,Arun,30/06/2002,644
E07000224,Arun,30/06/2003,649
E07000224,Arun,30/06/2004,657
E07000224,Arun,30/06/2005,661
E07000224,Arun,30/06/2006,664
E07000224,Arun,30/06/2007,668
E07000224,Arun,30/06/2008,672
E07000224,Arun,30/06/2009,674
E07000224,Arun,30/06/2010,676
E07000224,Arun,30/06/2011,678
E07000224,Arun,30/06/2012,689
E07000224,Arun,30/06/2013,697
E07000224,Arun,30/06/2014,706
E07000224,Arun,30/06/2015,713
E07000224,Arun,30/06/2016,721
E07000224,Arun,30/06/2017,730
E07000224,Arun,30/06/2018,736
E07000224,Arun,30/06/2019,739
E07000224,Arun,30/06/2020,741
E07000224,Arun,30/06/2021,748
E07000224,Arun,30/06/2022,752
E07000224,Arun,30/06/2023,761
E07000224,Arun,30/06/2024,770
E07000225,Chichester,30/06/1991,129
E07000225,Chichester,30/06/1992,129
E07000225,Chichester,30/06/1993,129
E07000225,Chichester,30/06/1994,129
E07000225,Chichester,30/06/1995,130
E07000225,Chichester,30/06/1996,130
E07000225,Chichester,30/06/1997,132
E07000225,Chichester,30/06/1998,134
E07000225,Chichester,30/06/1999,135
E07000225,Chichester,30/06/2000,135
E07000225,Chichester,30/06/2001,135
E07000225,Chichester,30/06/2002,136
E07000225,Chichester,30/06/2003,137
E07000225,Chichester,30/06/2004,138
E07000225,Chichester,30/06/2005,138
E07000225,Chichester,30/06/2006,140
E07000225,Chichester,30/06/2007,141
E07000225,Chichester,30/06/2008,142
E07000225,Chichester,30/06/2009,143
E07000225,Chichester,30/06/2010,144
E07000225,Chichester,30/06/2011,145
E07000225,Chichester,30/06/2012,146
E07000225,Chichester,30/06/2013,148
E07000225,Chichester,30/06/2014,149
E07000225,Chichester,30/06/2015,151
E07000225,Chichester,30/06/2016,152
E07000225,Chichester,30/06/2017,154
E07000225,Chichester,30/06/2018,155
E07000225,Chichester,30/06/2019,156
E07000225,Chichester,30/06/2020,156
E07000225,Chichester,30/06/2021,158
E07000225,Chichester,30/06/2022,160
E07000225,Chichester,30/06/2023,162
E07000225,Chichester,30/06/2024,164
E07000226,Crawley,30/06/1991,1964
E07000226,Crawley,30/06/1992,1971
E07000226,Crawley,30/06/1993,1994
E07000226,Crawley,30/06/1994,2018
E07000226,Crawley,30/06/1995,2064
E07000226,Crawley,30/06/1996,2098
E07000226,Crawley,30/06/1997,2151
E07000226,Crawley,30/06/1998,2188
E07000226,Crawley,30/06/1999,2210
E07000226,Crawley,30/06/2000,2224
E07000226,Crawley,30/06/2001,2235
E07000226,Crawley,30/06/2002,2207
E07000226,Crawley,30/06/2003,2196
E07000226,Crawley,30/06/2004,2200
E07000226,Crawley,30/06/2005,2218
E07000226,Crawley,30/06/2006,2242
E07000226,Crawley,30/06/2007,2261
E07000226,Crawley,30/06/2008,2288
E07000226,Crawley,30/06/2009,2310
E07000226,Crawley,30/06/2010,2347
E07000226,Crawley,30/06/2011,2382
E07000226,Crawley,30/06/2012,2425
E07000226,Crawley,30/06/2013,2452
E07000226,Crawley,30/06/2014,2481
E07000226,Crawley,30/06/2015,2513
E07000226,Crawley,30/06/2016,2542
E07000226,Crawley,30/06/2017,2561
E07000226,Crawley,30/06/2018,2591
E07000226,Crawley,30/06/2019,2606
E07000226,Crawley,30/06/2020,2621
E07000226,Crawley,30/06/2021,2639
E07000226,Crawley,30/06/2022,2669
E07000226,Crawley,30/06/2023,2729
E07000226,Crawley,30/06/2024,2759
E07000227,Horsham,30/06/1991,207
E07000227,Horsham,30/06/1992,207
E07000227,Horsham,30/06/1993,209
E07000227,Horsham,30/06/1994,213
E07000227,Horsham,30/06/1995,216
E07000227,Horsham,30/06/1996,220
E07000227,Horsham,30/06/1997,224
E07000227,Horsham,30/06/1998,224
E07000227,Horsham,30/06/1999,228
E07000227,Horsham,30/06/2000,229
E07000227,Horsham,30/06/2001,231
E07000227,Horsham,30/06/2002,231
E07000227,Horsham,30/06/2003,233
E07000227,Horsham,30/06/2004,236
E07000227,Horsham,30/06/2005,238
E07000227,Horsham,30/06/2006,240
E07000227,Horsham,30/06/2007,242
E07000227,Horsham,30/06/2008,243
E07000227,Horsham,30/06/2009,245
E07000227,Horsham,30/06/2010,247
E07000227,Horsham,30/06/2011,248
E07000227,Horsham,30/06/2012,249
E07000227,Horsham,30/06/2013,250
E07000227,Horsham,30/06/2014,253
E07000227,Horsham,30/06/2015,256
E07000227,Horsham,30/06/2016,261
E07000227,Horsham,30/06/2017,264
E07000227,Horsham,30/06/2018,267
E07000227,Horsham,30/06/2019,270
E07000227,Horsham,30/06/2020,272
E07000227,Horsham,30/06/2021,278
E07000227,Horsham,30/06/2022,281
E07000227,Horsham,30/06/2023,282
E07000227,Horsham,30/06/2024,286
E07000228,Mid Sussex,30/06/1991,371
E07000228,Mid Sussex,30/06/1992,373
E07000228,Mid Sussex,30/06/1993,373
E07000228,Mid Sussex,30/06/1994,374
E07000228,Mid Sussex,30/06/1995,377
E07000228,Mid Sussex,30/06/1996,375
E07000228,Mid Sussex,30/06/1997,375
E07000228,Mid Sussex,30/06/1998,381
E07000228,Mid Sussex,30/06/1999,381
E07000228,Mid Sussex,30/06/2000,380
E07000228,Mid Sussex,30/06/2001,381
E07000228,Mid Sussex,30/06/2002,382
E07000228,Mid Sussex,30/06/2003,385
E07000228,Mid Sussex,30/06/2004,388
E07000228,Mid Sussex,30/06/2005,391
E07000228,Mid Sussex,30/06/2006,395
E07000228,Mid Sussex,30/06/2007,401
E07000228,Mid Sussex,30/06/2008,406
E07000228,Mid Sussex,30/06/2009,411
E07000228,Mid Sussex,30/06/2010,416
E07000228,Mid Sussex,30/06/2011,420
E07000228,Mid Sussex,30/06/2012,423
E07000228,Mid Sussex,30/06/2013,428
E07000228,Mid Sussex,30/06/2014,433
E07000228,Mid Sussex,30/06/2015,436
E07000228,Mid Sussex,30/06/2016,440
E07000228,Mid Sussex,30/06/2017,442
E07000228,Mid Sussex,30/06/2018,446
E07000228,Mid Sussex,30/06/2019,449
E07000228,Mid Sussex,30/06/2020,452
E07000228,Mid Sussex,30/06/2021,458
E07000228,Mid Sussex,30/06/2022,465
E07000228,Mid Sussex,30/06/2023,474
E07000228,Mid Sussex,30/06/2024,484
E07000229,Worthing,30/06/1991,2989
E07000229,Worthing,30/06/1992,2974
E07000229,Worthing,30/06/1993,2949
E07000229,Worthing,30/06/1994,2933
E07000229,Worthing,30/06/1995,2955
E07000229,Worthing,30/06/1996,2966
E07000229,Worthing,30/06/1997,2964
E07000229,Worthing,30/06/1998,2955
E07000229,Worthing,30/06/1999,2997
E07000229,Worthing,30/06/2000,3006
E07000229,Worthing,30/06/2001,3003
E07000229,Worthing,30/06/2002,3021
E07000229,Worthing,30/06/2003,3038
E07000229,Worthing,30/06/2004,3058
E07000229,Worthing,30/06/2005,3077
E07000229,Worthing,30/06/2006,3094
E07000229,Worthing,30/06/2007,3121
E07000229,Worthing,30/06/2008,3148
E07000229,Worthing,30/06/2009,3161
E07000229,Worthing,30/06/2010,3191
E07000229,Worthing,30/06/2011,3229
E07000229,Worthing,30/06/2012,3253
E07000229,Worthing,30/06/2013,3270
E07000229,Worthing,30/06/2014,3299
E07000229,Worthing,30/06/2015,3331
E07000229,Worthing,30/06/2016,3362
E07000229,Worthing,30/06/2017,3382
E07000229,Worthing,30/06/2018,3391
E07000229,Worthing,30/06/2019,3411
E07000229,Worthing,30/06/2020,3415
E07000229,Worthing,30/06/2021,3433
E07000229,Worthing,30/06/2022,3446
E07000229,Worthing,30/06/2023,3472
E07000229,Worthing,30/06/2024,3501
E07000234,Bromsgrove,30/06/1991,384
E07000234,Bromsgrove,30/06/1992,386
E07000234,Bromsgrove,30/06/1993,389
E07000234,Bromsgrove,30/06/1994,394
E07000234,Bromsgrove,30/06/1995,395
E07000234,Bromsgrove,30/06/1996,396
E07000234,Bromsgrove,30/06/1997,399
E07000234,Bromsgrove,30/06/1998,399
E07000234,Bromsgrove,30/06/1999,400
E07000234,Bromsgrove,30/06/2000,401
E07000234,Bromsgrove,30/06/2001,405
E07000234,Bromsgrove,30/06/2002,410
E07000234,Bromsgrove,30/06/2003,415
E07000234,Bromsgrove,30/06/2004,417
E07000234,Bromsgrove,30/06/2005,420
E07000234,Bromsgrove,30/06/2006,423
E07000234,Bromsgrove,30/06/2007,427
E07000234,Bromsgrove,30/06/2008,429
E07000234,Bromsgrove,30/06/2009,431
E07000234,Bromsgrove,30/06/2010,431
E07000234,Bromsgrove,30/06/2011,432
E07000234,Bromsgrove,30/06/2012,434
E07000234,Bromsgrove,30/06/2013,436
E07000234,Bromsgrove,30/06/2014,440
E07000234,Bromsgrove,30/06/2015,440
E07000234,Bromsgrove,30/06/2016,444
E07000234,Bromsgrove,30/06/2017,446
E07000234,Bromsgrove,30/06/2018,449
E07000234,Bromsgrove,30/06/2019,453
E07000234,Bromsgrove,30/06/2020,456
E07000234,Bromsgrove,30/06/2021,458
E07000234,Bromsgrove,30/06/2022,462
E07000234,Bromsgrove,30/06/2023,466
E07000234,Bromsgrove,30/06/2024,469
E07000235,Malvern Hills,30/06/1991,121
E07000235,Malvern Hills,30/06/1992,121
E07000235,Malvern Hills,30/06/1993,122
E07000235,Malvern Hills,30/06/1994,123
E07000235,Malvern Hills,30/06/1995,124
E07000235,Malvern Hills,30/06/1996,123
E07000235,Malvern Hills,30/06/1997,125
E07000235,Malvern Hills,30/06/1998,125
E07000235,Malvern Hills,30/06/1999,125
E07000235,Malvern Hills,30/06/2000,125
E07000235,Malvern Hills,30/06/2001,125
E07000235,Malvern Hills,30/06/2002,126
E07000235,Malvern Hills,30/06/2003,126
E07000235,Malvern Hills,30/06/2004,127
E07000235,Malvern Hills,30/06/2005,127
E07000235,Malvern Hills,30/06/2006,128
E07000235,Malvern Hills,30/06/2007,128
E07000235,Malvern Hills,30/06/2008,129
E07000235,Malvern Hills,30/06/2009,128
E07000235,Malvern Hills,30/06/2010,129
E07000235,Malvern Hills,30/06/2011,129
E07000235,Malvern Hills,30/06/2012,130
E07000235,Malvern Hills,30/06/2013,131
E07000235,Malvern Hills,30/06/2014,132
E07000235,Malvern Hills,30/06/2015,132
E07000235,Malvern Hills,30/06/2016,132
E07000235,Malvern Hills,30/06/2017,133
E07000235,Malvern Hills,30/06/2018,134
E07000235,Malvern Hills,30/06/2019,135
E07000235,Malvern Hills,30/06/2020,136
E07000235,Malvern Hills,30/06/2021,139
E07000235,Malvern Hills,30/06/2022,141
E07000235,Malvern Hills,30/06/2023,142
E07000235,Malvern Hills,30/06/2024,144
E07000236,Redditch,30/06/1991,1451
E07000236,Redditch,30/06/1992,1446
E07000236,Redditch,30/06/1993,1449
E07000236,Redditch,30/06/1994,1450
E07000236,Redditch,30/06/1995,1443
E07000236,Redditch,30/06/1996,1434
E07000236,Redditch,30/06/1997,1432
E07000236,Redditch,30/06/1998,1434
E07000236,Redditch,30/06/1999,1443
E07000236,Redditch,30/06/2000,1448
E07000236,Redditch,30/06/2001,1452
E07000236,Redditch,30/06/2002,1457
E07000236,Redditch,30/06/2003,1465
E07000236,Redditch,30/06/2004,1468
E07000236,Redditch,30/06/2005,1477
E07000236,Redditch,30/06/2006,1494
E07000236,Redditch,30/06/2007,1507
E07000236,Redditch,30/06/2008,1524
E07000236,Redditch,30/06/2009,1532
E07000236,Redditch,30/06/2010,1540
E07000236,Redditch,30/06/2011,1554
E07000236,Redditch,30/06/2012,1561
E07000236,Redditch,30/06/2013,1568
E07000236,Redditch,30/06/2014,1572
E07000236,Redditch,30/06/2015,1583
E07000236,Redditch,30/06/2016,1593
E07000236,Redditch,30/06/2017,1594
E07000236,Redditch,30/06/2018,1588
E07000236,Redditch,30/06/2019,1591
E07000236,Redditch,30/06/2020,1595
E07000236,Redditch,30/06/2021,1603
E07000236,Redditch,30/06/2022,1607
E07000236,Redditch,30/06/2023,1613
E07000236,Redditch,30/06/2024,1619
E07000237,Worcester,30/06/1991,2497
E07000237,Worcester,30/06/1992,2535
E07000237,Worcester,30/06/1993,2577
E07000237,Worcester,30/06/1994,2624
E07000237,Worcester,30/06/1995,2665
E07000237,Worcester,30/06/1996,2692
E07000237,Worcester,30/06/1997,2721
E07000237,Worcester,30/06/1998,2772
E07000237,Worcester,30/06/1999,2773
E07000237,Worcester,30/06/2000,2791
E07000237,Worcester,30/06/2001,2800
E07000237,Worcester,30/06/2002,2802
E07000237,Worcester,30/06/2003,2815
E07000237,Worcester,30/06/2004,2814
E07000237,Worcester,30/06/2005,2833
E07000237,Worcester,30/06/2006,2850
E07000237,Worcester,30/06/2007,2865
E07000237,Worcester,30/06/2008,2891
E07000237,Worcester,30/06/2009,2912
E07000237,Worcester,30/06/2010,2928
E07000237,Worcester,30/06/2011,2959
E07000237,Worcester,30/06/2012,3001
E07000237,Worcester,30/06/2013,3038
E07000237,Worcester,30/06/2014,3067
E07000237,Worcester,30/06/2015,3092
E07000237,Worcester,30/06/2016,3140
E07000237,Worcester,30/06/2017,3158
E07000237,Worcester,30/06/2018,3158
E07000237,Worcester,30/06/2019,3153
E07000237,Worcester,30/06/2020,3131
E07000237,Worcester,30/06/2021,3108
E07000237,Worcester,30/06/2022,3124
E07000237,Worcester,30/06/2023,3161
E07000237,Worcester,30/06/2024,3199
E07000238,Wychavon,30/06/1991,154
E07000238,Wychavon,30/06/1992,156
E07000238,Wychavon,30/06/1993,157
E07000238,Wychavon,30/06/1994,157
E07000238,Wychavon,30/06/1995,158
E07000238,Wychavon,30/06/1996,161
E07000238,Wychavon,30/06/1997,164
E07000238,Wychavon,30/06/1998,165
E07000238,Wychavon,30/06/1999,167
E07000238,Wychavon,30/06/2000,169
E07000238,Wychavon,30/06/2001,170
E07000238,Wychavon,30/06/2002,171
E07000238,Wychavon,30/06/2003,172
E07000238,Wychavon,30/06/2004,172
E07000238,Wychavon,30/06/2005,173
E07000238,Wychavon,30/06/2006,174
E07000238,Wychavon,30/06/2007,175
E07000238,Wychavon,30/06/2008,175
E07000238,Wychavon,30/06/2009,176
E07000238,Wychavon,30/06/2010,176
E07000238,Wychavon,30/06/2011,176
E07000238,Wychavon,30/06/2012,178
E07000238,Wychavon,30/06/2013,179
E07000238,Wychavon,30/06/2014,181
E07000238,Wychavon,30/06/2015,184
E07000238,Wychavon,30/06/2016,186
E07000238,Wychavon,30/06/2017,189
E07000238,Wychavon,30/06/2018,192
E07000238,Wychavon,30/06/2019,194
E07000238,Wychavon,30/06/2020,197
E07000238,Wychavon,30/06/2021,201
E07000238,Wychavon,30/06/2022,203
E07000238,Wychavon,30/06/2023,206
E07000238,Wychavon,30/06/2024,208
E07000239,Wyre Forest,30/06/1991,487
E07000239,Wyre Forest,30/06/1992,494
E07000239,Wyre Forest,30/06/1993,495
E07000239,Wyre Forest,30/06/1994,498
E07000239,Wyre Forest,30/06/1995,497
E07000239,Wyre Forest,30/06/1996,496
E07000239,Wyre Forest,30/06/1997,496
E07000239,Wyre Forest,30/06/1998,495
E07000239,Wyre Forest,30/06/1999,496
E07000239,Wyre Forest,30/06/2000,496
E07000239,Wyre Forest,30/06/2001,496
E07000239,Wyre Forest,30/06/2002,495
E07000239,Wyre Forest,30/06/2003,497
E07000239,Wyre Forest,30/06/2004,497
E07000239,Wyre Forest,30/06/2005,499
E07000239,Wyre Forest,30/06/2006,500
E07000239,Wyre Forest,30/06/2007,502
E07000239,Wyre Forest,30/06/2008,502
E07000239,Wyre Forest,30/06/2009,501
E07000239,Wyre Forest,30/06/2010,501
E07000239,Wyre Forest,30/06/2011,502
E07000239,Wyre Forest,30/06/2012,503
E07000239,Wyre Forest,30/06/2013,505
E07000239,Wyre Forest,30/06/2014,509
E07000239,Wyre Forest,30/06/2015,512
E07000239,Wyre Forest,30/06/2016,515
E07000239,Wyre Forest,30/06/2017,518
E07000239,Wyre Forest,30/06/2018,519
E07000239,Wyre Forest,30/06/2019,520
E07000239,Wyre Forest,30/06/2020,518
E07000239,Wyre Forest,30/06/2021,521
E07000239,Wyre Forest,30/06/2022,524
E07000239,Wyre Forest,30/06/2023,528
E07000239,Wyre Forest,30/06/2024,532
E07000240,St Albans,30/06/1991,783
E07000240,St Albans,30/06/1992,782
E07000240,St Albans,30/06/1993,783
E07000240,St Albans,30/06/1994,787
E07000240,St Albans,30/06/1995,790
E07000240,St Albans,30/06/1996,790
E07000240,St Albans,30/06/1997,790
E07000240,St Albans,30/06/1998,788
E07000240,St Albans,30/06/1999,795
E07000240,St Albans,30/06/2000,799
E07000240,St Albans,30/06/2001,801
E07000240,St Albans,30/06/2002,809
E07000240,St Albans,30/06/2003,814
E07000240,St Albans,30/06/2004,814
E07000240,St Albans,30/06/2005,819
E07000240,St Albans,30/06/2006,827
E07000240,St Albans,30/06/2007,833
E07000240,St Albans,30/06/2008,844
E07000240,St Albans,30/06/2009,855
E07000240,St Albans,30/06/2010,865
E07000240,St Albans,30/06/2011,876
E07000240,St Albans,30/06/2012,885
E07000240,St Albans,30/06/2013,895
E07000240,St Albans,30/06/2014,905
E07000240,St Albans,30/06/2015,911
E07000240,St Albans,30/06/2016,917
E07000240,St Albans,30/06/2017,916
E07000240,St Albans,30/06/2018,915
E07000240,St Albans,30/06/2019,918
E07000240,St Albans,30/06/2020,922
E07000240,St Albans,30/06/2021,922
E07000240,St Albans,30/06/2022,922
E07000240,St Albans,30/06/2023,929
E07000240,St Albans,30/06/2024,937
E07000241,Welwyn Hatfield,30/06/1991,724
E07000241,Welwyn Hatfield,30/06/1992,727
E07000241,Welwyn Hatfield,30/06/1993,729
E07000241,Welwyn Hatfield,30/06/1994,727
E07000241,Welwyn Hatfield,30/06/1995,733
E07000241,Welwyn Hatfield,30/06/1996,738
E07000241,Welwyn Hatfield,30/06/1997,737
E07000241,Welwyn Hatfield,30/06/1998,739
E07000241,Welwyn Hatfield,30/06/1999,748
E07000241,Welwyn Hatfield,30/06/2000,751
E07000241,Welwyn Hatfield,30/06/2001,753
E07000241,Welwyn Hatfield,30/06/2002,758
E07000241,Welwyn Hatfield,30/06/2003,766
E07000241,Welwyn Hatfield,30/06/2004,776
E07000241,Welwyn Hatfield,30/06/2005,797
E07000241,Welwyn Hatfield,30/06/2006,811
E07000241,Welwyn Hatfield,30/06/2007,824
E07000241,Welwyn Hatfield,30/06/2008,829
E07000241,Welwyn Hatfield,30/06/2009,837
E07000241,Welwyn Hatfield,30/06/2010,846
E07000241,Welwyn Hatfield,30/06/2011,855
E07000241,Welwyn Hatfield,30/06/2012,854
E07000241,Welwyn Hatfield,30/06/2013,864
E07000241,Welwyn Hatfield,30/06/2014,866
E07000241,Welwyn Hatfield,30/06/2015,880
E07000241,Welwyn Hatfield,30/06/2016,900
E07000241,Welwyn Hatfield,30/06/2017,908
E07000241,Welwyn Hatfield,30/06/2018,914
E07000241,Welwyn Hatfield,30/06/2019,920
E07000241,Welwyn Hatfield,30/06/2020,925
E07000241,Welwyn Hatfield,30/06/2021,924
E07000241,Welwyn Hatfield,30/06/2022,929
E07000241,Welwyn Hatfield,30/06/2023,939
E07000241,Welwyn Hatfield,30/06/2024,948
E07000242,East Hertfordshire,30/06/1991,247
E07000242,East Hertfordshire,30/06/1992,248
E07000242,East Hertfordshire,30/06/1993,250
E07000242,East Hertfordshire,30/06/1994,255
E07000242,East Hertfordshire,30/06/1995,257
E07000242,East Hertfordshire,30/06/1996,259
E07000242,East Hertfordshire,30/06/1997,264
E07000242,East Hertfordshire,30/06/1998,266
E07000242,East Hertfordshire,30/06/1999,267
E07000242,East Hertfordshire,30/06/2000,269
E07000242,East Hertfordshire,30/06/2001,272
E07000242,East Hertfordshire,30/06/2002,273
E07000242,East Hertfordshire,30/06/2003,274
E07000242,East Hertfordshire,30/06/2004,274
E07000242,East Hertfordshire,30/06/2005,276
E07000242,East Hertfordshire,30/06/2006,278
E07000242,East Hertfordshire,30/06/2007,280
E07000242,East Hertfordshire,30/06/2008,283
E07000242,East Hertfordshire,30/06/2009,286
E07000242,East Hertfordshire,30/06/2010,288
E07000242,East Hertfordshire,30/06/2011,290
E07000242,East Hertfordshire,30/06/2012,293
E07000242,East Hertfordshire,30/06/2013,295
E07000242,East Hertfordshire,30/06/2014,298
E07000242,East Hertfordshire,30/06/2015,301
E07000242,East Hertfordshire,30/06/2016,304
E07000242,East Hertfordshire,30/06/2017,306
E07000242,East Hertfordshire,30/06/2018,307
E07000242,East Hertfordshire,30/06/2019,310
E07000242,East Hertfordshire,30/06/2020,313
E07000242,East Hertfordshire,30/06/2021,317
E07000242,East Hertfordshire,30/06/2022,319
E07000242,East Hertfordshire,30/06/2023,324
E07000242,East Hertfordshire,30/06/2024,330
E07000243,Stevenage,30/06/1991,2915
E07000243,Stevenage,30/06/1992,2902
E07000243,Stevenage,30/06/1993,2902
E07000243,Stevenage,30/06/1994,2908
E07000243,Stevenage,30/06/1995,2913
E07000243,Stevenage,30/06/1996,2937
E07000243,Stevenage,30/06/1997,2987
E07000243,Stevenage,30/06/1998,2997
E07000243,Stevenage,30/06/1999,3024
E07000243,Stevenage,30/06/2000,3052
E07000243,Stevenage,30/06/2001,3073
E07000243,Stevenage,30/06/2002,3085
E07000243,Stevenage,30/06/2003,3092
E07000243,Stevenage,30/06/2004,3081
E07000243,Stevenage,30/06/2005,3093
E07000243,Stevenage,30/06/2006,3094
E07000243,Stevenage,30/06/2007,3109
E07000243,Stevenage,30/06/2008,3143
E07000243,Stevenage,30/06/2009,3167
E07000243,Stevenage,30/06/2010,3196
E07000243,Stevenage,30/06/2011,3244
E07000243,Stevenage,30/06/2012,3275
E07000243,Stevenage,30/06/2013,3311
E07000243,Stevenage,30/06/2014,3339
E07000243,Stevenage,30/06/2015,3369
E07000243,Stevenage,30/06/2016,3407
E07000243,Stevenage,30/06/2017,3431
E07000243,Stevenage,30/06/2018,3439
E07000243,Stevenage,30/06/2019,3448
E07000243,Stevenage,30/06/2020,3456
E07000243,Stevenage,30/06/2021,3441
E07000243,Stevenage,30/06/2022,3452
E07000243,Stevenage,30/06/2023,3488
E07000243,Stevenage,30/06/2024,3534
E07000244,East Suffolk,30/06/1991,175
E07000244,East Suffolk,30/06/1992,173
E07000244,East Suffolk,30/06/1993,171
E07000244,East Suffolk,30/06/1994,173
E07000244,East Suffolk,30/06/1995,175
E07000244,East Suffolk,30/06/1996,177
E07000244,East Suffolk,30/06/1997,178
E07000244,East Suffolk,30/06/1998,178
E07000244,East Suffolk,30/06/1999,179
E07000244,East Suffolk,30/06/2000,180
E07000244,East Suffolk,30/06/2001,181
E07000244,East Suffolk,30/06/2002,182
E07000244,East Suffolk,30/06/2003,183
E07000244,East Suffolk,30/06/2004,185
E07000244,East Suffolk,30/06/2005,187
E07000244,East Suffolk,30/06/2006,188
E07000244,East Suffolk,30/06/2007,190
E07000244,East Suffolk,30/06/2008,190
E07000244,East Suffolk,30/06/2009,190
E07000244,East Suffolk,30/06/2010,190
E07000244,East Suffolk,30/06/2011,190
E07000244,East Suffolk,30/06/2012,190
E07000244,East Suffolk,30/06/2013,190
E07000244,East Suffolk,30/06/2014,190
E07000244,East Suffolk,30/06/2015,191
E07000244,East Suffolk,30/06/2016,192
E07000244,East Suffolk,30/06/2017,193
E07000244,East Suffolk,30/06/2018,194
E07000244,East Suffolk,30/06/2019,194
E07000244,East Suffolk,30/06/2020,195
E07000244,East Suffolk,30/06/2021,196
E07000244,East Suffolk,30/06/2022,196
E07000244,East Suffolk,30/06/2023,197
E07000244,East Suffolk,30/06/2024,198
E07000245,West Suffolk,30/06/1991,145
E07000245,West Suffolk,30/06/1992,146
E07000245,West Suffolk,30/06/1993,147
E07000245,West Suffolk,30/06/1994,148
E07000245,West Suffolk,30/06/1995,151
E07000245,West Suffolk,30/06/1996,152
E07000245,West Suffolk,30/06/1997,153
E07000245,West Suffolk,30/06/1998,154
E07000245,West Suffolk,30/06/1999,153
E07000245,West Suffolk,30/06/2000,155
E07000245,West Suffolk,30/06/2001,149
E07000245,West Suffolk,30/06/2002,151
E07000245,West Suffolk,30/06/2003,153
E07000245,West Suffolk,30/06/2004,154
E07000245,West Suffolk,30/06/2005,156
E07000245,West Suffolk,30/06/2006,157
E07000245,West Suffolk,30/06/2007,158
E07000245,West Suffolk,30/06/2008,159
E07000245,West Suffolk,30/06/2009,161
E07000245,West Suffolk,30/06/2010,163
E07000245,West Suffolk,30/06/2011,166
E07000245,West Suffolk,30/06/2012,166
E07000245,West Suffolk,30/06/2013,166
E07000245,West Suffolk,30/06/2014,169
E07000245,West Suffolk,30/06/2015,170
E07000245,West Suffolk,30/06/2016,170
E07000245,West Suffolk,30/06/2017,173
E07000245,West Suffolk,30/06/2018,173
E07000245,West Suffolk,30/06/2019,174
E07000245,West Suffolk,30/06/2020,172
E07000245,West Suffolk,30/06/2021,175
E07000245,West Suffolk,30/06/2022,176
E07000245,West Suffolk,30/06/2023,180
E07000245,West Suffolk,30/06/2024,182
E08000001,Bolton,30/06/1991,1870
E08000001,Bolton,30/06/1992,1871
E08000001,Bolton,30/06/1993,1874
E08000001,Bolton,30/06/1994,1871
E08000001,Bolton,30/06/1995,1866
E08000001,Bolton,30/06/1996,1860
E08000001,Bolton,30/06/1997,1858
E08000001,Bolton,30/06/1998,1866
E08000001,Bolton,30/06/1999,1863
E08000001,Bolton,30/06/2000,1861
E08000001,Bolton,30/06/2001,1869
E08000001,Bolton,30/06/2002,1877
E08000001,Bolton,30/06/2003,1887
E08000001,Bolton,30/06/2004,1892
E08000001,Bolton,30/06/2005,1896
E08000001,Bolton,30/06/2006,1909
E08000001,Bolton,30/06/2007,1920
E08000001,Bolton,30/06/2008,1935
E08000001,Bolton,30/06/2009,1953
E08000001,Bolton,30/06/2010,1969
E08000001,Bolton,30/06/2011,1984
E08000001,Bolton,30/06/2012,2001
E08000001,Bolton,30/06/2013,2015
E08000001,Bolton,30/06/2014,2026
E08000001,Bolton,30/06/2015,2039
E08000001,Bolton,30/06/2016,2055
E08000001,Bolton,30/06/2017,2072
E08000001,Bolton,30/06/2018,2086
E08000001,Bolton,30/06/2019,2110
E08000001,Bolton,30/06/2020,2116
E08000001,Bolton,30/06/2021,2119
E08000001,Bolton,30/06/2022,2146
E08000001,Bolton,30/06/2023,2186
E08000001,Bolton,30/06/2024,2218
E08000002,Bury,30/06/1991,1793
E08000002,Bury,30/06/1992,1806
E08000002,Bury,30/06/1993,1811
E08000002,Bury,30/06/1994,1814
E08000002,Bury,30/06/1995,1809
E08000002,Bury,30/06/1996,1807
E08000002,Bury,30/06/1997,1806
E08000002,Bury,30/06/1998,1815
E08000002,Bury,30/06/1999,1820
E08000002,Bury,30/06/2000,1819
E08000002,Bury,30/06/2001,1816
E08000002,Bury,30/06/2002,1821
E08000002,Bury,30/06/2003,1824
E08000002,Bury,30/06/2004,1820
E08000002,Bury,30/06/2005,1820
E08000002,Bury,30/06/2006,1828
E08000002,Bury,30/06/2007,1837
E08000002,Bury,30/06/2008,1840
E08000002,Bury,30/06/2009,1849
E08000002,Bury,30/06/2010,1858
E08000002,Bury,30/06/2011,1864
E08000002,Bury,30/06/2012,1876
E08000002,Bury,30/06/2013,1881
E08000002,Bury,30/06/2014,1894
E08000002,Bury,30/06/2015,1903
E08000002,Bury,30/06/2016,1915
E08000002,Bury,30/06/2017,1929
E08000002,Bury,30/06/2018,1940
E08000002,Bury,30/06/2019,1948
E08000002,Bury,30/06/2020,1947
E08000002,Bury,30/06/2021,1949
E08000002,Bury,30/06/2022,1961
E08000002,Bury,30/06/2023,1978
E08000002,Bury,30/06/2024,2000
E08000003,Manchester,30/06/1991,3741
E08000003,Manchester,30/06/1992,3697
E08000003,Manchester,30/06/1993,3691
E08000003,Manchester,30/06/1994,3677
E08000003,Manchester,30/06/1995,3681
E08000003,Manchester,30/06/1996,3654
E08000003,Manchester,30/06/1997,3612
E08000003,Manchester,30/06/1998,3612
E08000003,Manchester,30/06/1999,3601
E08000003,Manchester,30/06/2000,3647
E08000003,Manchester,30/06/2001,3657
E08000003,Manchester,30/06/2002,3703
E08000003,Manchester,30/06/2003,3776
E08000003,Manchester,30/06/2004,3847
E08000003,Manchester,30/06/2005,3941
E08000003,Manchester,30/06/2006,4010
E08000003,Manchester,30/06/2007,4069
E08000003,Manchester,30/06/2008,4128
E08000003,Manchester,30/06/2009,4183
E08000003,Manchester,30/06/2010,4259
E08000003,Manchester,30/06/2011,4348
E08000003,Manchester,30/06/2012,4383
E08000003,Manchester,30/06/2013,4417
E08000003,Manchester,30/06/2014,4456
E08000003,Manchester,30/06/2015,4525
E08000003,Manchester,30/06/2016,4612
E08000003,Manchester,30/06/2017,4643
E08000003,Manchester,30/06/2018,4675
E08000003,Manchester,30/06/2019,4721
E08000003,Manchester,30/06/2020,4733
E08000003,Manchester,30/06/2021,4761
E08000003,Manchester,30/06/2022,4921
E08000003,Manchester,30/06/2023,5026
E08000003,Manchester,30/06/2024,5099
E08000004,Oldham,30/06/1991,1535
E08000004,Oldham,30/06/1992,1540
E08000004,Oldham,30/06/1993,1542
E08000004,Oldham,30/06/1994,1541
E08000004,Oldham,30/06/1995,1539
E08000004,Oldham,30/06/1996,1540
E08000004,Oldham,30/06/1997,1538
E08000004,Oldham,30/06/1998,1536
E08000004,Oldham,30/06/1999,1534
E08000004,Oldham,30/06/2000,1532
E08000004,Oldham,30/06/2001,1535
E08000004,Oldham,30/06/2002,1535
E08000004,Oldham,30/06/2003,1535
E08000004,Oldham,30/06/2004,1538
E08000004,Oldham,30/06/2005,1541
E08000004,Oldham,30/06/2006,1546
E08000004,Oldham,30/06/2007,1551
E08000004,Oldham,30/06/2008,1559
E08000004,Oldham,30/06/2009,1565
E08000004,Oldham,30/06/2010,1572
E08000004,Oldham,30/06/2011,1582
E08000004,Oldham,30/06/2012,1588
E08000004,Oldham,30/06/2013,1601
E08000004,Oldham,30/06/2014,1618
E08000004,Oldham,30/06/2015,1635
E08000004,Oldham,30/06/2016,1651
E08000004,Oldham,30/06/2017,1666
E08000004,Oldham,30/06/2018,1686
E08000004,Oldham,30/06/2019,1701
E08000004,Oldham,30/06/2020,1701
E08000004,Oldham,30/06/2021,1700
E08000004,Oldham,30/06/2022,1720
E08000004,Oldham,30/06/2023,1742
E08000004,Oldham,30/06/2024,1767
E08000005,Rochdale,30/06/1991,1290
E08000005,Rochdale,30/06/1992,1294
E08000005,Rochdale,30/06/1993,1298
E08000005,Rochdale,30/06/1994,1298
E08000005,Rochdale,30/06/1995,1298
E08000005,Rochdale,30/06/1996,1294
E08000005,Rochdale,30/06/1997,1290
E08000005,Rochdale,30/06/1998,1293
E08000005,Rochdale,30/06/1999,1296
E08000005,Rochdale,30/06/2000,1303
E08000005,Rochdale,30/06/2001,1306
E08000005,Rochdale,30/06/2002,1307
E08000005,Rochdale,30/06/2003,1312
E08000005,Rochdale,30/06/2004,1311
E08000005,Rochdale,30/06/2005,1310
E08000005,Rochdale,30/06/2006,1314
E08000005,Rochdale,30/06/2007,1318
E08000005,Rochdale,30/06/2008,1326
E08000005,Rochdale,30/06/2009,1330
E08000005,Rochdale,30/06/2010,1333
E08000005,Rochdale,30/06/2011,1340
E08000005,Rochdale,30/06/2012,1343
E08000005,Rochdale,30/06/2013,1344
E08000005,Rochdale,30/06/2014,1350
E08000005,Rochdale,30/06/2015,1357
E08000005,Rochdale,30/06/2016,1368
E08000005,Rochdale,30/06/2017,1382
E08000005,Rochdale,30/06/2018,1391
E08000005,Rochdale,30/06/2019,1404
E08000005,Rochdale,30/06/2020,1410
E08000005,Rochdale,30/06/2021,1417
E08000005,Rochdale,30/06/2022,1440
E08000005,Rochdale,30/06/2023,1462
E08000005,Rochdale,30/06/2024,1490
E08000006,Salford,30/06/1991,2375
E08000006,Salford,30/06/1992,2365
E08000006,Salford,30/06/1993,2356
E08000006,Salford,30/06/1994,2342
E08000006,Salford,30/06/1995,2338
E08000006,Salford,30/06/1996,2321
E08000006,Salford,30/06/1997,2304
E08000006,Salford,30/06/1998,2280
E08000006,Salford,30/06/1999,2264
E08000006,Salford,30/06/2000,2250
E08000006,Salford,30/06/2001,2232
E08000006,Salford,30/06/2002,2225
E08000006,Salford,30/06/2003,2236
E08000006,Salford,30/06/2004,2242
E08000006,Salford,30/06/2005,2259
E08000006,Salford,30/06/2006,2283
E08000006,Salford,30/06/2007,2299
E08000006,Salford,30/06/2008,2333
E08000006,Salford,30/06/2009,2355
E08000006,Salford,30/06/2010,2385
E08000006,Salford,30/06/2011,2412
E08000006,Salford,30/06/2012,2443
E08000006,Salford,30/06/2013,2466
E08000006,Salford,30/06/2014,2496
E08000006,Salford,30/06/2015,2541
E08000006,Salford,30/06/2016,2588
E08000006,Salford,30/06/2017,2624
E08000006,Salford,30/06/2018,2667
E08000006,Salford,30/06/2019,2712
E08000006,Salford,30/06/2020,2738
E08000006,Salford,30/06/2021,2787
E08000006,Salford,30/06/2022,2881
E08000006,Salford,30/06/2023,2955
E08000006,Salford,30/06/2024,3028
E08000007,Stockport,30/06/1991,2289
E08000007,Stockport,30/06/1992,2289
E08000007,Stockport,30/06/1993,2288
E08000007,Stockport,30/06/1994,2283
E08000007,Stockport,30/06/1995,2272
E08000007,Stockport,30/06/1996,2272
E08000007,Stockport,30/06/1997,2272
E08000007,Stockport,30/06/1998,2278
E08000007,Stockport,30/06/1999,2267
E08000007,Stockport,30/06/2000,2256
E08000007,Stockport,30/06/2001,2257
E08000007,Stockport,30/06/2002,2249
E08000007,Stockport,30/06/2003,2245
E08000007,Stockport,30/06/2004,2240
E08000007,Stockport,30/06/2005,2231
E08000007,Stockport,30/06/2006,2225
E08000007,Stockport,30/06/2007,2229
E08000007,Stockport,30/06/2008,2233
E08000007,Stockport,30/06/2009,2239
E08000007,Stockport,30/06/2010,2242
E08000007,Stockport,30/06/2011,2247
E08000007,Stockport,30/06/2012,2253
E08000007,Stockport,30/06/2013,2260
E08000007,Stockport,30/06/2014,2271
E08000007,Stockport,30/06/2015,2286
E08000007,Stockport,30/06/2016,2300
E08000007,Stockport,30/06/2017,2308
E08000007,Stockport,30/06/2018,2314
E08000007,Stockport,30/06/2019,2326
E08000007,Stockport,30/06/2020,2331
E08000007,Stockport,30/06/2021,2342
E08000007,Stockport,30/06/2022,2359
E08000007,Stockport,30/06/2023,2383
E08000007,Stockport,30/06/2024,2411
E08000008,Tameside,30/06/1991,2114
E08000008,Tameside,30/06/1992,2120
E08000008,Tameside,30/06/1993,2120
E08000008,Tameside,30/06/1994,2116
E08000008,Tameside,30/06/1995,2107
E08000008,Tameside,30/06/1996,2094
E08000008,Tameside,30/06/1997,2095
E08000008,Tameside,30/06/1998,2083
E08000008,Tameside,30/06/1999,2070
E08000008,Tameside,30/06/2000,2064
E08000008,Tameside,30/06/2001,2066
E08000008,Tameside,30/06/2002,2067
E08000008,Tameside,30/06/2003,2069
E08000008,Tameside,30/06/2004,2071
E08000008,Tameside,30/06/2005,2070
E08000008,Tameside,30/06/2006,2076
E08000008,Tameside,30/06/2007,2082
E08000008,Tameside,30/06/2008,2097
E08000008,Tameside,30/06/2009,2108
E08000008,Tameside,30/06/2010,2121
E08000008,Tameside,30/06/2011,2130
E08000008,Tameside,30/06/2012,2137
E08000008,Tameside,30/06/2013,2147
E08000008,Tameside,30/06/2014,2156
E08000008,Tameside,30/06/2015,2168
E08000008,Tameside,30/06/2016,2186
E08000008,Tameside,30/06/2017,2198
E08000008,Tameside,30/06/2018,2215
E08000008,Tameside,30/06/2019,2229
E08000008,Tameside,30/06/2020,2235
E08000008,Tameside,30/06/2021,2242
E08000008,Tameside,30/06/2022,2262
E08000008,Tameside,30/06/2023,2289
E08000008,Tameside,30/06/2024,2323
E08000009,Trafford,30/06/1991,2035
E08000009,Trafford,30/06/1992,2031
E08000009,Trafford,30/06/1993,2031
E08000009,Trafford,30/06/1994,2029
E08000009,Trafford,30/06/1995,2025
E08000009,Trafford,30/06/1996,2024
E08000009,Trafford,30/06/1997,2013
E08000009,Trafford,30/06/1998,2020
E08000009,Trafford,30/06/1999,2008
E08000009,Trafford,30/06/2000,1992
E08000009,Trafford,30/06/2001,1982
E08000009,Trafford,30/06/2002,1990
E08000009,Trafford,30/06/2003,2009
E08000009,Trafford,30/06/2004,2019
E08000009,Trafford,30/06/2005,2032
E08000009,Trafford,30/06/2006,2050
E08000009,Trafford,30/06/2007,2069
E08000009,Trafford,30/06/2008,2084
E08000009,Trafford,30/06/2009,2104
E08000009,Trafford,30/06/2010,2124
E08000009,Trafford,30/06/2011,2142
E08000009,Trafford,30/06/2012,2155
E08000009,Trafford,30/06/2013,2172
E08000009,Trafford,30/06/2014,2186
E08000009,Trafford,30/06/2015,2193
E08000009,Trafford,30/06/2016,2204
E08000009,Trafford,30/06/2017,2215
E08000009,Trafford,30/06/2018,2222
E08000009,Trafford,30/06/2019,2227
E08000009,Trafford,30/06/2020,2225
E08000009,Trafford,30/06/2021,2222
E08000009,Trafford,30/06/2022,2236
E08000009,Trafford,30/06/2023,2254
E08000009,Trafford,30/06/2024,2273
E08000010,Wigan,30/06/1991,1624
E08000010,Wigan,30/06/1992,1627
E08000010,Wigan,30/06/1993,1626
E08000010,Wigan,30/06/1994,1621
E08000010,Wigan,30/06/1995,1614
E08000010,Wigan,30/06/1996,1608
E08000010,Wigan,30/06/1997,1605
E08000010,Wigan,30/06/1998,1604
E08000010,Wigan,30/06/1999,1605
E08000010,Wigan,30/06/2000,1605
E08000010,Wigan,30/06/2001,1602
E08000010,Wigan,30/06/2002,1607
E08000010,Wigan,30/06/2003,1615
E08000010,Wigan,30/06/2004,1621
E08000010,Wigan,30/06/2005,1627
E08000010,Wigan,30/06/2006,1637
E08000010,Wigan,30/06/2007,1644
E08000010,Wigan,30/06/2008,1658
E08000010,Wigan,30/06/2009,1671
E08000010,Wigan,30/06/2010,1681
E08000010,Wigan,30/06/2011,1691
E08000010,Wigan,30/06/2012,1691
E08000010,Wigan,30/06/2013,1694
E08000010,Wigan,30/06/2014,1701
E08000010,Wigan,30/06/2015,1705
E08000010,Wigan,30/06/2016,1709
E08000010,Wigan,30/06/2017,1714
E08000010,Wigan,30/06/2018,1721
E08000010,Wigan,30/06/2019,1735
E08000010,Wigan,30/06/2020,1742
E08000010,Wigan,30/06/2021,1753
E08000010,Wigan,30/06/2022,1779
E08000010,Wigan,30/06/2023,1808
E08000010,Wigan,30/06/2024,1833
E08000011,Knowsley,30/06/1991,1793
E08000011,Knowsley,30/06/1992,1779
E08000011,Knowsley,30/06/1993,1777
E08000011,Knowsley,30/06/1994,1766
E08000011,Knowsley,30/06/1995,1766
E08000011,Knowsley,30/06/1996,1765
E08000011,Knowsley,30/06/1997,1765
E08000011,Knowsley,30/06/1998,1771
E08000011,Knowsley,30/06/1999,1755
E08000011,Knowsley,30/06/2000,1750
E08000011,Knowsley,30/06/2001,1748
E08000011,Knowsley,30/06/2002,1740
E08000011,Knowsley,30/06/2003,1732
E08000011,Knowsley,30/06/2004,1725
E08000011,Knowsley,30/06/2005,1721
E08000011,Knowsley,30/06/2006,1720
E08000011,Knowsley,30/06/2007,1713
E08000011,Knowsley,30/06/2008,1709
E08000011,Knowsley,30/06/2009,1700
E08000011,Knowsley,30/06/2010,1692
E08000011,Knowsley,30/06/2011,1687
E08000011,Knowsley,30/06/2012,1690
E08000011,Knowsley,30/06/2013,1692
E08000011,Knowsley,30/06/2014,1694
E08000011,Knowsley,30/06/2015,1703
E08000011,Knowsley,30/06/2016,1710
E08000011,Knowsley,30/06/2017,1718
E08000011,Knowsley,30/06/2018,1735
E08000011,Knowsley,30/06/2019,1755
E08000011,Knowsley,30/06/2020,1773
E08000011,Knowsley,30/06/2021,1792
E08000011,Knowsley,30/06/2022,1818
E08000011,Knowsley,30/06/2023,1846
E08000011,Knowsley,30/06/2024,1879
E08000012,Liverpool,30/06/1991,4253
E08000012,Liverpool,30/06/1992,4234
E08000012,Liverpool,30/06/1993,4214
E08000012,Liverpool,30/06/1994,4185
E08000012,Liverpool,30/06/1995,4155
E08000012,Liverpool,30/06/1996,4125
E08000012,Liverpool,30/06/1997,4081
E08000012,Liverpool,30/06/1998,4052
E08000012,Liverpool,30/06/1999,4009
E08000012,Liverpool,30/06/2000,3988
E08000012,Liverpool,30/06/2001,3951
E08000012,Liverpool,30/06/2002,3968
E08000012,Liverpool,30/06/2003,3978
E08000012,Liverpool,30/06/2004,4006
E08000012,Liverpool,30/06/2005,4044
E08000012,Liverpool,30/06/2006,4051
E08000012,Liverpool,30/06/2007,4056
E08000012,Liverpool,30/06/2008,4063
E08000012,Liverpool,30/06/2009,4091
E08000012,Liverpool,30/06/2010,4125
E08000012,Liverpool,30/06/2011,4164
E08000012,Liverpool,30/06/2012,4161
E08000012,Liverpool,30/06/2013,4165
E08000012,Liverpool,30/06/2014,4164
E08000012,Liverpool,30/06/2015,4202
E08000012,Liverpool,30/06/2016,4251
E08000012,Liverpool,30/06/2017,4290
E08000012,Liverpool,30/06/2018,4324
E08000012,Liverpool,30/06/2019,4334
E08000012,Liverpool,30/06/2020,4322
E08000012,Liverpool,30/06/2021,4337
E08000012,Liverpool,30/06/2022,4414
E08000012,Liverpool,30/06/2023,4499
E08000012,Liverpool,30/06/2024,4551
E08000013,St. Helens,30/06/1991,1321
E08000013,St. Helens,30/06/1992,1320
E08000013,St. Helens,30/06/1993,1314
E08000013,St. Helens,30/06/1994,1315
E08000013,St. Helens,30/06/1995,1306
E08000013,St. Helens,30/06/1996,1302
E08000013,St. Helens,30/06/1997,1298
E08000013,St. Helens,30/06/1998,1293
E08000013,St. Helens,30/06/1999,1297
E08000013,St. Helens,30/06/2000,1296
E08000013,St. Helens,30/06/2001,1297
E08000013,St. Helens,30/06/2002,1293
E08000013,St. Helens,30/06/2003,1291
E08000013,St. Helens,30/06/2004,1289
E08000013,St. Helens,30/06/2005,1286
E08000013,St. Helens,30/06/2006,1285
E08000013,St. Helens,30/06/2007,1283
E08000013,St. Helens,30/06/2008,1284
E08000013,St. Helens,30/06/2009,1285
E08000013,St. Helens,30/06/2010,1285
E08000013,St. Helens,30/06/2011,1286
E08000013,St. Helens,30/06/2012,1292
E08000013,St. Helens,30/06/2013,1294
E08000013,St. Helens,30/06/2014,1304
E08000013,St. Helens,30/06/2015,1308
E08000013,St. Helens,30/06/2016,1314
E08000013,St. Helens,30/06/2017,1321
E08000013,St. Helens,30/06/2018,1327
E08000013,St. Helens,30/06/2019,1331
E08000013,St. Helens,30/06/2020,1335
E08000013,St. Helens,30/06/2021,1345
E08000013,St. Helens,30/06/2022,1357
E08000013,St. Helens,30/06/2023,1371
E08000013,St. Helens,30/06/2024,1385
E08000014,Sefton,30/06/1991,1871
E08000014,Sefton,30/06/1992,1870
E08000014,Sefton,30/06/1993,1866
E08000014,Sefton,30/06/1994,1855
E08000014,Sefton,30/06/1995,1845
E08000014,Sefton,30/06/1996,1836
E08000014,Sefton,30/06/1997,1829
E08000014,Sefton,30/06/1998,1821
E08000014,Sefton,30/06/1999,1815
E08000014,Sefton,30/06/2000,1809
E08000014,Sefton,30/06/2001,1807
E08000014,Sefton,30/06/2002,1794
E08000014,Sefton,30/06/2003,1788
E08000014,Sefton,30/06/2004,1781
E08000014,Sefton,30/06/2005,1769
E08000014,Sefton,30/06/2006,1762
E08000014,Sefton,30/06/2007,1757
E08000014,Sefton,30/06/2008,1754
E08000014,Sefton,30/06/2009,1751
E08000014,Sefton,30/06/2010,1749
E08000014,Sefton,30/06/2011,1750
E08000014,Sefton,30/06/2012,1750
E08000014,Sefton,30/06/2013,1749
E08000014,Sefton,30/06/2014,1757
E08000014,Sefton,30/06/2015,1760
E08000014,Sefton,30/06/2016,1767
E08000014,Sefton,30/06/2017,1769
E08000014,Sefton,30/06/2018,1775
E08000014,Sefton,30/06/2019,1781
E08000014,Sefton,30/06/2020,1779
E08000014,Sefton,30/06/2021,1786
E08000014,Sefton,30/06/2022,1796
E08000014,Sefton,30/06/2023,1812
E08000014,Sefton,30/06/2024,1828
E08000015,Wirral,30/06/1991,2077
E08000015,Wirral,30/06/1992,2067
E08000015,Wirral,30/06/1993,2056
E08000015,Wirral,30/06/1994,2044
E08000015,Wirral,30/06/1995,2028
E08000015,Wirral,30/06/1996,2006
E08000015,Wirral,30/06/1997,1991
E08000015,Wirral,30/06/1998,1980
E08000015,Wirral,30/06/1999,1970
E08000015,Wirral,30/06/2000,1967
E08000015,Wirral,30/06/2001,1957
E08000015,Wirral,30/06/2002,1958
E08000015,Wirral,30/06/2003,1960
E08000015,Wirral,30/06/2004,1958
E08000015,Wirral,30/06/2005,1957
E08000015,Wirral,30/06/2006,1960
E08000015,Wirral,30/06/2007,1962
E08000015,Wirral,30/06/2008,1968
E08000015,Wirral,30/06/2009,1975
E08000015,Wirral,30/06/2010,1983
E08000015,Wirral,30/06/2011,1988
E08000015,Wirral,30/06/2012,1988
E08000015,Wirral,30/06/2013,1988
E08000015,Wirral,30/06/2014,1994
E08000015,Wirral,30/06/2015,1993
E08000015,Wirral,30/06/2016,1994
E08000015,Wirral,30/06/2017,1995
E08000015,Wirral,30/06/2018,1993
E08000015,Wirral,30/06/2019,1993
E08000015,Wirral,30/06/2020,1990
E08000015,Wirral,30/06/2021,1992
E08000015,Wirral,30/06/2022,2005
E08000015,Wirral,30/06/2023,2023
E08000015,Wirral,30/06/2024,2044
E08000016,Barnsley,30/06/1991,678
E08000016,Barnsley,30/06/1992,676
E08000016,Barnsley,30/06/1993,675
E08000016,Barnsley,30/06/1994,674
E08000016,Barnsley,30/06/1995,671
E08000016,Barnsley,30/06/1996,670
E08000016,Barnsley,30/06/1997,667
E08000016,Barnsley,30/06/1998,667
E08000016,Barnsley,30/06/1999,665
E08000016,Barnsley,30/06/2000,662
E08000016,Barnsley,30/06/2001,663
E08000016,Barnsley,30/06/2002,665
E08000016,Barnsley,30/06/2003,669
E08000016,Barnsley,30/06/2004,672
E08000016,Barnsley,30/06/2005,676
E08000016,Barnsley,30/06/2006,682
E08000016,Barnsley,30/06/2007,687
E08000016,Barnsley,30/06/2008,692
E08000016,Barnsley,30/06/2009,696
E08000016,Barnsley,30/06/2010,699
E08000016,Barnsley,30/06/2011,705
E08000016,Barnsley,30/06/2012,709
E08000016,Barnsley,30/06/2013,714
E08000016,Barnsley,30/06/2014,718
E08000016,Barnsley,30/06/2015,724
E08000016,Barnsley,30/06/2016,729
E08000016,Barnsley,30/06/2017,733
E08000016,Barnsley,30/06/2018,736
E08000016,Barnsley,30/06/2019,740
E08000016,Barnsley,30/06/2020,742
E08000016,Barnsley,30/06/2021,744
E08000016,Barnsley,30/06/2022,750
E08000016,Barnsley,30/06/2023,757
E08000016,Barnsley,30/06/2024,765
E08000017,Doncaster,30/06/1991,513
E08000017,Doncaster,30/06/1992,514
E08000017,Doncaster,30/06/1993,512
E08000017,Doncaster,30/06/1994,511
E08000017,Doncaster,30/06/1995,512
E08000017,Doncaster,30/06/1996,509
E08000017,Doncaster,30/06/1997,509
E08000017,Doncaster,30/06/1998,506
E08000017,Doncaster,30/06/1999,505
E08000017,Doncaster,30/06/2000,505
E08000017,Doncaster,30/06/2001,505
E08000017,Doncaster,30/06/2002,508
E08000017,Doncaster,30/06/2003,511
E08000017,Doncaster,30/06/2004,512
E08000017,Doncaster,30/06/2005,514
E08000017,Doncaster,30/06/2006,518
E08000017,Doncaster,30/06/2007,522
E08000017,Doncaster,30/06/2008,525
E08000017,Doncaster,30/06/2009,528
E08000017,Doncaster,30/06/2010,530
E08000017,Doncaster,30/06/2011,533
E08000017,Doncaster,30/06/2012,533
E08000017,Doncaster,30/06/2013,533
E08000017,Doncaster,30/06/2014,535
E08000017,Doncaster,30/06/2015,536
E08000017,Doncaster,30/06/2016,539
E08000017,Doncaster,30/06/2017,541
E08000017,Doncaster,30/06/2018,543
E08000017,Doncaster,30/06/2019,543
E08000017,Doncaster,30/06/2020,543
E08000017,Doncaster,30/06/2021,543
E08000017,Doncaster,30/06/2022,548
E08000017,Doncaster,30/06/2023,555
E08000017,Doncaster,30/06/2024,563
E08000018,Rotherham,30/06/1991,885
E08000018,Rotherham,30/06/1992,884
E08000018,Rotherham,30/06/1993,885
E08000018,Rotherham,30/06/1994,883
E08000018,Rotherham,30/06/1995,879
E08000018,Rotherham,30/06/1996,876
E08000018,Rotherham,30/06/1997,873
E08000018,Rotherham,30/06/1998,869
E08000018,Rotherham,30/06/1999,865
E08000018,Rotherham,30/06/2000,862
E08000018,Rotherham,30/06/2001,867
E08000018,Rotherham,30/06/2002,871
E08000018,Rotherham,30/06/2003,876
E08000018,Rotherham,30/06/2004,879
E08000018,Rotherham,30/06/2005,882
E08000018,Rotherham,30/06/2006,885
E08000018,Rotherham,30/06/2007,887
E08000018,Rotherham,30/06/2008,891
E08000018,Rotherham,30/06/2009,895
E08000018,Rotherham,30/06/2010,897
E08000018,Rotherham,30/06/2011,899
E08000018,Rotherham,30/06/2012,903
E08000018,Rotherham,30/06/2013,905
E08000018,Rotherham,30/06/2014,912
E08000018,Rotherham,30/06/2015,915
E08000018,Rotherham,30/06/2016,919
E08000018,Rotherham,30/06/2017,922
E08000018,Rotherham,30/06/2018,925
E08000018,Rotherham,30/06/2019,928
E08000018,Rotherham,30/06/2020,927
E08000018,Rotherham,30/06/2021,929
E08000018,Rotherham,30/06/2022,938
E08000018,Rotherham,30/06/2023,952
E08000018,Rotherham,30/06/2024,965
E08000019,Sheffield,30/06/1991,1414
E08000019,Sheffield,30/06/1992,1415
E08000019,Sheffield,30/06/1993,1415
E08000019,Sheffield,30/06/1994,1410
E08000019,Sheffield,30/06/1995,1404
E08000019,Sheffield,30/06/1996,1408
E08000019,Sheffield,30/06/1997,1407
E08000019,Sheffield,30/06/1998,1407
E08000019,Sheffield,30/06/1999,1403
E08000019,Sheffield,30/06/2000,1399
E08000019,Sheffield,30/06/2001,1395
E08000019,Sheffield,30/06/2002,1398
E08000019,Sheffield,30/06/2003,1401
E08000019,Sheffield,30/06/2004,1412
E08000019,Sheffield,30/06/2005,1429
E08000019,Sheffield,30/06/2006,1434
E08000019,Sheffield,30/06/2007,1440
E08000019,Sheffield,30/06/2008,1452
E08000019,Sheffield,30/06/2009,1463
E08000019,Sheffield,30/06/2010,1480
E08000019,Sheffield,30/06/2011,1500
E08000019,Sheffield,30/06/2012,1505
E08000019,Sheffield,30/06/2013,1509
E08000019,Sheffield,30/06/2014,1508
E08000019,Sheffield,30/06/2015,1509
E08000019,Sheffield,30/06/2016,1513
E08000019,Sheffield,30/06/2017,1510
E08000019,Sheffield,30/06/2018,1513
E08000019,Sheffield,30/06/2019,1512
E08000019,Sheffield,30/06/2020,1509
E08000019,Sheffield,30/06/2021,1509
E08000019,Sheffield,30/06/2022,1538
E08000019,Sheffield,30/06/2023,1564
E08000019,Sheffield,30/06/2024,1583
E08000021,Newcastle upon Tyne,30/06/1991,2424
E08000021,Newcastle upon Tyne,30/06/1992,2457
E08000021,Newcastle upon Tyne,30/06/1993,2492
E08000021,Newcastle upon Tyne,30/06/1994,2478
E08000021,Newcastle upon Tyne,30/06/1995,2479
E08000021,Newcastle upon Tyne,30/06/1996,2476
E08000021,Newcastle upon Tyne,30/06/1997,2452
E08000021,Newcastle upon Tyne,30/06/1998,2419
E08000021,Newcastle upon Tyne,30/06/1999,2388
E08000021,Newcastle upon Tyne,30/06/2000,2359
E08000021,Newcastle upon Tyne,30/06/2001,2347
E08000021,Newcastle upon Tyne,30/06/2002,2353
E08000021,Newcastle upon Tyne,30/06/2003,2352
E08000021,Newcastle upon Tyne,30/06/2004,2352
E08000021,Newcastle upon Tyne,30/06/2005,2376
E08000021,Newcastle upon Tyne,30/06/2006,2382
E08000021,Newcastle upon Tyne,30/06/2007,2394
E08000021,Newcastle upon Tyne,30/06/2008,2394
E08000021,Newcastle upon Tyne,30/06/2009,2410
E08000021,Newcastle upon Tyne,30/06/2010,2439
E08000021,Newcastle upon Tyne,30/06/2011,2460
E08000021,Newcastle upon Tyne,30/06/2012,2476
E08000021,Newcastle upon Tyne,30/06/2013,2507
E08000021,Newcastle upon Tyne,30/06/2014,2529
E08000021,Newcastle upon Tyne,30/06/2015,2538
E08000021,Newcastle upon Tyne,30/06/2016,2559
E08000021,Newcastle upon Tyne,30/06/2017,2572
E08000021,Newcastle upon Tyne,30/06/2018,2600
E08000021,Newcastle upon Tyne,30/06/2019,2619
E08000021,Newcastle upon Tyne,30/06/2020,2630
E08000021,Newcastle upon Tyne,30/06/2021,2632
E08000021,Newcastle upon Tyne,30/06/2022,2687
E08000021,Newcastle upon Tyne,30/06/2023,2764
E08000021,Newcastle upon Tyne,30/06/2024,2826
E08000022,North Tyneside,30/06/1991,2359
E08000022,North Tyneside,30/06/1992,2353
E08000022,North Tyneside,30/06/1993,2346
E08000022,North Tyneside,30/06/1994,2331
E08000022,North Tyneside,30/06/1995,2326
E08000022,North Tyneside,30/06/1996,2318
E08000022,North Tyneside,30/06/1997,2311
E08000022,North Tyneside,30/06/1998,2316
E08000022,North Tyneside,30/06/1999,2305
E08000022,North Tyneside,30/06/2000,2313
E08000022,North Tyneside,30/06/2001,2329
E08000022,North Tyneside,30/06/2002,2337
E08000022,North Tyneside,30/06/2003,2341
E08000022,North Tyneside,30/06/2004,2343
E08000022,North Tyneside,30/06/2005,2354
E08000022,North Tyneside,30/06/2006,2369
E08000022,North Tyneside,30/06/2007,2383
E08000022,North Tyneside,30/06/2008,2401
E08000022,North Tyneside,30/06/2009,2414
E08000022,North Tyneside,30/06/2010,2427
E08000022,North Tyneside,30/06/2011,2440
E08000022,North Tyneside,30/06/2012,2445
E08000022,North Tyneside,30/06/2013,2453
E08000022,North Tyneside,30/06/2014,2464
E08000022,North Tyneside,30/06/2015,2461
E08000022,North Tyneside,30/06/2016,2471
E08000022,North Tyneside,30/06/2017,2480
E08000022,North Tyneside,30/06/2018,2495
E08000022,North Tyneside,30/06/2019,2514
E08000022,North Tyneside,30/06/2020,2523
E08000022,North Tyneside,30/06/2021,2536
E08000022,North Tyneside,30/06/2022,2556
E08000022,North Tyneside,30/06/2023,2580
E08000022,North Tyneside,30/06/2024,2608
E08000023,South Tyneside,30/06/1991,2431
E08000023,South Tyneside,30/06/1992,2432
E08000023,South Tyneside,30/06/1993,2431
E08000023,South Tyneside,30/06/1994,2422
E08000023,South Tyneside,30/06/1995,2418
E08000023,South Tyneside,30/06/1996,2415
E08000023,South Tyneside,30/06/1997,2406
E08000023,South Tyneside,30/06/1998,2396
E08000023,South Tyneside,30/06/1999,2384
E08000023,South Tyneside,30/06/2000,2376
E08000023,South Tyneside,30/06/2001,2371
E08000023,South Tyneside,30/06/2002,2362
E08000023,South Tyneside,30/06/2003,2346
E08000023,South Tyneside,30/06/2004,2332
E08000023,South Tyneside,30/06/2005,2322
E08000023,South Tyneside,30/06/2006,2311
E08000023,South Tyneside,30/06/2007,2307
E08000023,South Tyneside,30/06/2008,2307
E08000023,South Tyneside,30/06/2009,2305
E08000023,South Tyneside,30/06/2010,2304
E08000023,South Tyneside,30/06/2011,2300
E08000023,South Tyneside,30/06/2012,2293
E08000023,South Tyneside,30/06/2013,2289
E08000023,South Tyneside,30/06/2014,2291
E08000023,South Tyneside,30/06/2015,2285
E08000023,South Tyneside,30/06/2016,2292
E08000023,South Tyneside,30/06/2017,2294
E08000023,South Tyneside,30/06/2018,2298
E08000023,South Tyneside,30/06/2019,2303
E08000023,South Tyneside,30/06/2020,2296
E08000023,South Tyneside,30/06/2021,2296
E08000023,South Tyneside,30/06/2022,2312
E08000023,South Tyneside,30/06/2023,2330
E08000023,South Tyneside,30/06/2024,2350
E08000024,Sunderland,30/06/1991,2154
E08000024,Sunderland,30/06/1992,2157
E08000024,Sunderland,30/06/1993,2161
E08000024,Sunderland,30/06/1994,2150
E08000024,Sunderland,30/06/1995,2139
E08000024,Sunderland,30/06/1996,2128
E08000024,Sunderland,30/06/1997,2117
E08000024,Sunderland,30/06/1998,2109
E08000024,Sunderland,30/06/1999,2093
E08000024,Sunderland,30/06/2000,2080
E08000024,Sunderland,30/06/2001,2072
E08000024,Sunderland,30/06/2002,2060
E08000024,Sunderland,30/06/2003,2049
E08000024,Sunderland,30/06/2004,2039
E08000024,Sunderland,30/06/2005,2032
E08000024,Sunderland,30/06/2006,2026
E08000024,Sunderland,30/06/2007,2022
E08000024,Sunderland,30/06/2008,2015
E08000024,Sunderland,30/06/2009,2011
E08000024,Sunderland,30/06/2010,2009
E08000024,Sunderland,30/06/2011,2004
E08000024,Sunderland,30/06/2012,2004
E08000024,Sunderland,30/06/2013,2004
E08000024,Sunderland,30/06/2014,2007
E08000024,Sunderland,30/06/2015,2005
E08000024,Sunderland,30/06/2016,2005
E08000024,Sunderland,30/06/2017,2001
E08000024,Sunderland,30/06/2018,1997
E08000024,Sunderland,30/06/2019,1997
E08000024,Sunderland,30/06/2020,1992
E08000024,Sunderland,30/06/2021,1997
E08000024,Sunderland,30/06/2022,2024
E08000024,Sunderland,30/06/2023,2064
E08000024,Sunderland,30/06/2024,2101
E08000025,Birmingham,30/06/1991,3751
E08000025,Birmingham,30/06/1992,3750
E08000025,Birmingham,30/06/1993,3755
E08000025,Birmingham,30/06/1994,3735
E08000025,Birmingham,30/06/1995,3731
E08000025,Birmingham,30/06/1996,3738
E08000025,Birmingham,30/06/1997,3711
E08000025,Birmingham,30/06/1998,3702
E08000025,Birmingham,30/06/1999,3696
E08000025,Birmingham,30/06/2000,3679
E08000025,Birmingham,30/06/2001,3677
E08000025,Birmingham,30/06/2002,3699
E08000025,Birmingham,30/06/2003,3721
E08000025,Birmingham,30/06/2004,3743
E08000025,Birmingham,30/06/2005,3789
E08000025,Birmingham,30/06/2006,3812
E08000025,Birmingham,30/06/2007,3843
E08000025,Birmingham,30/06/2008,3880
E08000025,Birmingham,30/06/2009,3921
E08000025,Birmingham,30/06/2010,3962
E08000025,Birmingham,30/06/2011,4012
E08000025,Birmingham,30/06/2012,4051
E08000025,Birmingham,30/06/2013,4087
E08000025,Birmingham,30/06/2014,4122
E08000025,Birmingham,30/06/2015,4164
E08000025,Birmingham,30/06/2016,4225
E08000025,Birmingham,30/06/2017,4257
E08000025,Birmingham,30/06/2018,4280
E08000025,Birmingham,30/06/2019,4297
E08000025,Birmingham,30/06/2020,4290
E08000025,Birmingham,30/06/2021,4270
E08000025,Birmingham,30/06/2022,4308
E08000025,Birmingham,30/06/2023,4370
E08000025,Birmingham,30/06/2024,4420
E08000026,Coventry,30/06/1991,3080
E08000026,Coventry,30/06/1992,3071
E08000026,Coventry,30/06/1993,3067
E08000026,Coventry,30/06/1994,3058
E08000026,Coventry,30/06/1995,3072
E08000026,Coventry,30/06/1996,3106
E08000026,Coventry,30/06/1997,3089
E08000026,Coventry,30/06/1998,3092
E08000026,Coventry,30/06/1999,3090
E08000026,Coventry,30/06/2000,3072
E08000026,Coventry,30/06/2001,3069
E08000026,Coventry,30/06/2002,3054
E08000026,Coventry,30/06/2003,3048
E08000026,Coventry,30/06/2004,3023
E08000026,Coventry,30/06/2005,3025
E08000026,Coventry,30/06/2006,3042
E08000026,Coventry,30/06/2007,3056
E08000026,Coventry,30/06/2008,3094
E08000026,Coventry,30/06/2009,3116
E08000026,Coventry,30/06/2010,3159
E08000026,Coventry,30/06/2011,3213
E08000026,Coventry,30/06/2012,3225
E08000026,Coventry,30/06/2013,3266
E08000026,Coventry,30/06/2014,3295
E08000026,Coventry,30/06/2015,3356
E08000026,Coventry,30/06/2016,3417
E08000026,Coventry,30/06/2017,3447
E08000026,Coventry,30/06/2018,3475
E08000026,Coventry,30/06/2019,3484
E08000026,Coventry,30/06/2020,3494
E08000026,Coventry,30/06/2021,3489
E08000026,Coventry,30/06/2022,3562
E08000026,Coventry,30/06/2023,3642
E08000026,Coventry,30/06/2024,3741
E08000027,Dudley,30/06/1991,3140
E08000027,Dudley,30/06/1992,3150
E08000027,Dudley,30/06/1993,3148
E08000027,Dudley,30/06/1994,3145
E08000027,Dudley,30/06/1995,3140
E08000027,Dudley,30/06/1996,3129
E08000027,Dudley,30/06/1997,3115
E08000027,Dudley,30/06/1998,3111
E08000027,Dudley,30/06/1999,3112
E08000027,Dudley,30/06/2000,3110
E08000027,Dudley,30/06/2001,3114
E08000027,Dudley,30/06/2002,3120
E08000027,Dudley,30/06/2003,3119
E08000027,Dudley,30/06/2004,3125
E08000027,Dudley,30/06/2005,3134
E08000027,Dudley,30/06/2006,3142
E08000027,Dudley,30/06/2007,3151
E08000027,Dudley,30/06/2008,3168
E08000027,Dudley,30/06/2009,3175
E08000027,Dudley,30/06/2010,3187
E08000027,Dudley,30/06/2011,3197
E08000027,Dudley,30/06/2012,3201
E08000027,Dudley,30/06/2013,3210
E08000027,Dudley,30/06/2014,3222
E08000027,Dudley,30/06/2015,3229
E08000027,Dudley,30/06/2016,3242
E08000027,Dudley,30/06/2017,3261
E08000027,Dudley,30/06/2018,3276
E08000027,Dudley,30/06/2019,3288
E08000027,Dudley,30/06/2020,3292
E08000027,Dudley,30/06/2021,3303
E08000027,Dudley,30/06/2022,3322
E08000027,Dudley,30/06/2023,3351
E08000027,Dudley,30/06/2024,3388
E08000028,Sandwell,30/06/1991,3419
E08000028,Sandwell,30/06/1992,3409
E08000028,Sandwell,30/06/1993,3408
E08000028,Sandwell,30/06/1994,3401
E08000028,Sandwell,30/06/1995,3397
E08000028,Sandwell,30/06/1996,3377
E08000028,Sandwell,30/06/1997,3362
E08000028,Sandwell,30/06/1998,3356
E08000028,Sandwell,30/06/1999,3343
E08000028,Sandwell,30/06/2000,3332
E08000028,Sandwell,30/06/2001,3326
E08000028,Sandwell,30/06/2002,3338
E08000028,Sandwell,30/06/2003,3356
E08000028,Sandwell,30/06/2004,3376
E08000028,Sandwell,30/06/2005,3394
E08000028,Sandwell,30/06/2006,3419
E08000028,Sandwell,30/06/2007,3443
E08000028,Sandwell,30/06/2008,3487
E08000028,Sandwell,30/06/2009,3533
E08000028,Sandwell,30/06/2010,3578
E08000028,Sandwell,30/06/2011,3612
E08000028,Sandwell,30/06/2012,3655
E08000028,Sandwell,30/06/2013,3711
E08000028,Sandwell,30/06/2014,3759
E08000028,Sandwell,30/06/2015,3809
E08000028,Sandwell,30/06/2016,3857
E08000028,Sandwell,30/06/2017,3901
E08000028,Sandwell,30/06/2018,3938
E08000028,Sandwell,30/06/2019,3976
E08000028,Sandwell,30/06/2020,3990
E08000028,Sandwell,30/06/2021,3996
E08000028,Sandwell,30/06/2022,4040
E08000028,Sandwell,30/06/2023,4088
E08000028,Sandwell,30/06/2024,4135
E08000029,Solihull,30/06/1991,1124
E08000029,Solihull,30/06/1992,1119
E08000029,Solihull,30/06/1993,1113
E08000029,Solihull,30/06/1994,1118
E08000029,Solihull,30/06/1995,1120
E08000029,Solihull,30/06/1996,1122
E08000029,Solihull,30/06/1997,1126
E08000029,Solihull,30/06/1998,1126
E08000029,Solihull,30/06/1999,1123
E08000029,Solihull,30/06/2000,1116
E08000029,Solihull,30/06/2001,1119
E08000029,Solihull,30/06/2002,1122
E08000029,Solihull,30/06/2003,1125
E08000029,Solihull,30/06/2004,1128
E08000029,Solihull,30/06/2005,1130
E08000029,Solihull,30/06/2006,1135
E08000029,Solihull,30/06/2007,1140
E08000029,Solihull,30/06/2008,1149
E08000029,Solihull,30/06/2009,1152
E08000029,Solihull,30/06/2010,1157
E08000029,Solihull,30/06/2011,1160
E08000029,Solihull,30/06/2012,1165
E08000029,Solihull,30/06/2013,1173
E08000029,Solihull,30/06/2014,1185
E08000029,Solihull,30/06/2015,1187
E08000029,Solihull,30/06/2016,1195
E08000029,Solihull,30/06/2017,1202
E08000029,Solihull,30/06/2018,1205
E08000029,Solihull,30/06/2019,1213
E08000029,Solihull,30/06/2020,1214
E08000029,Solihull,30/06/2021,1215
E08000029,Solihull,30/06/2022,1222
E08000029,Solihull,30/06/2023,1232
E08000029,Solihull,30/06/2024,1241
E08000030,Walsall,30/06/1991,2512
E08000030,Walsall,30/06/1992,2507
E08000030,Walsall,30/06/1993,2513
E08000030,Walsall,30/06/1994,2502
E08000030,Walsall,30/06/1995,2485
E08000030,Walsall,30/06/1996,2478
E08000030,Walsall,30/06/1997,2468
E08000030,Walsall,30/06/1998,2457
E08000030,Walsall,30/06/1999,2460
E08000030,Walsall,30/06/2000,2451
E08000030,Walsall,30/06/2001,2436
E08000030,Walsall,30/06/2002,2445
E08000030,Walsall,30/06/2003,2455
E08000030,Walsall,30/06/2004,2468
E08000030,Walsall,30/06/2005,2482
E08000030,Walsall,30/06/2006,2495
E08000030,Walsall,30/06/2007,2509
E08000030,Walsall,30/06/2008,2529
E08000030,Walsall,30/06/2009,2546
E08000030,Walsall,30/06/2010,2566
E08000030,Walsall,30/06/2011,2591
E08000030,Walsall,30/06/2012,2601
E08000030,Walsall,30/06/2013,2612
E08000030,Walsall,30/06/2014,2632
E08000030,Walsall,30/06/2015,2649
E08000030,Walsall,30/06/2016,2677
E08000030,Walsall,30/06/2017,2704
E08000030,Walsall,30/06/2018,2720
E08000030,Walsall,30/06/2019,2736
E08000030,Walsall,30/06/2020,2736
E08000030,Walsall,30/06/2021,2734
E08000030,Walsall,30/06/2022,2758
E08000030,Walsall,30/06/2023,2800
E08000030,Walsall,30/06/2024,2843
E08000031,Wolverhampton,30/06/1991,3578
E08000031,Wolverhampton,30/06/1992,3570
E08000031,Wolverhampton,30/06/1993,3561
E08000031,Wolverhampton,30/06/1994,3531
E08000031,Wolverhampton,30/06/1995,3527
E08000031,Wolverhampton,30/06/1996,3530
E08000031,Wolverhampton,30/06/1997,3497
E08000031,Wolverhampton,30/06/1998,3485
E08000031,Wolverhampton,30/06/1999,3466
E08000031,Wolverhampton,30/06/2000,3449
E08000031,Wolverhampton,30/06/2001,3428
E08000031,Wolverhampton,30/06/2002,3443
E08000031,Wolverhampton,30/06/2003,3454
E08000031,Wolverhampton,30/06/2004,3464
E08000031,Wolverhampton,30/06/2005,3480
E08000031,Wolverhampton,30/06/2006,3498
E08000031,Wolverhampton,30/06/2007,3512
E08000031,Wolverhampton,30/06/2008,3533
E08000031,Wolverhampton,30/06/2009,3543
E08000031,Wolverhampton,30/06/2010,3566
E08000031,Wolverhampton,30/06/2011,3598
E08000031,Wolverhampton,30/06/2012,3621
E08000031,Wolverhampton,30/06/2013,3634
E08000031,Wolverhampton,30/06/2014,3663
E08000031,Wolverhampton,30/06/2015,3688
E08000031,Wolverhampton,30/06/2016,3720
E08000031,Wolverhampton,30/06/2017,3753
E08000031,Wolverhampton,30/06/2018,3780
E08000031,Wolverhampton,30/06/2019,3795
E08000031,Wolverhampton,30/06/2020,3789
E08000031,Wolverhampton,30/06/2021,3805
E08000031,Wolverhampton,30/06/2022,3874
E08000031,Wolverhampton,30/06/2023,3969
E08000031,Wolverhampton,30/06/2024,4050
E08000032,Bradford,30/06/1991,1280
E08000032,Bradford,30/06/1992,1281
E08000032,Bradford,30/06/1993,1284
E08000032,Bradford,30/06/1994,1286
E08000032,Bradford,30/06/1995,1286
E08000032,Bradford,30/06/1996,1285
E08000032,Bradford,30/06/1997,1281
E08000032,Bradford,30/06/1998,1277
E08000032,Bradford,30/06/1999,1274
E08000032,Bradford,30/06/2000,1275
E08000032,Bradford,30/06/2001,1285
E08000032,Bradford,30/06/2002,1297
E08000032,Bradford,30/06/2003,1308
E08000032,Bradford,30/06/2004,1323
E08000032,Bradford,30/06/2005,1341
E08000032,Bradford,30/06/2006,1353
E08000032,Bradford,30/06/2007,1368
E08000032,Bradford,30/06/2008,1385
E08000032,Bradford,30/06/2009,1398
E08000032,Bradford,30/06/2010,1414
E08000032,Bradford,30/06/2011,1428
E08000032,Bradford,30/06/2012,1434
E08000032,Bradford,30/06/2013,1443
E08000032,Bradford,30/06/2014,1451
E08000032,Bradford,30/06/2015,1460
E08000032,Bradford,30/06/2016,1469
E08000032,Bradford,30/06/2017,1475
E08000032,Bradford,30/06/2018,1481
E08000032,Bradford,30/06/2019,1490
E08000032,Bradford,30/06/2020,1493
E08000032,Bradford,30/06/2021,1493
E08000032,Bradford,30/06/2022,1505
E08000032,Bradford,30/06/2023,1526
E08000032,Bradford,30/06/2024,1538
E08000033,Calderdale,30/06/1991,530
E08000033,Calderdale,30/06/1992,530
E08000033,Calderdale,30/06/1993,529
E08000033,Calderdale,30/06/1994,528
E08000033,Calderdale,30/06/1995,527
E08000033,Calderdale,30/06/1996,525
E08000033,Calderdale,30/06/1997,525
E08000033,Calderdale,30/06/1998,525
E08000033,Calderdale,30/06/1999,525
E08000033,Calderdale,30/06/2000,527
E08000033,Calderdale,30/06/2001,529
E08000033,Calderdale,30/06/2002,531
E08000033,Calderdale,30/06/2003,533
E08000033,Calderdale,30/06/2004,536
E08000033,Calderdale,30/06/2005,539
E08000033,Calderdale,30/06/2006,543
E08000033,Calderdale,30/06/2007,548
E08000033,Calderdale,30/06/2008,552
E08000033,Calderdale,30/06/2009,555
E08000033,Calderdale,30/06/2010,558
E08000033,Calderdale,30/06/2011,561
E08000033,Calderdale,30/06/2012,564
E08000033,Calderdale,30/06/2013,566
E08000033,Calderdale,30/06/2014,568
E08000033,Calderdale,30/06/2015,569
E08000033,Calderdale,30/06/2016,571
E08000033,Calderdale,30/06/2017,570
E08000033,Calderdale,30/06/2018,569
E08000033,Calderdale,30/06/2019,571
E08000033,Calderdale,30/06/2020,569
E08000033,Calderdale,30/06/2021,568
E08000033,Calderdale,30/06/2022,571
E08000033,Calderdale,30/06/2023,575
E08000033,Calderdale,30/06/2024,580
E08000034,Kirklees,30/06/1991,928
E08000034,Kirklees,30/06/1992,930
E08000034,Kirklees,30/06/1993,935
E08000034,Kirklees,30/06/1994,937
E08000034,Kirklees,30/06/1995,938
E08000034,Kirklees,30/06/1996,939
E08000034,Kirklees,30/06/1997,940
E08000034,Kirklees,30/06/1998,942
E08000034,Kirklees,30/06/1999,943
E08000034,Kirklees,30/06/2000,947
E08000034,Kirklees,30/06/2001,952
E08000034,Kirklees,30/06/2002,960
E08000034,Kirklees,30/06/2003,966
E08000034,Kirklees,30/06/2004,973
E08000034,Kirklees,30/06/2005,981
E08000034,Kirklees,30/06/2006,990
E08000034,Kirklees,30/06/2007,999
E08000034,Kirklees,30/06/2008,1008
E08000034,Kirklees,30/06/2009,1015
E08000034,Kirklees,30/06/2010,1024
E08000034,Kirklees,30/06/2011,1035
E08000034,Kirklees,30/06/2012,1040
E08000034,Kirklees,30/06/2013,1045
E08000034,Kirklees,30/06/2014,1050
E08000034,Kirklees,30/06/2015,1055
E08000034,Kirklees,30/06/2016,1059
E08000034,Kirklees,30/06/2017,1061
E08000034,Kirklees,30/06/2018,1061
E08000034,Kirklees,30/06/2019,1060
E08000034,Kirklees,30/06/2020,1060
E08000034,Kirklees,30/06/2021,1061
E08000034,Kirklees,30/06/2022,1073
E08000034,Kirklees,30/06/2023,1086
E08000034,Kirklees,30/06/2024,1096
E08000035,Leeds,30/06/1991,1281
E08000035,Leeds,30/06/1992,1288
E08000035,Leeds,30/06/1993,1293
E08000035,Leeds,30/06/1994,1292
E08000035,Leeds,30/06/1995,1294
E08000035,Leeds,30/06/1996,1297
E08000035,Leeds,30/06/1997,1298
E08000035,Leeds,30/06/1998,1298
E08000035,Leeds,30/06/1999,1296
E08000035,Leeds,30/06/2000,1293
E08000035,Leeds,30/06/2001,1297
E08000035,Leeds,30/06/2002,1298
E08000035,Leeds,30/06/2003,1301
E08000035,Leeds,30/06/2004,1311
E08000035,Leeds,30/06/2005,1332
E08000035,Leeds,30/06/2006,1334
E08000035,Leeds,30/06/2007,1339
E08000035,Leeds,30/06/2008,1344
E08000035,Leeds,30/06/2009,1348
E08000035,Leeds,30/06/2010,1355
E08000035,Leeds,30/06/2011,1361
E08000035,Leeds,30/06/2012,1374
E08000035,Leeds,30/06/2013,1385
E08000035,Leeds,30/06/2014,1396
E08000035,Leeds,30/06/2015,1410
E08000035,Leeds,30/06/2016,1426
E08000035,Leeds,30/06/2017,1438
E08000035,Leeds,30/06/2018,1446
E08000035,Leeds,30/06/2019,1458
E08000035,Leeds,30/06/2020,1465
E08000035,Leeds,30/06/2021,1467
E08000035,Leeds,30/06/2022,1487
E08000035,Leeds,30/06/2023,1511
E08000035,Leeds,30/06/2024,1532
E08000036,Wakefield,30/06/1991,928
E08000036,Wakefield,30/06/1992,930
E08000036,Wakefield,30/06/1993,928
E08000036,Wakefield,30/06/1994,926
E08000036,Wakefield,30/06/1995,924
E08000036,Wakefield,30/06/1996,923
E08000036,Wakefield,30/06/1997,922
E08000036,Wakefield,30/06/1998,925
E08000036,Wakefield,30/06/1999,927
E08000036,Wakefield,30/06/2000,928
E08000036,Wakefield,30/06/2001,931
E08000036,Wakefield,30/06/2002,934
E08000036,Wakefield,30/06/2003,938
E08000036,Wakefield,30/06/2004,939
E08000036,Wakefield,30/06/2005,941
E08000036,Wakefield,30/06/2006,946
E08000036,Wakefield,30/06/2007,950
E08000036,Wakefield,30/06/2008,955
E08000036,Wakefield,30/06/2009,958
E08000036,Wakefield,30/06/2010,962
E08000036,Wakefield,30/06/2011,964
E08000036,Wakefield,30/06/2012,968
E08000036,Wakefield,30/06/2013,974
E08000036,Wakefield,30/06/2014,979
E08000036,Wakefield,30/06/2015,986
E08000036,Wakefield,30/06/2016,996
E08000036,Wakefield,30/06/2017,1006
E08000036,Wakefield,30/06/2018,1017
E08000036,Wakefield,30/06/2019,1028
E08000036,Wakefield,30/06/2020,1037
E08000036,Wakefield,30/06/2021,1045
E08000036,Wakefield,30/06/2022,1057
E08000036,Wakefield,30/06/2023,1072
E08000036,Wakefield,30/06/2024,1086
E08000037,Gateshead,30/06/1991,1417
E08000037,Gateshead,30/06/1992,1414
E08000037,Gateshead,30/06/1993,1410
E08000037,Gateshead,30/06/1994,1402
E08000037,Gateshead,30/06/1995,1394
E08000037,Gateshead,30/06/1996,1385
E08000037,Gateshead,30/06/1997,1376
E08000037,Gateshead,30/06/1998,1365
E08000037,Gateshead,30/06/1999,1358
E08000037,Gateshead,30/06/2000,1348
E08000037,Gateshead,30/06/2001,1343
E08000037,Gateshead,30/06/2002,1346
E08000037,Gateshead,30/06/2003,1350
E08000037,Gateshead,30/06/2004,1351
E08000037,Gateshead,30/06/2005,1355
E08000037,Gateshead,30/06/2006,1360
E08000037,Gateshead,30/06/2007,1369
E08000037,Gateshead,30/06/2008,1377
E08000037,Gateshead,30/06/2009,1387
E08000037,Gateshead,30/06/2010,1396
E08000037,Gateshead,30/06/2011,1407
E08000037,Gateshead,30/06/2012,1407
E08000037,Gateshead,30/06/2013,1407
E08000037,Gateshead,30/06/2014,1410
E08000037,Gateshead,30/06/2015,1414
E08000037,Gateshead,30/06/2016,1415
E08000037,Gateshead,30/06/2017,1410
E08000037,Gateshead,30/06/2018,1404
E08000037,Gateshead,30/06/2019,1394
E08000037,Gateshead,30/06/2020,1386
E08000037,Gateshead,30/06/2021,1378
E08000037,Gateshead,30/06/2022,1395
E08000037,Gateshead,30/06/2023,1409
E08000037,Gateshead,30/06/2024,1424
E09000001,City of London,30/06/1991,1855
E09000001,City of London,30/06/1992,1788
E09000001,City of London,30/06/1993,1837
E09000001,City of London,30/06/1994,1877
E09000001,City of London,30/06/1995,1899
E09000001,City of London,30/06/1996,1921
E09000001,City of London,30/06/1997,1962
E09000001,City of London,30/06/1998,1979
E09000001,City of London,30/06/1999,2277
E09000001,City of London,30/06/2000,2427
E09000001,City of London,30/06/2001,2546
E09000001,City of London,30/06/2002,2519
E09000001,City of London,30/06/2003,2462
E09000001,City of London,30/06/2004,2463
E09000001,City of London,30/06/2005,2468
E09000001,City of London,30/06/2006,2510
E09000001,City of London,30/06/2007,2632
E09000001,City of London,30/06/2008,2571
E09000001,City of London,30/06/2009,2586
E09000001,City of London,30/06/2010,2539
E09000001,City of London,30/06/2011,2565
E09000001,City of London,30/06/2012,2600
E09000001,City of London,30/06/2013,2608
E09000001,City of London,30/06/2014,2618
E09000001,City of London,30/06/2015,2653
E09000001,City of London,30/06/2016,2677
E09000001,City of London,30/06/2017,2726
E09000001,City of London,30/06/2018,2825
E09000001,City of London,30/06/2019,3033
E09000001,City of London,30/06/2020,2883
E09000001,City of London,30/06/2021,3007
E09000001,City of London,30/06/2022,4019
E09000001,City of London,30/06/2023,4708
E09000001,City of London,30/06/2024,5229
E09000002,Barking and Dagenham,30/06/1991,4307
E09000002,Barking and Dagenham,30/06/1992,4326
E09000002,Barking and Dagenham,30/06/1993,4326
E09000002,Barking and Dagenham,30/06/1994,4342
E09000002,Barking and Dagenham,30/06/1995,4360
E09000002,Barking and Dagenham,30/06/1996,4356
E09000002,Barking and Dagenham,30/06/1997,4385
E09000002,Barking and Dagenham,30/06/1998,4459
E09000002,Barking and Dagenham,30/06/1999,4500
E09000002,Barking and Dagenham,30/06/2000,4540
E09000002,Barking and Dagenham,30/06/2001,4589
E09000002,Barking and Dagenham,30/06/2002,4608
E09000002,Barking and Dagenham,30/06/2003,4604
E09000002,Barking and Dagenham,30/06/2004,4587
E09000002,Barking and Dagenham,30/06/2005,4606
E09000002,Barking and Dagenham,30/06/2006,4630
E09000002,Barking and Dagenham,30/06/2007,4682
E09000002,Barking and Dagenham,30/06/2008,4777
E09000002,Barking and Dagenham,30/06/2009,4919
E09000002,Barking and Dagenham,30/06/2010,5065
E09000002,Barking and Dagenham,30/06/2011,5181
E09000002,Barking and Dagenham,30/06/2012,5303
E09000002,Barking and Dagenham,30/06/2013,5435
E09000002,Barking and Dagenham,30/06/2014,5574
E09000002,Barking and Dagenham,30/06/2015,5719
E09000002,Barking and Dagenham,30/06/2016,5846
E09000002,Barking and Dagenham,30/06/2017,5928
E09000002,Barking and Dagenham,30/06/2018,5991
E09000002,Barking and Dagenham,30/06/2019,6062
E09000002,Barking and Dagenham,30/06/2020,6073
E09000002,Barking and Dagenham,30/06/2021,6058
E09000002,Barking and Dagenham,30/06/2022,6105
E09000002,Barking and Dagenham,30/06/2023,6269
E09000002,Barking and Dagenham,30/06/2024,6447
E09000003,Barnet,30/06/1991,3431
E09000003,Barnet,30/06/1992,3422
E09000003,Barnet,30/06/1993,3418
E09000003,Barnet,30/06/1994,3427
E09000003,Barnet,30/06/1995,3446
E09000003,Barnet,30/06/1996,3492
E09000003,Barnet,30/06/1997,3511
E09000003,Barnet,30/06/1998,3554
E09000003,Barnet,30/06/1999,3613
E09000003,Barnet,30/06/2000,3639
E09000003,Barnet,30/06/2001,3682
E09000003,Barnet,30/06/2002,3694
E09000003,Barnet,30/06/2003,3709
E09000003,Barnet,30/06/2004,3731
E09000003,Barnet,30/06/2005,3775
E09000003,Barnet,30/06/2006,3813
E09000003,Barnet,30/06/2007,3859
E09000003,Barnet,30/06/2008,3909
E09000003,Barnet,30/06/2009,3986
E09000003,Barnet,30/06/2010,4050
E09000003,Barnet,30/06/2011,4121
E09000003,Barnet,30/06/2012,4187
E09000003,Barnet,30/06/2013,4248
E09000003,Barnet,30/06/2014,4309
E09000003,Barnet,30/06/2015,4354
E09000003,Barnet,30/06/2016,4413
E09000003,Barnet,30/06/2017,4427
E09000003,Barnet,30/06/2018,4467
E09000003,Barnet,30/06/2019,4502
E09000003,Barnet,30/06/2020,4507
E09000003,Barnet,30/06/2021,4483
E09000003,Barnet,30/06/2022,4499
E09000003,Barnet,30/06/2023,4589
E09000003,Barnet,30/06/2024,4668
E09000004,Bexley,30/06/1991,3600
E09000004,Bexley,30/06/1992,3600
E09000004,Bexley,30/06/1993,3604
E09000004,Bexley,30/06/1994,3609
E09000004,Bexley,30/06/1995,3608
E09000004,Bexley,30/06/1996,3594
E09000004,Bexley,30/06/1997,3561
E09000004,Bexley,30/06/1998,3571
E09000004,Bexley,30/06/1999,3590
E09000004,Bexley,30/06/2000,3611
E09000004,Bexley,30/06/2001,3612
E09000004,Bexley,30/06/2002,3618
E09000004,Bexley,30/06/2003,3632
E09000004,Bexley,30/06/2004,3647
E09000004,Bexley,30/06/2005,3671
E09000004,Bexley,30/06/2006,3686
E09000004,Bexley,30/06/2007,3708
E09000004,Bexley,30/06/2008,3742
E09000004,Bexley,30/06/2009,3767
E09000004,Bexley,30/06/2010,3809
E09000004,Bexley,30/06/2011,3843
E09000004,Bexley,30/06/2012,3870
E09000004,Bexley,30/06/2013,3899
E09000004,Bexley,30/06/2014,3948
E09000004,Bexley,30/06/2015,3986
E09000004,Bexley,30/06/2016,4028
E09000004,Bexley,30/06/2017,4036
E09000004,Bexley,30/06/2018,4049
E09000004,Bexley,30/06/2019,4072
E09000004,Bexley,30/06/2020,4077
E09000004,Bexley,30/06/2021,4072
E09000004,Bexley,30/06/2022,4092
E09000004,Bexley,30/06/2023,4162
E09000004,Bexley,30/06/2024,4234
E09000005,Brent,30/06/1991,5570
E09000005,Brent,30/06/1992,5557
E09000005,Brent,30/06/1993,5590
E09000005,Brent,30/06/1994,5683
E09000005,Brent,30/06/1995,5744
E09000005,Brent,30/06/1996,5828
E09000005,Brent,30/06/1997,5905
E09000005,Brent,30/06/1998,6011
E09000005,Brent,30/06/1999,6021
E09000005,Brent,30/06/2000,6128
E09000005,Brent,30/06/2001,6236
E09000005,Brent,30/06/2002,6242
E09000005,Brent,30/06/2003,6206
E09000005,Brent,30/06/2004,6206
E09000005,Brent,30/06/2005,6267
E09000005,Brent,30/06/2006,6395
E09000005,Brent,30/06/2007,6552
E09000005,Brent,30/06/2008,6728
E09000005,Brent,30/06/2009,6895
E09000005,Brent,30/06/2010,7049
E09000005,Brent,30/06/2011,7222
E09000005,Brent,30/06/2012,7355
E09000005,Brent,30/06/2013,7502
E09000005,Brent,30/06/2014,7632
E09000005,Brent,30/06/2015,7762
E09000005,Brent,30/06/2016,7853
E09000005,Brent,30/06/2017,7920
E09000005,Brent,30/06/2018,7992
E09000005,Brent,30/06/2019,8036
E09000005,Brent,30/06/2020,7956
E09000005,Brent,30/06/2021,7846
E09000005,Brent,30/06/2022,7899
E09000005,Brent,30/06/2023,8066
E09000005,Brent,30/06/2024,8164
E09000006,Bromley,30/06/1991,1955
E09000006,Bromley,30/06/1992,1945
E09000006,Bromley,30/06/1993,1931
E09000006,Bromley,30/06/1994,1932
E09000006,Bromley,30/06/1995,1932
E09000006,Bromley,30/06/1996,1943
E09000006,Bromley,30/06/1997,1952
E09000006,Bromley,30/06/1998,1943
E09000006,Bromley,30/06/1999,1964
E09000006,Bromley,30/06/2000,1967
E09000006,Bromley,30/06/2001,1973
E09000006,Bromley,30/06/2002,1976
E09000006,Bromley,30/06/2003,1980
E09000006,Bromley,30/06/2004,1980
E09000006,Bromley,30/06/2005,1994
E09000006,Bromley,30/06/2006,2005
E09000006,Bromley,30/06/2007,2016
E09000006,Bromley,30/06/2008,2031
E09000006,Bromley,30/06/2009,2044
E09000006,Bromley,30/06/2010,2055
E09000006,Bromley,30/06/2011,2069
E09000006,Bromley,30/06/2012,2096
E09000006,Bromley,30/06/2013,2122
E09000006,Bromley,30/06/2014,2144
E09000006,Bromley,30/06/2015,2169
E09000006,Bromley,30/06/2016,2183
E09000006,Bromley,30/06/2017,2192
E09000006,Bromley,30/06/2018,2201
E09000006,Bromley,30/06/2019,2206
E09000006,Bromley,30/06/2020,2206
E09000006,Bromley,30/06/2021,2197
E09000006,Bromley,30/06/2022,2198
E09000006,Bromley,30/06/2023,2215
E09000006,Bromley,30/06/2024,2234
E09000007,Camden,30/06/1991,8298
E09000007,Camden,30/06/1992,8225
E09000007,Camden,30/06/1993,8232
E09000007,Camden,30/06/1994,8266
E09000007,Camden,30/06/1995,8378
E09000007,Camden,30/06/1996,8552
E09000007,Camden,30/06/1997,8549
E09000007,Camden,30/06/1998,8445
E09000007,Camden,30/06/1999,8724
E09000007,Camden,30/06/2000,9008
E09000007,Camden,30/06/2001,9301
E09000007,Camden,30/06/2002,9366
E09000007,Camden,30/06/2003,9379
E09000007,Camden,30/06/2004,9520
E09000007,Camden,30/06/2005,9692
E09000007,Camden,30/06/2006,9690
E09000007,Camden,30/06/2007,9712
E09000007,Camden,30/06/2008,9655
E09000007,Camden,30/06/2009,9777
E09000007,Camden,30/06/2010,9859
E09000007,Camden,30/06/2011,10106
E09000007,Camden,30/06/2012,10085
E09000007,Camden,30/06/2013,10164
E09000007,Camden,30/06/2014,10152
E09000007,Camden,30/06/2015,10149
E09000007,Camden,30/06/2016,10149
E09000007,Camden,30/06/2017,10048
E09000007,Camden,30/06/2018,10006
E09000007,Camden,30/06/2019,9970
E09000007,Camden,30/06/2020,9861
E09000007,Camden,30/06/2021,9687
E09000007,Camden,30/06/2022,9980
E09000007,Camden,30/06/2023,9975
E09000007,Camden,30/06/2024,9961
E09000008,Croydon,30/06/1991,3653
E09000008,Croydon,30/06/1992,3668
E09000008,Croydon,30/06/1993,3692
E09000008,Croydon,30/06/1994,3733
E09000008,Croydon,30/06/1995,3780
E09000008,Croydon,30/06/1996,3810
E09000008,Croydon,30/06/1997,3827
E09000008,Croydon,30/06/1998,3852
E09000008,Croydon,30/06/1999,3840
E09000008,Croydon,30/06/2000,3866
E09000008,Croydon,30/06/2001,3876
E09000008,Croydon,30/06/2002,3879
E09000008,Croydon,30/06/2003,3885
E09000008,Croydon,30/06/2004,3899
E09000008,Croydon,30/06/2005,3921
E09000008,Croydon,30/06/2006,3937
E09000008,Croydon,30/06/2007,3979
E09000008,Croydon,30/06/2008,4040
E09000008,Croydon,30/06/2009,4080
E09000008,Croydon,30/06/2010,4140
E09000008,Croydon,30/06/2011,4219
E09000008,Croydon,30/06/2012,4275
E09000008,Croydon,30/06/2013,4329
E09000008,Croydon,30/06/2014,4374
E09000008,Croydon,30/06/2015,4410
E09000008,Croydon,30/06/2016,4445
E09000008,Croydon,30/06/2017,4459
E09000008,Croydon,30/06/2018,4476
E09000008,Croydon,30/06/2019,4518
E09000008,Croydon,30/06/2020,4535
E09000008,Croydon,30/06/2021,4518
E09000008,Croydon,30/06/2022,4551
E09000008,Croydon,30/06/2023,4652
E09000008,Croydon,30/06/2024,4734
E09000009,Ealing,30/06/1991,5109
E09000009,Ealing,30/06/1992,5130
E09000009,Ealing,30/06/1993,5146
E09000009,Ealing,30/06/1994,5156
E09000009,Ealing,30/06/1995,5194
E09000009,Ealing,30/06/1996,5272
E09000009,Ealing,30/06/1997,5293
E09000009,Ealing,30/06/1998,5334
E09000009,Ealing,30/06/1999,5442
E09000009,Ealing,30/06/2000,5480
E09000009,Ealing,30/06/2001,5532
E09000009,Ealing,30/06/2002,5568
E09000009,Ealing,30/06/2003,5547
E09000009,Ealing,30/06/2004,5583
E09000009,Ealing,30/06/2005,5631
E09000009,Ealing,30/06/2006,5677
E09000009,Ealing,30/06/2007,5737
E09000009,Ealing,30/06/2008,5834
E09000009,Ealing,30/06/2009,5941
E09000009,Ealing,30/06/2010,6015
E09000009,Ealing,30/06/2011,6109
E09000009,Ealing,30/06/2012,6209
E09000009,Ealing,30/06/2013,6313
E09000009,Ealing,30/06/2014,6385
E09000009,Ealing,30/06/2015,6466
E09000009,Ealing,30/06/2016,6521
E09000009,Ealing,30/06/2017,6530
E09000009,Ealing,30/06/2018,6557
E09000009,Ealing,30/06/2019,6613
E09000009,Ealing,30/06/2020,6624
E09000009,Ealing,30/06/2021,6603
E09000009,Ealing,30/06/2022,6667
E09000009,Ealing,30/06/2023,6827
E09000009,Ealing,30/06/2024,6949
E09000010,Enfield,30/06/1991,3219
E09000010,Enfield,30/06/1992,3226
E09000010,Enfield,30/06/1993,3227
E09000010,Enfield,30/06/1994,3218
E09000010,Enfield,30/06/1995,3252
E09000010,Enfield,30/06/1996,3280
E09000010,Enfield,30/06/1997,3322
E09000010,Enfield,30/06/1998,3328
E09000010,Enfield,30/06/1999,3375
E09000010,Enfield,30/06/2000,3404
E09000010,Enfield,30/06/2001,3431
E09000010,Enfield,30/06/2002,3475
E09000010,Enfield,30/06/2003,3488
E09000010,Enfield,30/06/2004,3493
E09000010,Enfield,30/06/2005,3524
E09000010,Enfield,30/06/2006,3557
E09000010,Enfield,30/06/2007,3608
E09000010,Enfield,30/06/2008,3681
E09000010,Enfield,30/06/2009,3737
E09000010,Enfield,30/06/2010,3808
E09000010,Enfield,30/06/2011,3885
E09000010,Enfield,30/06/2012,3933
E09000010,Enfield,30/06/2013,3982
E09000010,Enfield,30/06/2014,4039
E09000010,Enfield,30/06/2015,4095
E09000010,Enfield,30/06/2016,4125
E09000010,Enfield,30/06/2017,4122
E09000010,Enfield,30/06/2018,4134
E09000010,Enfield,30/06/2019,4148
E09000010,Enfield,30/06/2020,4123
E09000010,Enfield,30/06/2021,4083
E09000010,Enfield,30/06/2022,4045
E09000010,Enfield,30/06/2023,4060
E09000010,Enfield,30/06/2024,4052
E09000011,Greenwich,30/06/1991,4457
E09000011,Greenwich,30/06/1992,4479
E09000011,Greenwich,30/06/1993,4467
E09000011,Greenwich,30/06/1994,4443
E09000011,Greenwich,30/06/1995,4423
E09000011,Greenwich,30/06/1996,4435
E09000011,Greenwich,30/06/1997,4465
E09000011,Greenwich,30/06/1998,4488
E09000011,Greenwich,30/06/1999,4485
E09000011,Greenwich,30/06/2000,4532
E09000011,Greenwich,30/06/2001,4596
E09000011,Greenwich,30/06/2002,4681
E09000011,Greenwich,30/06/2003,4741
E09000011,Greenwich,30/06/2004,4802
E09000011,Greenwich,30/06/2005,4872
E09000011,Greenwich,30/06/2006,4946
E09000011,Greenwich,30/06/2007,5000
E09000011,Greenwich,30/06/2008,5067
E09000011,Greenwich,30/06/2009,5150
E09000011,Greenwich,30/06/2010,5267
E09000011,Greenwich,30/06/2011,5400
E09000011,Greenwich,30/06/2012,5503
E09000011,Greenwich,30/06/2013,5581
E09000011,Greenwich,30/06/2014,5671
E09000011,Greenwich,30/06/2015,5796
E09000011,Greenwich,30/06/2016,5892
E09000011,Greenwich,30/06/2017,5968
E09000011,Greenwich,30/06/2018,6040
E09000011,Greenwich,30/06/2019,6092
E09000011,Greenwich,30/06/2020,6095
E09000011,Greenwich,30/06/2021,6120
E09000011,Greenwich,30/06/2022,6180
E09000011,Greenwich,30/06/2023,6265
E09000011,Greenwich,30/06/2024,6331
E09000012,Hackney,30/06/1991,9712
E09000012,Hackney,30/06/1992,9810
E09000012,Hackney,30/06/1993,9882
E09000012,Hackney,30/06/1994,9991
E09000012,Hackney,30/06/1995,10127
E09000012,Hackney,30/06/1996,10138
E09000012,Hackney,30/06/1997,10053
E09000012,Hackney,30/06/1998,10224
E09000012,Hackney,30/06/1999,10454
E09000012,Hackney,30/06/2000,10680
E09000012,Hackney,30/06/2001,10882
E09000012,Hackney,30/06/2002,11078
E09000012,Hackney,30/06/2003,11153
E09000012,Hackney,30/06/2004,11215
E09000012,Hackney,30/06/2005,11369
E09000012,Hackney,30/06/2006,11562
E09000012,Hackney,30/06/2007,11787
E09000012,Hackney,30/06/2008,12132
E09000012,Hackney,30/06/2009,12425
E09000012,Hackney,30/06/2010,12694
E09000012,Hackney,30/06/2011,12980
E09000012,Hackney,30/06/2012,13190
E09000012,Hackney,30/06/2013,13424
E09000012,Hackney,30/06/2014,13586
E09000012,Hackney,30/06/2015,13754
E09000012,Hackney,30/06/2016,13909
E09000012,Hackney,30/06/2017,13906
E09000012,Hackney,30/06/2018,13979
E09000012,Hackney,30/06/2019,13958
E09000012,Hackney,30/06/2020,13851
E09000012,Hackney,30/06/2021,13657
E09000012,Hackney,30/06/2022,13748
E09000012,Hackney,30/06/2023,13937
E09000012,Hackney,30/06/2024,14007
E09000013,Hammersmith and Fulham,30/06/1991,9377
E09000013,Hammersmith and Fulham,30/06/1992,9346
E09000013,Hammersmith and Fulham,30/06/1993,9298
E09000013,Hammersmith and Fulham,30/06/1994,9375
E09000013,Hammersmith and Fulham,30/06/1995,9358
E09000013,Hammersmith and Fulham,30/06/1996,9447
E09000013,Hammersmith and Fulham,30/06/1997,9457
E09000013,Hammersmith and Fulham,30/06/1998,9478
E09000013,Hammersmith and Fulham,30/06/1999,9794
E09000013,Hammersmith and Fulham,30/06/2000,10023
E09000013,Hammersmith and Fulham,30/06/2001,10327
E09000013,Hammersmith and Fulham,30/06/2002,10486
E09000013,Hammersmith and Fulham,30/06/2003,10457
E09000013,Hammersmith and Fulham,30/06/2004,10492
E09000013,Hammersmith and Fulham,30/06/2005,10566
E09000013,Hammersmith and Fulham,30/06/2006,10650
E09000013,Hammersmith and Fulham,30/06/2007,10760
E09000013,Hammersmith and Fulham,30/06/2008,10797
E09000013,Hammersmith and Fulham,30/06/2009,10982
E09000013,Hammersmith and Fulham,30/06/2010,11026
E09000013,Hammersmith and Fulham,30/06/2011,11124
E09000013,Hammersmith and Fulham,30/06/2012,11245
E09000013,Hammersmith and Fulham,30/06/2013,11344
E09000013,Hammersmith and Fulham,30/06/2014,11381
E09000013,Hammersmith and Fulham,30/06/2015,11417
E09000013,Hammersmith and Fulham,30/06/2016,11430
E09000013,Hammersmith and Fulham,30/06/2017,11445
E09000013,Hammersmith and Fulham,30/06/2018,11526
E09000013,Hammersmith and Fulham,30/06/2019,11497
E09000013,Hammersmith and Fulham,30/06/2020,11374
E09000013,Hammersmith and Fulham,30/06/2021,11177
E09000013,Hammersmith and Fulham,30/06/2022,11330
E09000013,Hammersmith and Fulham,30/06/2023,11431
E09000013,Hammersmith and Fulham,30/06/2024,11504
E09000014,Haringey,30/06/1991,6993
E09000014,Haringey,30/06/1992,6950
E09000014,Haringey,30/06/1993,6974
E09000014,Haringey,30/06/1994,7007
E09000014,Haringey,30/06/1995,7055
E09000014,Haringey,30/06/1996,7146
E09000014,Haringey,30/06/1997,7265
E09000014,Haringey,30/06/1998,7315
E09000014,Haringey,30/06/1999,7382
E09000014,Haringey,30/06/2000,7426
E09000014,Haringey,30/06/2001,7473
E09000014,Haringey,30/06/2002,7582
E09000014,Haringey,30/06/2003,7601
E09000014,Haringey,30/06/2004,7649
E09000014,Haringey,30/06/2005,7744
E09000014,Haringey,30/06/2006,7876
E09000014,Haringey,30/06/2007,7998
E09000014,Haringey,30/06/2008,8257
E09000014,Haringey,30/06/2009,8438
E09000014,Haringey,30/06/2010,8537
E09000014,Haringey,30/06/2011,8631
E09000014,Haringey,30/06/2012,8759
E09000014,Haringey,30/06/2013,8953
E09000014,Haringey,30/06/2014,9083
E09000014,Haringey,30/06/2015,9219
E09000014,Haringey,30/06/2016,9331
E09000014,Haringey,30/06/2017,9270
E09000014,Haringey,30/06/2018,9263
E09000014,Haringey,30/06/2019,9245
E09000014,Haringey,30/06/2020,9104
E09000014,Haringey,30/06/2021,8928
E09000014,Haringey,30/06/2022,8852
E09000014,Haringey,30/06/2023,8895
E09000014,Haringey,30/06/2024,8912
E09000015,Harrow,30/06/1991,4023
E09000015,Harrow,30/06/1992,4037
E09000015,Harrow,30/06/1993,4088
E09000015,Harrow,30/06/1994,4109
E09000015,Harrow,30/06/1995,4101
E09000015,Harrow,30/06/1996,4106
E09000015,Harrow,30/06/1997,4101
E09000015,Harrow,30/06/1998,4095
E09000015,Harrow,30/06/1999,4120
E09000015,Harrow,30/06/2000,4144
E09000015,Harrow,30/06/2001,4162
E09000015,Harrow,30/06/2002,4208
E09000015,Harrow,30/06/2003,4235
E09000015,Harrow,30/06/2004,4286
E09000015,Harrow,30/06/2005,4381
E09000015,Harrow,30/06/2006,4431
E09000015,Harrow,30/06/2007,4485
E09000015,Harrow,30/06/2008,4549
E09000015,Harrow,30/06/2009,4627
E09000015,Harrow,30/06/2010,4705
E09000015,Harrow,30/06/2011,4766
E09000015,Harrow,30/06/2012,4831
E09000015,Harrow,30/06/2013,4895
E09000015,Harrow,30/06/2014,4986
E09000015,Harrow,30/06/2015,5059
E09000015,Harrow,30/06/2016,5099
E09000015,Harrow,30/06/2017,5110
E09000015,Harrow,30/06/2018,5149
E09000015,Harrow,30/06/2019,5193
E09000015,Harrow,30/06/2020,5197
E09000015,Harrow,30/06/2021,5175
E09000015,Harrow,30/06/2022,5188
E09000015,Harrow,30/06/2023,5289
E09000015,Harrow,30/06/2024,5365
E09000016,Havering,30/06/1991,2056
E09000016,Havering,30/06/1992,2040
E09000016,Havering,30/06/1993,2042
E09000016,Havering,30/06/1994,2036
E09000016,Havering,30/06/1995,2026
E09000016,Havering,30/06/1996,2022
E09000016,Havering,30/06/1997,2012
E09000016,Havering,30/06/1998,1991
E09000016,Havering,30/06/1999,2009
E09000016,Havering,30/06/2000,2004
E09000016,Havering,30/06/2001,2000
E09000016,Havering,30/06/2002,2003
E09000016,Havering,30/06/2003,2005
E09000016,Havering,30/06/2004,2010
E09000016,Havering,30/06/2005,2021
E09000016,Havering,30/06/2006,2031
E09000016,Havering,30/06/2007,2046
E09000016,Havering,30/06/2008,2063
E09000016,Havering,30/06/2009,2084
E09000016,Havering,30/06/2010,2103
E09000016,Havering,30/06/2011,2118
E09000016,Havering,30/06/2012,2136
E09000016,Havering,30/06/2013,2159
E09000016,Havering,30/06/2014,2197
E09000016,Havering,30/06/2015,2229
E09000016,Havering,30/06/2016,2265
E09000016,Havering,30/06/2017,2292
E09000016,Havering,30/06/2018,2308
E09000016,Havering,30/06/2019,2326
E09000016,Havering,30/06/2020,2331
E09000016,Havering,30/06/2021,2333
E09000016,Havering,30/06/2022,2357
E09000016,Havering,30/06/2023,2406
E09000016,Havering,30/06/2024,2459
E09000017,Hillingdon,30/06/1991,2026
E09000017,Hillingdon,30/06/1992,2026
E09000017,Hillingdon,30/06/1993,2037
E09000017,Hillingdon,30/06/1994,2063
E09000017,Hillingdon,30/06/1995,2075
E09000017,Hillingdon,30/06/1996,2091
E09000017,Hillingdon,30/06/1997,2099
E09000017,Hillingdon,30/06/1998,2105
E09000017,Hillingdon,30/06/1999,2118
E09000017,Hillingdon,30/06/2000,2125
E09000017,Hillingdon,30/06/2001,2123
E09000017,Hillingdon,30/06/2002,2135
E09000017,Hillingdon,30/06/2003,2144
E09000017,Hillingdon,30/06/2004,2149
E09000017,Hillingdon,30/06/2005,2173
E09000017,Hillingdon,30/06/2006,2199
E09000017,Hillingdon,30/06/2007,2221
E09000017,Hillingdon,30/06/2008,2256
E09000017,Hillingdon,30/06/2009,2296
E09000017,Hillingdon,30/06/2010,2329
E09000017,Hillingdon,30/06/2011,2381
E09000017,Hillingdon,30/06/2012,2431
E09000017,Hillingdon,30/06/2013,2472
E09000017,Hillingdon,30/06/2014,2508
E09000017,Hillingdon,30/06/2015,2541
E09000017,Hillingdon,30/06/2016,2571
E09000017,Hillingdon,30/06/2017,2588
E09000017,Hillingdon,30/06/2018,2612
E09000017,Hillingdon,30/06/2019,2641
E09000017,Hillingdon,30/06/2020,2649
E09000017,Hillingdon,30/06/2021,2637
E09000017,Hillingdon,30/06/2022,2698
E09000017,Hillingdon,30/06/2023,2783
E09000017,Hillingdon,30/06/2024,2845
E09000018,Hounslow,30/06/1991,3644
E09000018,Hounslow,30/06/1992,3609
E09000018,Hounslow,30/06/1993,3609
E09000018,Hounslow,30/06/1994,3605
E09000018,Hounslow,30/06/1995,3640
E09000018,Hounslow,30/06/1996,3682
E09000018,Hounslow,30/06/1997,3755
E09000018,Hounslow,30/06/1998,3796
E09000018,Hounslow,30/06/1999,3829
E09000018,Hounslow,30/06/2000,3837
E09000018,Hounslow,30/06/2001,3859
E09000018,Hounslow,30/06/2002,3876
E09000018,Hounslow,30/06/2003,3869
E09000018,Hounslow,30/06/2004,3921
E09000018,Hounslow,30/06/2005,3999
E09000018,Hounslow,30/06/2006,4076
E09000018,Hounslow,30/06/2007,4172
E09000018,Hounslow,30/06/2008,4251
E09000018,Hounslow,30/06/2009,4349
E09000018,Hounslow,30/06/2010,4454
E09000018,Hounslow,30/06/2011,4555
E09000018,Hounslow,30/06/2012,4656
E09000018,Hounslow,30/06/2013,4745
E09000018,Hounslow,30/06/2014,4838
E09000018,Hounslow,30/06/2015,4916
E09000018,Hounslow,30/06/2016,4978
E09000018,Hounslow,30/06/2017,5023
E09000018,Hounslow,30/06/2018,5100
E09000018,Hounslow,30/06/2019,5176
E09000018,Hounslow,30/06/2020,5178
E09000018,Hounslow,30/06/2021,5149
E09000018,Hounslow,30/06/2022,5168
E09000018,Hounslow,30/06/2023,5275
E09000018,Hounslow,30/06/2024,5350
E09000019,Islington,30/06/1991,11560
E09000019,Islington,30/06/1992,11621
E09000019,Islington,30/06/1993,11638
E09000019,Islington,30/06/1994,11668
E09000019,Islington,30/06/1995,11645
E09000019,Islington,30/06/1996,11755
E09000019,Islington,30/06/1997,11823
E09000019,Islington,30/06/1998,11977
E09000019,Islington,30/06/1999,11827
E09000019,Islington,30/06/2000,11970
E09000019,Islington,30/06/2001,12074
E09000019,Islington,30/06/2002,12123
E09000019,Islington,30/06/2003,12175
E09000019,Islington,30/06/2004,12171
E09000019,Islington,30/06/2005,12349
E09000019,Islington,30/06/2006,12470
E09000019,Islington,30/06/2007,12696
E09000019,Islington,30/06/2008,12928
E09000019,Islington,30/06/2009,13239
E09000019,Islington,30/06/2010,13470
E09000019,Islington,30/06/2011,13884
E09000019,Islington,30/06/2012,14051
E09000019,Islington,30/06/2013,14309
E09000019,Islington,30/06/2014,14469
E09000019,Islington,30/06/2015,14689
E09000019,Islington,30/06/2016,14849
E09000019,Islington,30/06/2017,14910
E09000019,Islington,30/06/2018,14905
E09000019,Islington,30/06/2019,14941
E09000019,Islington,30/06/2020,14875
E09000019,Islington,30/06/2021,14608
E09000019,Islington,30/06/2022,14791
E09000019,Islington,30/06/2023,14964
E09000019,Islington,30/06/2024,15010
E09000020,Kensington and Chelsea,30/06/1991,11845
E09000020,Kensington and Chelsea,30/06/1992,11730
E09000020,Kensington and Chelsea,30/06/1993,11672
E09000020,Kensington and Chelsea,30/06/1994,11546
E09000020,Kensington and Chelsea,30/06/1995,11596
E09000020,Kensington and Chelsea,30/06/1996,11636
E09000020,Kensington and Chelsea,30/06/1997,11719
E09000020,Kensington and Chelsea,30/06/1998,11805
E09000020,Kensington and Chelsea,30/06/1999,12179
E09000020,Kensington and Chelsea,30/06/2000,12755
E09000020,Kensington and Chelsea,30/06/2001,13377
E09000020,Kensington and Chelsea,30/06/2002,13511
E09000020,Kensington and Chelsea,30/06/2003,13630
E09000020,Kensington and Chelsea,30/06/2004,13670
E09000020,Kensington and Chelsea,30/06/2005,13886
E09000020,Kensington and Chelsea,30/06/2006,13628
E09000020,Kensington and Chelsea,30/06/2007,13433
E09000020,Kensington and Chelsea,30/06/2008,13408
E09000020,Kensington and Chelsea,30/06/2009,13351
E09000020,Kensington and Chelsea,30/06/2010,13233
E09000020,Kensington and Chelsea,30/06/2011,13051
E09000020,Kensington and Chelsea,30/06/2012,12968
E09000020,Kensington and Chelsea,30/06/2013,12933
E09000020,Kensington and Chelsea,30/06/2014,12880
E09000020,Kensington and Chelsea,30/06/2015,12878
E09000020,Kensington and Chelsea,30/06/2016,12594
E09000020,Kensington and Chelsea,30/06/2017,12342
E09000020,Kensington and Chelsea,30/06/2018,12244
E09000020,Kensington and Chelsea,30/06/2019,12107
E09000020,Kensington and Chelsea,30/06/2020,11948
E09000020,Kensington and Chelsea,30/06/2021,11898
E09000020,Kensington and Chelsea,30/06/2022,12068
E09000020,Kensington and Chelsea,30/06/2023,12082
E09000020,Kensington and Chelsea,30/06/2024,11918
E09000021,Kingston upon Thames,30/06/1991,3652
E09000021,Kingston upon Thames,30/06/1992,3654
E09000021,Kingston upon Thames,30/06/1993,3653
E09000021,Kingston upon Thames,30/06/1994,3662
E09000021,Kingston upon Thames,30/06/1995,3698
E09000021,Kingston upon Thames,30/06/1996,3737
E09000021,Kingston upon Thames,30/06/1997,3794
E09000021,Kingston upon Thames,30/06/1998,3859
E09000021,Kingston upon Thames,30/06/1999,3919
E09000021,Kingston upon Thames,30/06/2000,3955
E09000021,Kingston upon Thames,30/06/2001,4001
E09000021,Kingston upon Thames,30/06/2002,4017
E09000021,Kingston upon Thames,30/06/2003,4018
E09000021,Kingston upon Thames,30/06/2004,4055
E09000021,Kingston upon Thames,30/06/2005,4093
E09000021,Kingston upon Thames,30/06/2006,4125
E09000021,Kingston upon Thames,30/06/2007,4147
E09000021,Kingston upon Thames,30/06/2008,4188
E09000021,Kingston upon Thames,30/06/2009,4222
E09000021,Kingston upon Thames,30/06/2010,4258
E09000021,Kingston upon Thames,30/06/2011,4306
E09000021,Kingston upon Thames,30/06/2012,4364
E09000021,Kingston upon Thames,30/06/2013,4413
E09000021,Kingston upon Thames,30/06/2014,4450
E09000021,Kingston upon Thames,30/06/2015,4499
E09000021,Kingston upon Thames,30/06/2016,4526
E09000021,Kingston upon Thames,30/06/2017,4530
E09000021,Kingston upon Thames,30/06/2018,4529
E09000021,Kingston upon Thames,30/06/2019,4558
E09000021,Kingston upon Thames,30/06/2020,4557
E09000021,Kingston upon Thames,30/06/2021,4509
E09000021,Kingston upon Thames,30/06/2022,4538
E09000021,Kingston upon Thames,30/06/2023,4584
E09000021,Kingston upon Thames,30/06/2024,4635
E09000022,Lambeth,30/06/1991,9512
E09000022,Lambeth,30/06/1992,9535
E09000022,Lambeth,30/06/1993,9498
E09000022,Lambeth,30/06/1994,9573
E09000022,Lambeth,30/06/1995,9594
E09000022,Lambeth,30/06/1996,9689
E09000022,Lambeth,30/06/1997,9693
E09000022,Lambeth,30/06/1998,9842
E09000022,Lambeth,30/06/1999,9953
E09000022,Lambeth,30/06/2000,10073
E09000022,Lambeth,30/06/2001,10198
E09000022,Lambeth,30/06/2002,10185
E09000022,Lambeth,30/06/2003,10154
E09000022,Lambeth,30/06/2004,10231
E09000022,Lambeth,30/06/2005,10356
E09000022,Lambeth,30/06/2006,10465
E09000022,Lambeth,30/06/2007,10630
E09000022,Lambeth,30/06/2008,10785
E09000022,Lambeth,30/06/2009,10969
E09000022,Lambeth,30/06/2010,11103
E09000022,Lambeth,30/06/2011,11358
E09000022,Lambeth,30/06/2012,11581
E09000022,Lambeth,30/06/2013,11727
E09000022,Lambeth,30/06/2014,11870
E09000022,Lambeth,30/06/2015,12045
E09000022,Lambeth,30/06/2016,12184
E09000022,Lambeth,30/06/2017,12207
E09000022,Lambeth,30/06/2018,12270
E09000022,Lambeth,30/06/2019,12292
E09000022,Lambeth,30/06/2020,12143
E09000022,Lambeth,30/06/2021,11851
E09000022,Lambeth,30/06/2022,11850
E09000022,Lambeth,30/06/2023,11890
E09000022,Lambeth,30/06/2024,11822
E09000023,Lewisham,30/06/1991,6835
E09000023,Lewisham,30/06/1992,6821
E09000023,Lewisham,30/06/1993,6840
E09000023,Lewisham,30/06/1994,6885
E09000023,Lewisham,30/06/1995,6841
E09000023,Lewisham,30/06/1996,6917
E09000023,Lewisham,30/06/1997,6941
E09000023,Lewisham,30/06/1998,7034
E09000023,Lewisham,30/06/1999,7122
E09000023,Lewisham,30/06/2000,7173
E09000023,Lewisham,30/06/2001,7237
E09000023,Lewisham,30/06/2002,7217
E09000023,Lewisham,30/06/2003,7168
E09000023,Lewisham,30/06/2004,7183
E09000023,Lewisham,30/06/2005,7253
E09000023,Lewisham,30/06/2006,7340
E09000023,Lewisham,30/06/2007,7432
E09000023,Lewisham,30/06/2008,7583
E09000023,Lewisham,30/06/2009,7694
E09000023,Lewisham,30/06/2010,7754
E09000023,Lewisham,30/06/2011,7880
E09000023,Lewisham,30/06/2012,7996
E09000023,Lewisham,30/06/2013,8139
E09000023,Lewisham,30/06/2014,8282
E09000023,Lewisham,30/06/2015,8404
E09000023,Lewisham,30/06/2016,8502
E09000023,Lewisham,30/06/2017,8562
E09000023,Lewisham,30/06/2018,8625
E09000023,Lewisham,30/06/2019,8704
E09000023,Lewisham,30/06/2020,8654
E09000023,Lewisham,30/06/2021,8536
E09000023,Lewisham,30/06/2022,8512
E09000023,Lewisham,30/06/2023,8542
E09000023,Lewisham,30/06/2024,8572
E09000024,Merton,30/06/1991,4543
E09000024,Merton,30/06/1992,4563
E09000024,Merton,30/06/1993,4617
E09000024,Merton,30/06/1994,4671
E09000024,Merton,30/06/1995,4723
E09000024,Merton,30/06/1996,4801
E09000024,Merton,30/06/1997,4829
E09000024,Merton,30/06/1998,4847
E09000024,Merton,30/06/1999,4919
E09000024,Merton,30/06/2000,5002
E09000024,Merton,30/06/2001,5079
E09000024,Merton,30/06/2002,5065
E09000024,Merton,30/06/2003,5031
E09000024,Merton,30/06/2004,5021
E09000024,Merton,30/06/2005,5065
E09000024,Merton,30/06/2006,5117
E09000024,Merton,30/06/2007,5163
E09000024,Merton,30/06/2008,5206
E09000024,Merton,30/06/2009,5266
E09000024,Merton,30/06/2010,5293
E09000024,Merton,30/06/2011,5330
E09000024,Merton,30/06/2012,5453
E09000024,Merton,30/06/2013,5542
E09000024,Merton,30/06/2014,5609
E09000024,Merton,30/06/2015,5682
E09000024,Merton,30/06/2016,5728
E09000024,Merton,30/06/2017,5726
E09000024,Merton,30/06/2018,5746
E09000024,Merton,30/06/2019,5773
E09000024,Merton,30/06/2020,5770
E09000024,Merton,30/06/2021,5726
E09000024,Merton,30/06/2022,5717
E09000024,Merton,30/06/2023,5771
E09000024,Merton,30/06/2024,5808
E09000025,Newham,30/06/1991,5974
E09000025,Newham,30/06/1992,6056
E09000025,Newham,30/06/1993,6141
E09000025,Newham,30/06/1994,6214
E09000025,Newham,30/06/1995,6299
E09000025,Newham,30/06/1996,6352
E09000025,Newham,30/06/1997,6383
E09000025,Newham,30/06/1998,6492
E09000025,Newham,30/06/1999,6645
E09000025,Newham,30/06/2000,6782
E09000025,Newham,30/06/2001,6891
E09000025,Newham,30/06/2002,7053
E09000025,Newham,30/06/2003,7079
E09000025,Newham,30/06/2004,7029
E09000025,Newham,30/06/2005,7012
E09000025,Newham,30/06/2006,7128
E09000025,Newham,30/06/2007,7357
E09000025,Newham,30/06/2008,7638
E09000025,Newham,30/06/2009,7914
E09000025,Newham,30/06/2010,8265
E09000025,Newham,30/06/2011,8577
E09000025,Newham,30/06/2012,8668
E09000025,Newham,30/06/2013,8757
E09000025,Newham,30/06/2014,8923
E09000025,Newham,30/06/2015,9126
E09000025,Newham,30/06/2016,9265
E09000025,Newham,30/06/2017,9347
E09000025,Newham,30/06/2018,9520
E09000025,Newham,30/06/2019,9664
E09000025,Newham,30/06/2020,9670
E09000025,Newham,30/06/2021,9704
E09000025,Newham,30/06/2022,9872
E09000025,Newham,30/06/2023,10172
E09000025,Newham,30/06/2024,10347
E09000026,Redbridge,30/06/1991,3936
E09000026,Redbridge,30/06/1992,3963
E09000026,Redbridge,30/06/1993,3985
E09000026,Redbridge,30/06/1994,4019
E09000026,Redbridge,30/06/1995,4055
E09000026,Redbridge,30/06/1996,4128
E09000026,Redbridge,30/06/1997,4166
E09000026,Redbridge,30/06/1998,4185
E09000026,Redbridge,30/06/1999,4223
E09000026,Redbridge,30/06/2000,4253
E09000026,Redbridge,30/06/2001,4289
E09000026,Redbridge,30/06/2002,4331
E09000026,Redbridge,30/06/2003,4387
E09000026,Redbridge,30/06/2004,4411
E09000026,Redbridge,30/06/2005,4461
E09000026,Redbridge,30/06/2006,4532
E09000026,Redbridge,30/06/2007,4610
E09000026,Redbridge,30/06/2008,4707
E09000026,Redbridge,30/06/2009,4795
E09000026,Redbridge,30/06/2010,4878
E09000026,Redbridge,30/06/2011,4990
E09000026,Redbridge,30/06/2012,5061
E09000026,Redbridge,30/06/2013,5142
E09000026,Redbridge,30/06/2014,5246
E09000026,Redbridge,30/06/2015,5338
E09000026,Redbridge,30/06/2016,5397
E09000026,Redbridge,30/06/2017,5425
E09000026,Redbridge,30/06/2018,5476
E09000026,Redbridge,30/06/2019,5528
E09000026,Redbridge,30/06/2020,5528
E09000026,Redbridge,30/06/2021,5499
E09000026,Redbridge,30/06/2022,5526
E09000026,Redbridge,30/06/2023,5613
E09000026,Redbridge,30/06/2024,5696
E09000027,Richmond upon Thames,30/06/1991,2904
E09000027,Richmond upon Thames,30/06/1992,2878
E09000027,Richmond upon Thames,30/06/1993,2868
E09000027,Richmond upon Thames,30/06/1994,2876
E09000027,Richmond upon Thames,30/06/1995,2904
E09000027,Richmond upon Thames,30/06/1996,2939
E09000027,Richmond upon Thames,30/06/1997,2963
E09000027,Richmond upon Thames,30/06/1998,2961
E09000027,Richmond upon Thames,30/06/1999,3011
E09000027,Richmond upon Thames,30/06/2000,3013
E09000027,Richmond upon Thames,30/06/2001,3037
E09000027,Richmond upon Thames,30/06/2002,3057
E09000027,Richmond upon Thames,30/06/2003,3087
E09000027,Richmond upon Thames,30/06/2004,3125
E09000027,Richmond upon Thames,30/06/2005,3163
E09000027,Richmond upon Thames,30/06/2006,3180
E09000027,Richmond upon Thames,30/06/2007,3179
E09000027,Richmond upon Thames,30/06/2008,3188
E09000027,Richmond upon Thames,30/06/2009,3213
E09000027,Richmond upon Thames,30/06/2010,3246
E09000027,Richmond upon Thames,30/06/2011,3268
E09000027,Richmond upon Thames,30/06/2012,3310
E09000027,Richmond upon Thames,30/06/2013,3352
E09000027,Richmond upon Thames,30/06/2014,3389
E09000027,Richmond upon Thames,30/06/2015,3397
E09000027,Richmond upon Thames,30/06/2016,3420
E09000027,Richmond upon Thames,30/06/2017,3430
E09000027,Richmond upon Thames,30/06/2018,3435
E09000027,Richmond upon Thames,30/06/2019,3453
E09000027,Richmond upon Thames,30/06/2020,3447
E09000027,Richmond upon Thames,30/06/2021,3403
E09000027,Richmond upon Thames,30/06/2022,3403
E09000027,Richmond upon Thames,30/06/2023,3416
E09000027,Richmond upon Thames,30/06/2024,3427
E09000028,Southwark,30/06/1991,7869
E09000028,Southwark,30/06/1992,7910
E09000028,Southwark,30/06/1993,8012
E09000028,Southwark,30/06/1994,8020
E09000028,Southwark,30/06/1995,8203
E09000028,Southwark,30/06/1996,8194
E09000028,Southwark,30/06/1997,8275
E09000028,Southwark,30/06/1998,8385
E09000028,Southwark,30/06/1999,8583
E09000028,Southwark,30/06/2000,8752
E09000028,Southwark,30/06/2001,8890
E09000028,Southwark,30/06/2002,8874
E09000028,Southwark,30/06/2003,8839
E09000028,Southwark,30/06/2004,8909
E09000028,Southwark,30/06/2005,9066
E09000028,Southwark,30/06/2006,9265
E09000028,Southwark,30/06/2007,9441
E09000028,Southwark,30/06/2008,9591
E09000028,Southwark,30/06/2009,9735
E09000028,Southwark,30/06/2010,9827
E09000028,Southwark,30/06/2011,9998
E09000028,Southwark,30/06/2012,10149
E09000028,Southwark,30/06/2013,10315
E09000028,Southwark,30/06/2014,10378
E09000028,Southwark,30/06/2015,10529
E09000028,Southwark,30/06/2016,10621
E09000028,Southwark,30/06/2017,10653
E09000028,Southwark,30/06/2018,10752
E09000028,Southwark,30/06/2019,10825
E09000028,Southwark,30/06/2020,10806
E09000028,Southwark,30/06/2021,10623
E09000028,Southwark,30/06/2022,10712
E09000028,Southwark,30/06/2023,10856
E09000028,Southwark,30/06/2024,10901
E09000029,Sutton,30/06/1991,3879
E09000029,Sutton,30/06/1992,3901
E09000029,Sutton,30/06/1993,3936
E09000029,Sutton,30/06/1994,3944
E09000029,Sutton,30/06/1995,3974
E09000029,Sutton,30/06/1996,4008
E09000029,Sutton,30/06/1997,4037
E09000029,Sutton,30/06/1998,4057
E09000029,Sutton,30/06/1999,4091
E09000029,Sutton,30/06/2000,4116
E09000029,Sutton,30/06/2001,4139
E09000029,Sutton,30/06/2002,4134
E09000029,Sutton,30/06/2003,4134
E09000029,Sutton,30/06/2004,4130
E09000029,Sutton,30/06/2005,4153
E09000029,Sutton,30/06/2006,4171
E09000029,Sutton,30/06/2007,4200
E09000029,Sutton,30/06/2008,4239
E09000029,Sutton,30/06/2009,4292
E09000029,Sutton,30/06/2010,4318
E09000029,Sutton,30/06/2011,4359
E09000029,Sutton,30/06/2012,4424
E09000029,Sutton,30/06/2013,4486
E09000029,Sutton,30/06/2014,4542
E09000029,Sutton,30/06/2015,4589
E09000029,Sutton,30/06/2016,4637
E09000029,Sutton,30/06/2017,4671
E09000029,Sutton,30/06/2018,4705
E09000029,Sutton,30/06/2019,4756
E09000029,Sutton,30/06/2020,4788
E09000029,Sutton,30/06/2021,4781
E09000029,Sutton,30/06/2022,4798
E09000029,Sutton,30/06/2023,4843
E09000029,Sutton,30/06/2024,4893
E09000030,Tower Hamlets,30/06/1991,8413
E09000030,Tower Hamlets,30/06/1992,8460
E09000030,Tower Hamlets,30/06/1993,8550
E09000030,Tower Hamlets,30/06/1994,8676
E09000030,Tower Hamlets,30/06/1995,8862
E09000030,Tower Hamlets,30/06/1996,9119
E09000030,Tower Hamlets,30/06/1997,9349
E09000030,Tower Hamlets,30/06/1998,9504
E09000030,Tower Hamlets,30/06/1999,9787
E09000030,Tower Hamlets,30/06/2000,9971
E09000030,Tower Hamlets,30/06/2001,10171
E09000030,Tower Hamlets,30/06/2002,10471
E09000030,Tower Hamlets,30/06/2003,10553
E09000030,Tower Hamlets,30/06/2004,10680
E09000030,Tower Hamlets,30/06/2005,10793
E09000030,Tower Hamlets,30/06/2006,11046
E09000030,Tower Hamlets,30/06/2007,11393
E09000030,Tower Hamlets,30/06/2008,11729
E09000030,Tower Hamlets,30/06/2009,12164
E09000030,Tower Hamlets,30/06/2010,12570
E09000030,Tower Hamlets,30/06/2011,12949
E09000030,Tower Hamlets,30/06/2012,13248
E09000030,Tower Hamlets,30/06/2013,13671
E09000030,Tower Hamlets,30/06/2014,14013
E09000030,Tower Hamlets,30/06/2015,14297
E09000030,Tower Hamlets,30/06/2016,14618
E09000030,Tower Hamlets,30/06/2017,14846
E09000030,Tower Hamlets,30/06/2018,15176
E09000030,Tower Hamlets,30/06/2019,15430
E09000030,Tower Hamlets,30/06/2020,15517
E09000030,Tower Hamlets,30/06/2021,15817
E09000030,Tower Hamlets,30/06/2022,16432
E09000030,Tower Hamlets,30/06/2023,16648
E09000030,Tower Hamlets,30/06/2024,16787
E09000031,Waltham Forest,30/06/1991,5563
E09000031,Waltham Forest,30/06/1992,5581
E09000031,Waltham Forest,30/06/1993,5616
E09000031,Waltham Forest,30/06/1994,5671
E09000031,Waltham Forest,30/06/1995,5680
E09000031,Waltham Forest,30/06/1996,5669
E09000031,Waltham Forest,30/06/1997,5663
E09000031,Waltham Forest,30/06/1998,5727
E09000031,Waltham Forest,30/06/1999,5696
E09000031,Waltham Forest,30/06/2000,5702
E09000031,Waltham Forest,30/06/2001,5721
E09000031,Waltham Forest,30/06/2002,5766
E09000031,Waltham Forest,30/06/2003,5775
E09000031,Waltham Forest,30/06/2004,5797
E09000031,Waltham Forest,30/06/2005,5842
E09000031,Waltham Forest,30/06/2006,5945
E09000031,Waltham Forest,30/06/2007,6072
E09000031,Waltham Forest,30/06/2008,6238
E09000031,Waltham Forest,30/06/2009,6394
E09000031,Waltham Forest,30/06/2010,6545
E09000031,Waltham Forest,30/06/2011,6693
E09000031,Waltham Forest,30/06/2012,6791
E09000031,Waltham Forest,30/06/2013,6904
E09000031,Waltham Forest,30/06/2014,6973
E09000031,Waltham Forest,30/06/2015,7075
E09000031,Waltham Forest,30/06/2016,7139
E09000031,Waltham Forest,30/06/2017,7166
E09000031,Waltham Forest,30/06/2018,7209
E09000031,Waltham Forest,30/06/2019,7241
E09000031,Waltham Forest,30/06/2020,7202
E09000031,Waltham Forest,30/06/2021,7167
E09000031,Waltham Forest,30/06/2022,7108
E09000031,Waltham Forest,30/06/2023,7176
E09000031,Waltham Forest,30/06/2024,7208
E09000032,Wandsworth,30/06/1991,7646
E09000032,Wandsworth,30/06/1992,7642
E09000032,Wandsworth,30/06/1993,7615
E09000032,Wandsworth,30/06/1994,7627
E09000032,Wandsworth,30/06/1995,7586
E09000032,Wandsworth,30/06/1996,7620
E09000032,Wandsworth,30/06/1997,7607
E09000032,Wandsworth,30/06/1998,7617
E09000032,Wandsworth,30/06/1999,7712
E09000032,Wandsworth,30/06/2000,7813
E09000032,Wandsworth,30/06/2001,7931
E09000032,Wandsworth,30/06/2002,8024
E09000032,Wandsworth,30/06/2003,8080
E09000032,Wandsworth,30/06/2004,8132
E09000032,Wandsworth,30/06/2005,8267
E09000032,Wandsworth,30/06/2006,8392
E09000032,Wandsworth,30/06/2007,8506
E09000032,Wandsworth,30/06/2008,8590
E09000032,Wandsworth,30/06/2009,8737
E09000032,Wandsworth,30/06/2010,8833
E09000032,Wandsworth,30/06/2011,8981
E09000032,Wandsworth,30/06/2012,9114
E09000032,Wandsworth,30/06/2013,9247
E09000032,Wandsworth,30/06/2014,9337
E09000032,Wandsworth,30/06/2015,9417
E09000032,Wandsworth,30/06/2016,9527
E09000032,Wandsworth,30/06/2017,9617
E09000032,Wandsworth,30/06/2018,9663
E09000032,Wandsworth,30/06/2019,9765
E09000032,Wandsworth,30/06/2020,9739
E09000032,Wandsworth,30/06/2021,9586
E09000032,Wandsworth,30/06/2022,9645
E09000032,Wandsworth,30/06/2023,9744
E09000032,Wandsworth,30/06/2024,9855
E09000033,Westminster,30/06/1991,8613
E09000033,Westminster,30/06/1992,8424
E09000033,Westminster,30/06/1993,8234
E09000033,Westminster,30/06/1994,8103
E09000033,Westminster,30/06/1995,8110
E09000033,Westminster,30/06/1996,8309
E09000033,Westminster,30/06/1997,8465
E09000033,Westminster,30/06/1998,8595
E09000033,Westminster,30/06/1999,8809
E09000033,Westminster,30/06/2000,9146
E09000033,Westminster,30/06/2001,9465
E09000033,Westminster,30/06/2002,9687
E09000033,Westminster,30/06/2003,9822
E09000033,Westminster,30/06/2004,9987
E09000033,Westminster,30/06/2005,10387
E09000033,Westminster,30/06/2006,10373
E09000033,Westminster,30/06/2007,10270
E09000033,Westminster,30/06/2008,10179
E09000033,Westminster,30/06/2009,10100
E09000033,Westminster,30/06/2010,10110
E09000033,Westminster,30/06/2011,10221
E09000033,Westminster,30/06/2012,10219
E09000033,Westminster,30/06/2013,10050
E09000033,Westminster,30/06/2014,9977
E09000033,Westminster,30/06/2015,10049
E09000033,Westminster,30/06/2016,9924
E09000033,Westminster,30/06/2017,9797
E09000033,Westminster,30/06/2018,9769
E09000033,Westminster,30/06/2019,9702
E09000033,Westminster,30/06/2020,9572
E09000033,Westminster,30/06/2021,9578
E09000033,Westminster,30/06/2022,9744
E09000033,Westminster,30/06/2023,9806
E09000033,Westminster,30/06/2024,9775
E10000003,Cambridgeshire,30/06/1991,168
E10000003,Cambridgeshire,30/06/1992,169
E10000003,Cambridgeshire,30/06/1993,170
E10000003,Cambridgeshire,30/06/1994,170
E10000003,Cambridgeshire,30/06/1995,172
E10000003,Cambridgeshire,30/06/1996,174
E10000003,Cambridgeshire,30/06/1997,177
E10000003,Cambridgeshire,30/06/1998,179
E10000003,Cambridgeshire,30/06/1999,180
E10000003,Cambridgeshire,30/06/2000,181
E10000003,Cambridgeshire,30/06/2001,182
E10000003,Cambridgeshire,30/06/2002,183
E10000003,Cambridgeshire,30/06/2003,187
E10000003,Cambridgeshire,30/06/2004,189
E10000003,Cambridgeshire,30/06/2005,192
E10000003,Cambridgeshire,30/06/2006,193
E10000003,Cambridgeshire,30/06/2007,195
E10000003,Cambridgeshire,30/06/2008,197
E10000003,Cambridgeshire,30/06/2009,199
E10000003,Cambridgeshire,30/06/2010,202
E10000003,Cambridgeshire,30/06/2011,204
E10000003,Cambridgeshire,30/06/2012,206
E10000003,Cambridgeshire,30/06/2013,208
E10000003,Cambridgeshire,30/06/2014,211
E10000003,Cambridgeshire,30/06/2015,214
E10000003,Cambridgeshire,30/06/2016,216
E10000003,Cambridgeshire,30/06/2017,217
E10000003,Cambridgeshire,30/06/2018,219
E10000003,Cambridgeshire,30/06/2019,220
E10000003,Cambridgeshire,30/06/2020,220
E10000003,Cambridgeshire,30/06/2021,223
E10000003,Cambridgeshire,30/06/2022,227
E10000003,Cambridgeshire,30/06/2023,230
E10000003,Cambridgeshire,30/06/2024,233
E10000007,Derbyshire,30/06/1991,280
E10000007,Derbyshire,30/06/1992,281
E10000007,Derbyshire,30/06/1993,282
E10000007,Derbyshire,30/06/1994,282
E10000007,Derbyshire,30/06/1995,282
E10000007,Derbyshire,30/06/1996,283
E10000007,Derbyshire,30/06/1997,283
E10000007,Derbyshire,30/06/1998,285
E10000007,Derbyshire,30/06/1999,286
E10000007,Derbyshire,30/06/2000,287
E10000007,Derbyshire,30/06/2001,289
E10000007,Derbyshire,30/06/2002,290
E10000007,Derbyshire,30/06/2003,291
E10000007,Derbyshire,30/06/2004,293
E10000007,Derbyshire,30/06/2005,294
E10000007,Derbyshire,30/06/2006,296
E10000007,Derbyshire,30/06/2007,297
E10000007,Derbyshire,30/06/2008,299
E10000007,Derbyshire,30/06/2009,300
E10000007,Derbyshire,30/06/2010,302
E10000007,Derbyshire,30/06/2011,303
E10000007,Derbyshire,30/06/2012,303
E10000007,Derbyshire,30/06/2013,304
E10000007,Derbyshire,30/06/2014,305
E10000007,Derbyshire,30/06/2015,305
E10000007,Derbyshire,30/06/2016,306
E10000007,Derbyshire,30/06/2017,307
E10000007,Derbyshire,30/06/2018,308
E10000007,Derbyshire,30/06/2019,310
E10000007,Derbyshire,30/06/2020,311
E10000007,Derbyshire,30/06/2021,313
E10000007,Derbyshire,30/06/2022,316
E10000007,Derbyshire,30/06/2023,319
E10000007,Derbyshire,30/06/2024,323
E10000008,Devon,30/06/1991,100
E10000008,Devon,30/06/1992,101
E10000008,Devon,30/06/1993,101
E10000008,Devon,30/06/1994,102
E10000008,Devon,30/06/1995,103
E10000008,Devon,30/06/1996,103
E10000008,Devon,30/06/1997,104
E10000008,Devon,30/06/1998,105
E10000008,Devon,30/06/1999,105
E10000008,Devon,30/06/2000,107
E10000008,Devon,30/06/2001,107
E10000008,Devon,30/06/2002,108
E10000008,Devon,30/06/2003,109
E10000008,Devon,30/06/2004,110
E10000008,Devon,30/06/2005,111
E10000008,Devon,30/06/2006,111
E10000008,Devon,30/06/2007,112
E10000008,Devon,30/06/2008,113
E10000008,Devon,30/06/2009,113
E10000008,Devon,30/06/2010,113
E10000008,Devon,30/06/2011,114
E10000008,Devon,30/06/2012,114
E10000008,Devon,30/06/2013,115
E10000008,Devon,30/06/2014,116
E10000008,Devon,30/06/2015,117
E10000008,Devon,30/06/2016,118
E10000008,Devon,30/06/2017,119
E10000008,Devon,30/06/2018,120
E10000008,Devon,30/06/2019,121
E10000008,Devon,30/06/2020,122
E10000008,Devon,30/06/2021,124
E10000008,Devon,30/06/2022,126
E10000008,Devon,30/06/2023,127
E10000008,Devon,30/06/2024,128
E10000011,East Sussex,30/06/1991,274
E10000011,East Sussex,30/06/1992,276
E10000011,East Sussex,30/06/1993,277
E10000011,East Sussex,30/06/1994,279
E10000011,East Sussex,30/06/1995,280
E10000011,East Sussex,30/06/1996,281
E10000011,East Sussex,30/06/1997,282
E10000011,East Sussex,30/06/1998,284
E10000011,East Sussex,30/06/1999,286
E10000011,East Sussex,30/06/2000,288
E10000011,East Sussex,30/06/2001,289
E10000011,East Sussex,30/06/2002,291
E10000011,East Sussex,30/06/2003,293
E10000011,East Sussex,30/06/2004,296
E10000011,East Sussex,30/06/2005,298
E10000011,East Sussex,30/06/2006,299
E10000011,East Sussex,30/06/2007,302
E10000011,East Sussex,30/06/2008,304
E10000011,East Sussex,30/06/2009,305
E10000011,East Sussex,30/06/2010,306
E10000011,East Sussex,30/06/2011,309
E10000011,East Sussex,30/06/2012,310
E10000011,East Sussex,30/06/2013,312
E10000011,East Sussex,30/06/2014,315
E10000011,East Sussex,30/06/2015,316
E10000011,East Sussex,30/06/2016,318
E10000011,East Sussex,30/06/2017,319
E10000011,East Sussex,30/06/2018,319
E10000011,East Sussex,30/06/2019,319
E10000011,East Sussex,30/06/2020,319
E10000011,East Sussex,30/06/2021,320
E10000011,East Sussex,30/06/2022,323
E10000011,East Sussex,30/06/2023,326
E10000011,East Sussex,30/06/2024,328
E10000012,Essex,30/06/1991,361
E10000012,Essex,30/06/1992,362
E10000012,Essex,30/06/1993,363
E10000012,Essex,30/06/1994,365
E10000012,Essex,30/06/1995,367
E10000012,Essex,30/06/1996,368
E10000012,Essex,30/06/1997,370
E10000012,Essex,30/06/1998,371
E10000012,Essex,30/06/1999,374
E10000012,Essex,30/06/2000,377
E10000012,Essex,30/06/2001,380
E10000012,Essex,30/06/2002,381
E10000012,Essex,30/06/2003,383
E10000012,Essex,30/06/2004,386
E10000012,Essex,30/06/2005,389
E10000012,Essex,30/06/2006,392
E10000012,Essex,30/06/2007,394
E10000012,Essex,30/06/2008,397
E10000012,Essex,30/06/2009,399
E10000012,Essex,30/06/2010,402
E10000012,Essex,30/06/2011,404
E10000012,Essex,30/06/2012,407
E10000012,Essex,30/06/2013,410
E10000012,Essex,30/06/2014,415
E10000012,Essex,30/06/2015,419
E10000012,Essex,30/06/2016,422
E10000012,Essex,30/06/2017,425
E10000012,Essex,30/06/2018,427
E10000012,Essex,30/06/2019,431
E10000012,Essex,30/06/2020,432
E10000012,Essex,30/06/2021,436
E10000012,Essex,30/06/2022,439
E10000012,Essex,30/06/2023,446
E10000012,Essex,30/06/2024,452
E10000013,Gloucestershire,30/06/1991,202
E10000013,Gloucestershire,30/06/1992,203
E10000013,Gloucestershire,30/06/1993,204
E10000013,Gloucestershire,30/06/1994,205
E10000013,Gloucestershire,30/06/1995,206
E10000013,Gloucestershire,30/06/1996,208
E10000013,Gloucestershire,30/06/1997,210
E10000013,Gloucestershire,30/06/1998,210
E10000013,Gloucestershire,30/06/1999,212
E10000013,Gloucestershire,30/06/2000,213
E10000013,Gloucestershire,30/06/2001,213
E10000013,Gloucestershire,30/06/2002,214
E10000013,Gloucestershire,30/06/2003,215
E10000013,Gloucestershire,30/06/2004,216
E10000013,Gloucestershire,30/06/2005,217
E10000013,Gloucestershire,30/06/2006,219
E10000013,Gloucestershire,30/06/2007,221
E10000013,Gloucestershire,30/06/2008,222
E10000013,Gloucestershire,30/06/2009,223
E10000013,Gloucestershire,30/06/2010,224
E10000013,Gloucestershire,30/06/2011,226
E10000013,Gloucestershire,30/06/2012,227
E10000013,Gloucestershire,30/06/2013,228
E10000013,Gloucestershire,30/06/2014,230
E10000013,Gloucestershire,30/06/2015,233
E10000013,Gloucestershire,30/06/2016,235
E10000013,Gloucestershire,30/06/2017,237
E10000013,Gloucestershire,30/06/2018,239
E10000013,Gloucestershire,30/06/2019,241
E10000013,Gloucestershire,30/06/2020,242
E10000013,Gloucestershire,30/06/2021,244
E10000013,Gloucestershire,30/06/2022,246
E10000013,Gloucestershire,30/06/2023,249
E10000013,Gloucestershire,30/06/2024,252
E10000014,Hampshire,30/06/1991,320
E10000014,Hampshire,30/06/1992,322
E10000014,Hampshire,30/06/1993,323
E10000014,Hampshire,30/06/1994,325
E10000014,Hampshire,30/06/1995,327
E10000014,Hampshire,30/06/1996,329
E10000014,Hampshire,30/06/1997,331
E10000014,Hampshire,30/06/1998,332
E10000014,Hampshire,30/06/1999,335
E10000014,Hampshire,30/06/2000,336
E10000014,Hampshire,30/06/2001,338
E10000014,Hampshire,30/06/2002,338
E10000014,Hampshire,30/06/2003,340
E10000014,Hampshire,30/06/2004,341
E10000014,Hampshire,30/06/2005,343
E10000014,Hampshire,30/06/2006,346
E10000014,Hampshire,30/06/2007,349
E10000014,Hampshire,30/06/2008,352
E10000014,Hampshire,30/06/2009,354
E10000014,Hampshire,30/06/2010,357
E10000014,Hampshire,30/06/2011,359
E10000014,Hampshire,30/06/2012,362
E10000014,Hampshire,30/06/2013,364
E10000014,Hampshire,30/06/2014,367
E10000014,Hampshire,30/06/2015,369
E10000014,Hampshire,30/06/2016,372
E10000014,Hampshire,30/06/2017,373
E10000014,Hampshire,30/06/2018,375
E10000014,Hampshire,30/06/2019,376
E10000014,Hampshire,30/06/2020,378
E10000014,Hampshire,30/06/2021,382
E10000014,Hampshire,30/06/2022,385
E10000014,Hampshire,30/06/2023,390
E10000014,Hampshire,30/06/2024,393
E10000015,Hertfordshire,30/06/1991,599
E10000015,Hertfordshire,30/06/1992,602
E10000015,Hertfordshire,30/06/1993,603
E10000015,Hertfordshire,30/06/1994,606
E10000015,Hertfordshire,30/06/1995,608
E10000015,Hertfordshire,30/06/1996,610
E10000015,Hertfordshire,30/06/1997,615
E10000015,Hertfordshire,30/06/1998,619
E10000015,Hertfordshire,30/06/1999,623
E10000015,Hertfordshire,30/06/2000,627
E10000015,Hertfordshire,30/06/2001,630
E10000015,Hertfordshire,30/06/2002,633
E10000015,Hertfordshire,30/06/2003,636
E10000015,Hertfordshire,30/06/2004,637
E10000015,Hertfordshire,30/06/2005,642
E10000015,Hertfordshire,30/06/2006,647
E10000015,Hertfordshire,30/06/2007,653
E10000015,Hertfordshire,30/06/2008,661
E10000015,Hertfordshire,30/06/2009,667
E10000015,Hertfordshire,30/06/2010,674
E10000015,Hertfordshire,30/06/2011,682
E10000015,Hertfordshire,30/06/2012,689
E10000015,Hertfordshire,30/06/2013,696
E10000015,Hertfordshire,30/06/2014,704
E10000015,Hertfordshire,30/06/2015,710
E10000015,Hertfordshire,30/06/2016,718
E10000015,Hertfordshire,30/06/2017,721
E10000015,Hertfordshire,30/06/2018,723
E10000015,Hertfordshire,30/06/2019,726
E10000015,Hertfordshire,30/06/2020,729
E10000015,Hertfordshire,30/06/2021,731
E10000015,Hertfordshire,30/06/2022,734
E10000015,Hertfordshire,30/06/2023,743
E10000015,Hertfordshire,30/06/2024,752
E10000016,Kent,30/06/1991,363
E10000016,Kent,30/06/1992,363
E10000016,Kent,30/06/1993,363
E10000016,Kent,30/06/1994,364
E10000016,Kent,30/06/1995,365
E10000016,Kent,30/06/1996,366
E10000016,Kent,30/06/1997,368
E10000016,Kent,30/06/1998,369
E10000016,Kent,30/06/1999,371
E10000016,Kent,30/06/2000,374
E10000016,Kent,30/06/2001,376
E10000016,Kent,30/06/2002,378
E10000016,Kent,30/06/2003,381
E10000016,Kent,30/06/2004,384
E10000016,Kent,30/06/2005,388
E10000016,Kent,30/06/2006,392
E10000016,Kent,30/06/2007,397
E10000016,Kent,30/06/2008,402
E10000016,Kent,30/06/2009,405
E10000016,Kent,30/06/2010,410
E10000016,Kent,30/06/2011,414
E10000016,Kent,30/06/2012,417
E10000016,Kent,30/06/2013,420
E10000016,Kent,30/06/2014,425
E10000016,Kent,30/06/2015,428
E10000016,Kent,30/06/2016,432
E10000016,Kent,30/06/2017,435
E10000016,Kent,30/06/2018,438
E10000016,Kent,30/06/2019,441
E10000016,Kent,30/06/2020,442
E10000016,Kent,30/06/2021,445
E10000016,Kent,30/06/2022,450
E10000016,Kent,30/06/2023,456
E10000016,Kent,30/06/2024,462
E10000017,Lancashire,30/06/1991,386
E10000017,Lancashire,30/06/1992,386
E10000017,Lancashire,30/06/1993,388
E10000017,Lancashire,30/06/1994,388
E10000017,Lancashire,30/06/1995,389
E10000017,Lancashire,30/06/1996,389
E10000017,Lancashire,30/06/1997,390
E10000017,Lancashire,30/06/1998,390
E10000017,Lancashire,30/06/1999,390
E10000017,Lancashire,30/06/2000,391
E10000017,Lancashire,30/06/2001,393
E10000017,Lancashire,30/06/2002,393
E10000017,Lancashire,30/06/2003,395
E10000017,Lancashire,30/06/2004,397
E10000017,Lancashire,30/06/2005,399
E10000017,Lancashire,30/06/2006,400
E10000017,Lancashire,30/06/2007,401
E10000017,Lancashire,30/06/2008,402
E10000017,Lancashire,30/06/2009,402
E10000017,Lancashire,30/06/2010,403
E10000017,Lancashire,30/06/2011,405
E10000017,Lancashire,30/06/2012,406
E10000017,Lancashire,30/06/2013,407
E10000017,Lancashire,30/06/2014,409
E10000017,Lancashire,30/06/2015,411
E10000017,Lancashire,30/06/2016,413
E10000017,Lancashire,30/06/2017,415
E10000017,Lancashire,30/06/2018,418
E10000017,Lancashire,30/06/2019,421
E10000017,Lancashire,30/06/2020,423
E10000017,Lancashire,30/06/2021,427
E10000017,Lancashire,30/06/2022,434
E10000017,Lancashire,30/06/2023,441
E10000017,Lancashire,30/06/2024,447
E10000018,Leicestershire,30/06/1991,275
E10000018,Leicestershire,30/06/1992,279
E10000018,Leicestershire,30/06/1993,281
E10000018,Leicestershire,30/06/1994,281
E10000018,Leicestershire,30/06/1995,283
E10000018,Leicestershire,30/06/1996,285
E10000018,Leicestershire,30/06/1997,286
E10000018,Leicestershire,30/06/1998,285
E10000018,Leicestershire,30/06/1999,289
E10000018,Leicestershire,30/06/2000,291
E10000018,Leicestershire,30/06/2001,293
E10000018,Leicestershire,30/06/2002,295
E10000018,Leicestershire,30/06/2003,297
E10000018,Leicestershire,30/06/2004,299
E10000018,Leicestershire,30/06/2005,300
E10000018,Leicestershire,30/06/2006,302
E10000018,Leicestershire,30/06/2007,305
E10000018,Leicestershire,30/06/2008,307
E10000018,Leicestershire,30/06/2009,308
E10000018,Leicestershire,30/06/2010,310
E10000018,Leicestershire,30/06/2011,313
E10000018,Leicestershire,30/06/2012,315
E10000018,Leicestershire,30/06/2013,316
E10000018,Leicestershire,30/06/2014,319
E10000018,Leicestershire,30/06/2015,322
E10000018,Leicestershire,30/06/2016,326
E10000018,Leicestershire,30/06/2017,330
E10000018,Leicestershire,30/06/2018,334
E10000018,Leicestershire,30/06/2019,336
E10000018,Leicestershire,30/06/2020,339
E10000018,Leicestershire,30/06/2021,342
E10000018,Leicestershire,30/06/2022,347
E10000018,Leicestershire,30/06/2023,353
E10000018,Leicestershire,30/06/2024,358
E10000019,Lincolnshire,30/06/1991,99
E10000019,Lincolnshire,30/06/1992,100
E10000019,Lincolnshire,30/06/1993,101
E10000019,Lincolnshire,30/06/1994,102
E10000019,Lincolnshire,30/06/1995,103
E10000019,Lincolnshire,30/06/1996,104
E10000019,Lincolnshire,30/06/1997,105
E10000019,Lincolnshire,30/06/1998,105
E10000019,Lincolnshire,30/06/1999,107
E10000019,Lincolnshire,30/06/2000,108
E10000019,Lincolnshire,30/06/2001,109
E10000019,Lincolnshire,30/06/2002,110
E10000019,Lincolnshire,30/06/2003,112
E10000019,Lincolnshire,30/06/2004,113
E10000019,Lincolnshire,30/06/2005,114
E10000019,Lincolnshire,30/06/2006,115
E10000019,Lincolnshire,30/06/2007,117
E10000019,Lincolnshire,30/06/2008,118
E10000019,Lincolnshire,30/06/2009,119
E10000019,Lincolnshire,30/06/2010,120
E10000019,Lincolnshire,30/06/2011,120
E10000019,Lincolnshire,30/06/2012,121
E10000019,Lincolnshire,30/06/2013,122
E10000019,Lincolnshire,30/06/2014,123
E10000019,Lincolnshire,30/06/2015,124
E10000019,Lincolnshire,30/06/2016,126
E10000019,Lincolnshire,30/06/2017,127
E10000019,Lincolnshire,30/06/2018,128
E10000019,Lincolnshire,30/06/2019,128
E10000019,Lincolnshire,30/06/2020,129
E10000019,Lincolnshire,30/06/2021,130
E10000019,Lincolnshire,30/06/2022,131
E10000019,Lincolnshire,30/06/2023,132
E10000019,Lincolnshire,30/06/2024,133
E10000020,Norfolk,30/06/1991,140
E10000020,Norfolk,30/06/1992,141
E10000020,Norfolk,30/06/1993,141
E10000020,Norfolk,30/06/1994,142
E10000020,Norfolk,30/06/1995,142
E10000020,Norfolk,30/06/1996,143
E10000020,Norfolk,30/06/1997,144
E10000020,Norfolk,30/06/1998,145
E10000020,Norfolk,30/06/1999,146
E10000020,Norfolk,30/06/2000,147
E10000020,Norfolk,30/06/2001,148
E10000020,Norfolk,30/06/2002,149
E10000020,Norfolk,30/06/2003,150
E10000020,Norfolk,30/06/2004,152
E10000020,Norfolk,30/06/2005,153
E10000020,Norfolk,30/06/2006,154
E10000020,Norfolk,30/06/2007,155
E10000020,Norfolk,30/06/2008,156
E10000020,Norfolk,30/06/2009,157
E10000020,Norfolk,30/06/2010,158
E10000020,Norfolk,30/06/2011,160
E10000020,Norfolk,30/06/2012,161
E10000020,Norfolk,30/06/2013,162
E10000020,Norfolk,30/06/2014,163
E10000020,Norfolk,30/06/2015,164
E10000020,Norfolk,30/06/2016,166
E10000020,Norfolk,30/06/2017,167
E10000020,Norfolk,30/06/2018,168
E10000020,Norfolk,30/06/2019,168
E10000020,Norfolk,30/06/2020,169
E10000020,Norfolk,30/06/2021,171
E10000020,Norfolk,30/06/2022,172
E10000020,Norfolk,30/06/2023,173
E10000020,Norfolk,30/06/2024,175
E10000024,Nottinghamshire,30/06/1991,353
E10000024,Nottinghamshire,30/06/1992,354
E10000024,Nottinghamshire,30/06/1993,356
E10000024,Nottinghamshire,30/06/1994,357
E10000024,Nottinghamshire,30/06/1995,357
E10000024,Nottinghamshire,30/06/1996,357
E10000024,Nottinghamshire,30/06/1997,355
E10000024,Nottinghamshire,30/06/1998,356
E10000024,Nottinghamshire,30/06/1999,357
E10000024,Nottinghamshire,30/06/2000,358
E10000024,Nottinghamshire,30/06/2001,359
E10000024,Nottinghamshire,30/06/2002,361
E10000024,Nottinghamshire,30/06/2003,363
E10000024,Nottinghamshire,30/06/2004,365
E10000024,Nottinghamshire,30/06/2005,367
E10000024,Nottinghamshire,30/06/2006,368
E10000024,Nottinghamshire,30/06/2007,370
E10000024,Nottinghamshire,30/06/2008,372
E10000024,Nottinghamshire,30/06/2009,374
E10000024,Nottinghamshire,30/06/2010,376
E10000024,Nottinghamshire,30/06/2011,377
E10000024,Nottinghamshire,30/06/2012,379
E10000024,Nottinghamshire,30/06/2013,381
E10000024,Nottinghamshire,30/06/2014,383
E10000024,Nottinghamshire,30/06/2015,385
E10000024,Nottinghamshire,30/06/2016,387
E10000024,Nottinghamshire,30/06/2017,390
E10000024,Nottinghamshire,30/06/2018,392
E10000024,Nottinghamshire,30/06/2019,393
E10000024,Nottinghamshire,30/06/2020,394
E10000024,Nottinghamshire,30/06/2021,396
E10000024,Nottinghamshire,30/06/2022,401
E10000024,Nottinghamshire,30/06/2023,406
E10000024,Nottinghamshire,30/06/2024,411
E10000025,Oxfordshire,30/06/1991,221
E10000025,Oxfordshire,30/06/1992,223
E10000025,Oxfordshire,30/06/1993,222
E10000025,Oxfordshire,30/06/1994,223
E10000025,Oxfordshire,30/06/1995,225
E10000025,Oxfordshire,30/06/1996,226
E10000025,Oxfordshire,30/06/1997,228
E10000025,Oxfordshire,30/06/1998,229
E10000025,Oxfordshire,30/06/1999,232
E10000025,Oxfordshire,30/06/2000,233
E10000025,Oxfordshire,30/06/2001,233
E10000025,Oxfordshire,30/06/2002,234
E10000025,Oxfordshire,30/06/2003,236
E10000025,Oxfordshire,30/06/2004,238
E10000025,Oxfordshire,30/06/2005,241
E10000025,Oxfordshire,30/06/2006,242
E10000025,Oxfordshire,30/06/2007,244
E10000025,Oxfordshire,30/06/2008,245
E10000025,Oxfordshire,30/06/2009,247
E10000025,Oxfordshire,30/06/2010,249
E10000025,Oxfordshire,30/06/2011,251
E10000025,Oxfordshire,30/06/2012,254
E10000025,Oxfordshire,30/06/2013,257
E10000025,Oxfordshire,30/06/2014,260
E10000025,Oxfordshire,30/06/2015,262
E10000025,Oxfordshire,30/06/2016,265
E10000025,Oxfordshire,30/06/2017,267
E10000025,Oxfordshire,30/06/2018,270
E10000025,Oxfordshire,30/06/2019,272
E10000025,Oxfordshire,30/06/2020,274
E10000025,Oxfordshire,30/06/2021,279
E10000025,Oxfordshire,30/06/2022,284
E10000025,Oxfordshire,30/06/2023,289
E10000025,Oxfordshire,30/06/2024,293
E10000028,Staffordshire,30/06/1991,302
E10000028,Staffordshire,30/06/1992,303
E10000028,Staffordshire,30/06/1993,303
E10000028,Staffordshire,30/06/1994,304
E10000028,Staffordshire,30/06/1995,304
E10000028,Staffordshire,30/06/1996,304
E10000028,Staffordshire,30/06/1997,306
E10000028,Staffordshire,30/06/1998,307
E10000028,Staffordshire,30/06/1999,307
E10000028,Staffordshire,30/06/2000,307
E10000028,Staffordshire,30/06/2001,308
E10000028,Staffordshire,30/06/2002,309
E10000028,Staffordshire,30/06/2003,311
E10000028,Staffordshire,30/06/2004,312
E10000028,Staffordshire,30/06/2005,314
E10000028,Staffordshire,30/06/2006,316
E10000028,Staffordshire,30/06/2007,318
E10000028,Staffordshire,30/06/2008,320
E10000028,Staffordshire,30/06/2009,321
E10000028,Staffordshire,30/06/2010,323
E10000028,Staffordshire,30/06/2011,324
E10000028,Staffordshire,30/06/2012,325
E10000028,Staffordshire,30/06/2013,326
E10000028,Staffordshire,30/06/2014,327
E10000028,Staffordshire,30/06/2015,327
E10000028,Staffordshire,30/06/2016,329
E10000028,Staffordshire,30/06/2017,330
E10000028,Staffordshire,30/06/2018,331
E10000028,Staffordshire,30/06/2019,332
E10000028,Staffordshire,30/06/2020,333
E10000028,Staffordshire,30/06/2021,335
E10000028,Staffordshire,30/06/2022,338
E10000028,Staffordshire,30/06/2023,343
E10000028,Staffordshire,30/06/2024,346
E10000029,Suffolk,30/06/1991,171
E10000029,Suffolk,30/06/1992,169
E10000029,Suffolk,30/06/1993,169
E10000029,Suffolk,30/06/1994,170
E10000029,Suffolk,30/06/1995,171
E10000029,Suffolk,30/06/1996,173
E10000029,Suffolk,30/06/1997,174
E10000029,Suffolk,30/06/1998,175
E10000029,Suffolk,30/06/1999,176
E10000029,Suffolk,30/06/2000,177
E10000029,Suffolk,30/06/2001,176
E10000029,Suffolk,30/06/2002,178
E10000029,Suffolk,30/06/2003,179
E10000029,Suffolk,30/06/2004,181
E10000029,Suffolk,30/06/2005,184
E10000029,Suffolk,30/06/2006,185
E10000029,Suffolk,30/06/2007,187
E10000029,Suffolk,30/06/2008,188
E10000029,Suffolk,30/06/2009,189
E10000029,Suffolk,30/06/2010,191
E10000029,Suffolk,30/06/2011,192
E10000029,Suffolk,30/06/2012,193
E10000029,Suffolk,30/06/2013,193
E10000029,Suffolk,30/06/2014,195
E10000029,Suffolk,30/06/2015,196
E10000029,Suffolk,30/06/2016,197
E10000029,Suffolk,30/06/2017,198
E10000029,Suffolk,30/06/2018,199
E10000029,Suffolk,30/06/2019,199
E10000029,Suffolk,30/06/2020,199
E10000029,Suffolk,30/06/2021,201
E10000029,Suffolk,30/06/2022,202
E10000029,Suffolk,30/06/2023,205
E10000029,Suffolk,30/06/2024,207
E10000030,Surrey,30/06/1991,615
E10000030,Surrey,30/06/1992,616
E10000030,Surrey,30/06/1993,617
E10000030,Surrey,30/06/1994,618
E10000030,Surrey,30/06/1995,620
E10000030,Surrey,30/06/1996,620
E10000030,Surrey,30/06/1997,625
E10000030,Surrey,30/06/1998,626
E10000030,Surrey,30/06/1999,635
E10000030,Surrey,30/06/2000,636
E10000030,Surrey,30/06/2001,638
E10000030,Surrey,30/06/2002,637
E10000030,Surrey,30/06/2003,639
E10000030,Surrey,30/06/2004,641
E10000030,Surrey,30/06/2005,645
E10000030,Surrey,30/06/2006,651
E10000030,Surrey,30/06/2007,659
E10000030,Surrey,30/06/2008,664
E10000030,Surrey,30/06/2009,670
E10000030,Surrey,30/06/2010,677
E10000030,Surrey,30/06/2011,683
E10000030,Surrey,30/06/2012,689
E10000030,Surrey,30/06/2013,696
E10000030,Surrey,30/06/2014,702
E10000030,Surrey,30/06/2015,706
E10000030,Surrey,30/06/2016,711
E10000030,Surrey,30/06/2017,713
E10000030,Surrey,30/06/2018,714
E10000030,Surrey,30/06/2019,717
E10000030,Surrey,30/06/2020,719
E10000030,Surrey,30/06/2021,725
E10000030,Surrey,30/06/2022,733
E10000030,Surrey,30/06/2023,743
E10000030,Surrey,30/06/2024,751
E10000031,Warwickshire,30/06/1991,247
E10000031,Warwickshire,30/06/1992,248
E10000031,Warwickshire,30/06/1993,248
E10000031,Warwickshire,30/06/1994,249
E10000031,Warwickshire,30/06/1995,250
E10000031,Warwickshire,30/06/1996,250
E10000031,Warwickshire,30/06/1997,252
E10000031,Warwickshire,30/06/1998,253
E10000031,Warwickshire,30/06/1999,253
E10000031,Warwickshire,30/06/2000,254
E10000031,Warwickshire,30/06/2001,256
E10000031,Warwickshire,30/06/2002,259
E10000031,Warwickshire,30/06/2003,261
E10000031,Warwickshire,30/06/2004,263
E10000031,Warwickshire,30/06/2005,265
E10000031,Warwickshire,30/06/2006,268
E10000031,Warwickshire,30/06/2007,271
E10000031,Warwickshire,30/06/2008,273
E10000031,Warwickshire,30/06/2009,274
E10000031,Warwickshire,30/06/2010,276
E10000031,Warwickshire,30/06/2011,277
E10000031,Warwickshire,30/06/2012,279
E10000031,Warwickshire,30/06/2013,280
E10000031,Warwickshire,30/06/2014,282
E10000031,Warwickshire,30/06/2015,284
E10000031,Warwickshire,30/06/2016,287
E10000031,Warwickshire,30/06/2017,290
E10000031,Warwickshire,30/06/2018,293
E10000031,Warwickshire,30/06/2019,296
E10000031,Warwickshire,30/06/2020,298
E10000031,Warwickshire,30/06/2021,303
E10000031,Warwickshire,30/06/2022,308
E10000031,Warwickshire,30/06/2023,314
E10000031,Warwickshire,30/06/2024,320
E10000032,West Sussex,30/06/1991,357
E10000032,West Sussex,30/06/1992,357
E10000032,West Sussex,30/06/1993,358
E10000032,West Sussex,30/06/1994,359
E10000032,West Sussex,30/06/1995,363
E10000032,West Sussex,30/06/1996,366
E10000032,West Sussex,30/06/1997,370
E10000032,West Sussex,30/06/1998,372
E10000032,West Sussex,30/06/1999,376
E10000032,West Sussex,30/06/2000,378
E10000032,West Sussex,30/06/2001,379
E10000032,West Sussex,30/06/2002,380
E10000032,West Sussex,30/06/2003,382
E10000032,West Sussex,30/06/2004,385
E10000032,West Sussex,30/06/2005,387
E10000032,West Sussex,30/06/2006,390
E10000032,West Sussex,30/06/2007,394
E10000032,West Sussex,30/06/2008,397
E10000032,West Sussex,30/06/2009,400
E10000032,West Sussex,30/06/2010,403
E10000032,West Sussex,30/06/2011,406
E10000032,West Sussex,30/06/2012,411
E10000032,West Sussex,30/06/2013,415
E10000032,West Sussex,30/06/2014,419
E10000032,West Sussex,30/06/2015,423
E10000032,West Sussex,30/06/2016,428
E10000032,West Sussex,30/06/2017,432
E10000032,West Sussex,30/06/2018,435
E10000032,West Sussex,30/06/2019,438
E10000032,West Sussex,30/06/2020,440
E10000032,West Sussex,30/06/2021,445
E10000032,West Sussex,30/06/2022,449
E10000032,West Sussex,30/06/2023,454
E10000032,West Sussex,30/06/2024,460
E10000034,Worcestershire,30/06/1991,294
E10000034,Worcestershire,30/06/1992,297
E10000034,Worcestershire,30/06/1993,299
E10000034,Worcestershire,30/06/1994,301
E10000034,Worcestershire,30/06/1995,303
E10000034,Worcestershire,30/06/1996,304
E10000034,Worcestershire,30/06/1997,306
E10000034,Worcestershire,30/06/1998,308
E10000034,Worcestershire,30/06/1999,309
E10000034,Worcestershire,30/06/2000,310
E10000034,Worcestershire,30/06/2001,312
E10000034,Worcestershire,30/06/2002,313
E10000034,Worcestershire,30/06/2003,314
E10000034,Worcestershire,30/06/2004,315
E10000034,Worcestershire,30/06/2005,317
E10000034,Worcestershire,30/06/2006,319
E10000034,Worcestershire,30/06/2007,321
E10000034,Worcestershire,30/06/2008,322
E10000034,Worcestershire,30/06/2009,323
E10000034,Worcestershire,30/06/2010,324
E10000034,Worcestershire,30/06/2011,325
E10000034,Worcestershire,30/06/2012,328
E10000034,Worcestershire,30/06/2013,330
E10000034,Worcestershire,30/06/2014,332
E10000034,Worcestershire,30/06/2015,335
E10000034,Worcestershire,30/06/2016,338
E10000034,Worcestershire,30/06/2017,340
E10000034,Worcestershire,30/06/2018,342
E10000034,Worcestershire,30/06/2019,344
E10000034,Worcestershire,30/06/2020,345
E10000034,Worcestershire,30/06/2021,348
E10000034,Worcestershire,30/06/2022,350
E10000034,Worcestershire,30/06/2023,354
E10000034,Worcestershire,30/06/2024,357
E12000001,North East,30/06/1991,301
E12000001,North East,30/06/1992,302
E12000001,North East,30/06/1993,302
E12000001,North East,30/06/1994,302
E12000001,North East,30/06/1995,301
E12000001,North East,30/06/1996,300
E12000001,North East,30/06/1997,299
E12000001,North East,30/06/1998,298
E12000001,North East,30/06/1999,297
E12000001,North East,30/06/2000,296
E12000001,North East,30/06/2001,296
E12000001,North East,30/06/2002,296
E12000001,North East,30/06/2003,296
E12000001,North East,30/06/2004,296
E12000001,North East,30/06/2005,297
E12000001,North East,30/06/2006,297
E12000001,North East,30/06/2007,299
E12000001,North East,30/06/2008,299
E12000001,North East,30/06/2009,300
E12000001,North East,30/06/2010,301
E12000001,North East,30/06/2011,303
E12000001,North East,30/06/2012,303
E12000001,North East,30/06/2013,303
E12000001,North East,30/06/2014,304
E12000001,North East,30/06/2015,304
E12000001,North East,30/06/2016,305
E12000001,North East,30/06/2017,306
E12000001,North East,30/06/2018,306
E12000001,North East,30/06/2019,307
E12000001,North East,30/06/2020,307
E12000001,North East,30/06/2021,309
E12000001,North East,30/06/2022,313
E12000001,North East,30/06/2023,318
E12000001,North East,30/06/2024,322
E12000002,North West,30/06/1991,485
E12000002,North West,30/06/1992,485
E12000002,North West,30/06/1993,485
E12000002,North West,30/06/1994,485
E12000002,North West,30/06/1995,484
E12000002,North West,30/06/1996,483
E12000002,North West,30/06/1997,482
E12000002,North West,30/06/1998,481
E12000002,North West,30/06/1999,480
E12000002,North West,30/06/2000,480
E12000002,North West,30/06/2001,480
E12000002,North West,30/06/2002,481
E12000002,North West,30/06/2003,483
E12000002,North West,30/06/2004,485
E12000002,North West,30/06/2005,487
E12000002,North West,30/06/2006,489
E12000002,North West,30/06/2007,491
E12000002,North West,30/06/2008,493
E12000002,North West,30/06/2009,495
E12000002,North West,30/06/2010,498
E12000002,North West,30/06/2011,500
E12000002,North West,30/06/2012,502
E12000002,North West,30/06/2013,504
E12000002,North West,30/06/2014,506
E12000002,North West,30/06/2015,509
E12000002,North West,30/06/2016,513
E12000002,North West,30/06/2017,516
E12000002,North West,30/06/2018,518
E12000002,North West,30/06/2019,522
E12000002,North West,30/06/2020,523
E12000002,North West,30/06/2021,526
E12000002,North West,30/06/2022,533
E12000002,North West,30/06/2023,541
E12000002,North West,30/06/2024,548
E12000003,Yorkshire and The Humber,30/06/1991,320
E12000003,Yorkshire and The Humber,30/06/1992,321
E12000003,Yorkshire and The Humber,30/06/1993,322
E12000003,Yorkshire and The Humber,30/06/1994,322
E12000003,Yorkshire and The Humber,30/06/1995,322
E12000003,Yorkshire and The Humber,30/06/1996,322
E12000003,Yorkshire and The Humber,30/06/1997,322
E12000003,Yorkshire and The Humber,30/06/1998,322
E12000003,Yorkshire and The Humber,30/06/1999,322
E12000003,Yorkshire and The Humber,30/06/2000,322
E12000003,Yorkshire and The Humber,30/06/2001,323
E12000003,Yorkshire and The Humber,30/06/2002,325
E12000003,Yorkshire and The Humber,30/06/2003,326
E12000003,Yorkshire and The Humber,30/06/2004,329
E12000003,Yorkshire and The Humber,30/06/2005,332
E12000003,Yorkshire and The Humber,30/06/2006,333
E12000003,Yorkshire and The Humber,30/06/2007,335
E12000003,Yorkshire and The Humber,30/06/2008,337
E12000003,Yorkshire and The Humber,30/06/2009,339
E12000003,Yorkshire and The Humber,30/06/2010,341
E12000003,Yorkshire and The Humber,30/06/2011,343
E12000003,Yorkshire and The Humber,30/06/2012,345
E12000003,Yorkshire and The Humber,30/06/2013,346
E12000003,Yorkshire and The Humber,30/06/2014,348
E12000003,Yorkshire and The Humber,30/06/2015,349
E12000003,Yorkshire and The Humber,30/06/2016,351
E12000003,Yorkshire and The Humber,30/06/2017,352
E12000003,Yorkshire and The Humber,30/06/2018,353
E12000003,Yorkshire and The Humber,30/06/2019,355
E12000003,Yorkshire and The Humber,30/06/2020,355
E12000003,Yorkshire and The Humber,30/06/2021,356
E12000003,Yorkshire and The Humber,30/06/2022,360
E12000003,Yorkshire and The Humber,30/06/2023,364
E12000003,Yorkshire and The Humber,30/06/2024,368
E12000004,East Midlands,30/06/1991,257
E12000004,East Midlands,30/06/1992,258
E12000004,East Midlands,30/06/1993,260
E12000004,East Midlands,30/06/1994,261
E12000004,East Midlands,30/06/1995,262
E12000004,East Midlands,30/06/1996,263
E12000004,East Midlands,30/06/1997,264
E12000004,East Midlands,30/06/1998,265
E12000004,East Midlands,30/06/1999,266
E12000004,East Midlands,30/06/2000,267
E12000004,East Midlands,30/06/2001,268
E12000004,East Midlands,30/06/2002,270
E12000004,East Midlands,30/06/2003,272
E12000004,East Midlands,30/06/2004,275
E12000004,East Midlands,30/06/2005,277
E12000004,East Midlands,30/06/2006,279
E12000004,East Midlands,30/06/2007,282
E12000004,East Midlands,30/06/2008,284
E12000004,East Midlands,30/06/2009,286
E12000004,East Midlands,30/06/2010,288
E12000004,East Midlands,30/06/2011,290
E12000004,East Midlands,30/06/2012,293
E12000004,East Midlands,30/06/2013,295
E12000004,East Midlands,30/06/2014,297
E12000004,East Midlands,30/06/2015,300
E12000004,East Midlands,30/06/2016,303
E12000004,East Midlands,30/06/2017,306
E12000004,East Midlands,30/06/2018,308
E12000004,East Midlands,30/06/2019,310
E12000004,East Midlands,30/06/2020,311
E12000004,East Midlands,30/06/2021,312
E12000004,East Midlands,30/06/2022,316
E12000004,East Midlands,30/06/2023,320
E12000004,East Midlands,30/06/2024,324
E12000005,West Midlands,30/06/1991,402
E12000005,West Midlands,30/06/1992,403
E12000005,West Midlands,30/06/1993,404
E12000005,West Midlands,30/06/1994,404
E12000005,West Midlands,30/06/1995,404
E12000005,West Midlands,30/06/1996,405
E12000005,West Midlands,30/06/1997,405
E12000005,West Midlands,30/06/1998,406
E12000005,West Midlands,30/06/1999,406
E12000005,West Midlands,30/06/2000,405
E12000005,West Midlands,30/06/2001,406
E12000005,West Midlands,30/06/2002,408
E12000005,West Midlands,30/06/2003,410
E12000005,West Midlands,30/06/2004,411
E12000005,West Midlands,30/06/2005,414
E12000005,West Midlands,30/06/2006,417
E12000005,West Midlands,30/06/2007,419
E12000005,West Midlands,30/06/2008,423
E12000005,West Midlands,30/06/2009,425
E12000005,West Midlands,30/06/2010,428
E12000005,West Midlands,30/06/2011,431
E12000005,West Midlands,30/06/2012,434
E12000005,West Midlands,30/06/2013,437
E12000005,West Midlands,30/06/2014,440
E12000005,West Midlands,30/06/2015,443
E12000005,West Midlands,30/06/2016,447
E12000005,West Midlands,30/06/2017,450
E12000005,West Midlands,30/06/2018,453
E12000005,West Midlands,30/06/2019,456
E12000005,West Midlands,30/06/2020,456
E12000005,West Midlands,30/06/2021,458
E12000005,West Midlands,30/06/2022,463
E12000005,West Midlands,30/06/2023,470
E12000005,West Midlands,30/06/2024,476
E12000006,East of England,30/06/1991,268
E12000006,East of England,30/06/1992,269
E12000006,East of England,30/06/1993,270
E12000006,East of England,30/06/1994,271
E12000006,East of England,30/06/1995,272
E12000006,East of England,30/06/1996,274
E12000006,East of England,30/06/1997,276
E12000006,East of England,30/06/1998,277
E12000006,East of England,30/06/1999,279
E12000006,East of England,30/06/2000,281
E12000006,East of England,30/06/2001,283
E12000006,East of England,30/06/2002,284
E12000006,East of England,30/06/2003,286
E12000006,East of England,30/06/2004,288
E12000006,East of England,30/06/2005,291
E12000006,East of England,30/06/2006,293
E12000006,East of England,30/06/2007,296
E12000006,East of England,30/06/2008,299
E12000006,East of England,30/06/2009,301
E12000006,East of England,30/06/2010,304
E12000006,East of England,30/06/2011,307
E12000006,East of England,30/06/2012,309
E12000006,East of England,30/06/2013,312
E12000006,East of England,30/06/2014,316
E12000006,East of England,30/06/2015,319
E12000006,East of England,30/06/2016,322
E12000006,East of England,30/06/2017,324
E12000006,East of England,30/06/2018,326
E12000006,East of England,30/06/2019,328
E12000006,East of England,30/06/2020,329
E12000006,East of England,30/06/2021,332
E12000006,East of England,30/06/2022,335
E12000006,East of England,30/06/2023,340
E12000006,East of England,30/06/2024,344
E12000007,London,30/06/1991,4344
E12000007,London,30/06/1992,4345
E12000007,London,30/06/1993,4354
E12000007,London,30/06/1994,4373
E12000007,London,30/06/1995,4398
E12000007,London,30/06/1996,4437
E12000007,London,30/06/1997,4462
E12000007,London,30/06/1998,4495
E12000007,London,30/06/1999,4551
E12000007,London,30/06/2000,4604
E12000007,London,30/06/2001,4658
E12000007,London,30/06/2002,4693
E12000007,London,30/06/2003,4704
E12000007,London,30/06/2004,4728
E12000007,London,30/06/2005,4783
E12000007,London,30/06/2006,4833
E12000007,London,30/06/2007,4894
E12000007,London,30/06/2008,4970
E12000007,London,30/06/2009,5053
E12000007,London,30/06/2010,5128
E12000007,London,30/06/2011,5219
E12000007,London,30/06/2012,5293
E12000007,London,30/06/2013,5368
E12000007,London,30/06/2014,5437
E12000007,London,30/06/2015,5509
E12000007,London,30/06/2016,5562
E12000007,London,30/06/2017,5583
E12000007,London,30/06/2018,5619
E12000007,London,30/06/2019,5655
E12000007,London,30/06/2020,5641
E12000007,London,30/06/2021,5601
E12000007,London,30/06/2022,5644
E12000007,London,30/06/2023,5725
E12000007,London,30/06/2024,5782
E12000008,South East,30/06/1991,400
E12000008,South East,30/06/1992,401
E12000008,South East,30/06/1993,402
E12000008,South East,30/06/1994,404
E12000008,South East,30/06/1995,407
E12000008,South East,30/06/1996,409
E12000008,South East,30/06/1997,412
E12000008,South East,30/06/1998,414
E12000008,South East,30/06/1999,417
E12000008,South East,30/06/2000,419
E12000008,South East,30/06/2001,421
E12000008,South East,30/06/2002,422
E12000008,South East,30/06/2003,424
E12000008,South East,30/06/2004,426
E12000008,South East,30/06/2005,430
E12000008,South East,30/06/2006,434
E12000008,South East,30/06/2007,438
E12000008,South East,30/06/2008,442
E12000008,South East,30/06/2009,445
E12000008,South East,30/06/2010,450
E12000008,South East,30/06/2011,454
E12000008,South East,30/06/2012,458
E12000008,South East,30/06/2013,462
E12000008,South East,30/06/2014,466
E12000008,South East,30/06/2015,470
E12000008,South East,30/06/2016,475
E12000008,South East,30/06/2017,477
E12000008,South East,30/06/2018,480
E12000008,South East,30/06/2019,482
E12000008,South East,30/06/2020,484
E12000008,South East,30/06/2021,487
E12000008,South East,30/06/2022,493
E12000008,South East,30/06/2023,500
E12000008,South East,30/06/2024,506
E12000009,South West,30/06/1991,197
E12000009,South West,30/06/1992,198
E12000009,South West,30/06/1993,199
E12000009,South West,30/06/1994,200
E12000009,South West,30/06/1995,201
E12000009,South West,30/06/1996,201
E12000009,South West,30/06/1997,203
E12000009,South West,30/06/1998,203
E12000009,South West,30/06/1999,205
E12000009,South West,30/06/2000,206
E12000009,South West,30/06/2001,207
E12000009,South West,30/06/2002,209
E12000009,South West,30/06/2003,210
E12000009,South West,30/06/2004,211
E12000009,South West,30/06/2005,213
E12000009,South West,30/06/2006,215
E12000009,South West,30/06/2007,217
E12000009,South West,30/06/2008,218
E12000009,South West,30/06/2009,219
E12000009,South West,30/06/2010,221
E12000009,South West,30/06/2011,222
E12000009,South West,30/06/2012,224
E12000009,South West,30/06/2013,225
E12000009,South West,30/06/2014,227
E12000009,South West,30/06/2015,230
E12000009,South West,30/06/2016,232
E12000009,South West,30/06/2017,234
E12000009,South West,30/06/2018,235
E12000009,South West,30/06/2019,237
E12000009,South West,30/06/2020,238
E12000009,South West,30/06/2021,240
E12000009,South West,30/06/2022,242
E12000009,South West,30/06/2023,245
E12000009,South West,30/06/2024,247
E47000001,Greater Manchester,30/06/1991,2001
E47000001,Greater Manchester,30/06/1992,1999
E47000001,Greater Manchester,30/06/1993,1999
E47000001,Greater Manchester,30/06/1994,1995
E47000001,Greater Manchester,30/06/1995,1991
E47000001,Greater Manchester,30/06/1996,1984
E47000001,Greater Manchester,30/06/1997,1976
E47000001,Greater Manchester,30/06/1998,1976
E47000001,Greater Manchester,30/06/1999,1971
E47000001,Greater Manchester,30/06/2000,1972
E47000001,Greater Manchester,30/06/2001,1972
E47000001,Greater Manchester,30/06/2002,1977
E47000001,Greater Manchester,30/06/2003,1990
E47000001,Greater Manchester,30/06/2004,1998
E47000001,Greater Manchester,30/06/2005,2010
E47000001,Greater Manchester,30/06/2006,2024
E47000001,Greater Manchester,30/06/2007,2037
E47000001,Greater Manchester,30/06/2008,2053
E47000001,Greater Manchester,30/06/2009,2069
E47000001,Greater Manchester,30/06/2010,2086
E47000001,Greater Manchester,30/06/2011,2105
E47000001,Greater Manchester,30/06/2012,2116
E47000001,Greater Manchester,30/06/2013,2128
E47000001,Greater Manchester,30/06/2014,2143
E47000001,Greater Manchester,30/06/2015,2161
E47000001,Greater Manchester,30/06/2016,2182
E47000001,Greater Manchester,30/06/2017,2198
E47000001,Greater Manchester,30/06/2018,2213
E47000001,Greater Manchester,30/06/2019,2232
E47000001,Greater Manchester,30/06/2020,2238
E47000001,Greater Manchester,30/06/2021,2249
E47000001,Greater Manchester,30/06/2022,2288
E47000001,Greater Manchester,30/06/2023,2324
E47000001,Greater Manchester,30/06/2024,2359
E47000002,South Yorkshire,30/06/1991,831
E47000002,South Yorkshire,30/06/1992,830
E47000002,South Yorkshire,30/06/1993,830
E47000002,South Yorkshire,30/06/1994,827
E47000002,South Yorkshire,30/06/1995,825
E47000002,South Yorkshire,30/06/1996,824
E47000002,South Yorkshire,30/06/1997,823
E47000002,South Yorkshire,30/06/1998,821
E47000002,South Yorkshire,30/06/1999,818
E47000002,South Yorkshire,30/06/2000,816
E47000002,South Yorkshire,30/06/2001,816
E47000002,South Yorkshire,30/06/2002,819
E47000002,South Yorkshire,30/06/2003,823
E47000002,South Yorkshire,30/06/2004,827
E47000002,South Yorkshire,30/06/2005,833
E47000002,South Yorkshire,30/06/2006,838
E47000002,South Yorkshire,30/06/2007,842
E47000002,South Yorkshire,30/06/2008,848
E47000002,South Yorkshire,30/06/2009,853
E47000002,South Yorkshire,30/06/2010,859
E47000002,South Yorkshire,30/06/2011,866
E47000002,South Yorkshire,30/06/2012,869
E47000002,South Yorkshire,30/06/2013,872
E47000002,South Yorkshire,30/06/2014,874
E47000002,South Yorkshire,30/06/2015,876
E47000002,South Yorkshire,30/06/2016,880
E47000002,South Yorkshire,30/06/2017,882
E47000002,South Yorkshire,30/06/2018,885
E47000002,South Yorkshire,30/06/2019,886
E47000002,South Yorkshire,30/06/2020,885
E47000002,South Yorkshire,30/06/2021,886
E47000002,South Yorkshire,30/06/2022,898
E47000002,South Yorkshire,30/06/2023,911
E47000002,South Yorkshire,30/06/2024,922
E47000003,West Yorkshire,30/06/1991,1016
E47000003,West Yorkshire,30/06/1992,1019
E47000003,West Yorkshire,30/06/1993,1021
E47000003,West Yorkshire,30/06/1994,1021
E47000003,West Yorkshire,30/06/1995,1021
E47000003,West Yorkshire,30/06/1996,1022
E47000003,West Yorkshire,30/06/1997,1021
E47000003,West Yorkshire,30/06/1998,1022
E47000003,West Yorkshire,30/06/1999,1021
E47000003,West Yorkshire,30/06/2000,1022
E47000003,West Yorkshire,30/06/2001,1027
E47000003,West Yorkshire,30/06/2002,1032
E47000003,West Yorkshire,30/06/2003,1036
E47000003,West Yorkshire,30/06/2004,1044
E47000003,West Yorkshire,30/06/2005,1056
E47000003,West Yorkshire,30/06/2006,1062
E47000003,West Yorkshire,30/06/2007,1069
E47000003,West Yorkshire,30/06/2008,1077
E47000003,West Yorkshire,30/06/2009,1083
E47000003,West Yorkshire,30/06/2010,1090
E47000003,West Yorkshire,30/06/2011,1098
E47000003,West Yorkshire,30/06/2012,1105
E47000003,West Yorkshire,30/06/2013,1112
E47000003,West Yorkshire,30/06/2014,1118
E47000003,West Yorkshire,30/06/2015,1126
E47000003,West Yorkshire,30/06/2016,1135
E47000003,West Yorkshire,30/06/2017,1141
E47000003,West Yorkshire,30/06/2018,1146
E47000003,West Yorkshire,30/06/2019,1153
E47000003,West Yorkshire,30/06/2020,1156
E47000003,West Yorkshire,30/06/2021,1158
E47000003,West Yorkshire,30/06/2022,1171
E47000003,West Yorkshire,30/06/2023,1187
E47000003,West Yorkshire,30/06/2024,1200
E47000004,Liverpool City Region,30/06/1991,2137
E47000004,Liverpool City Region,30/06/1992,2129
E47000004,Liverpool City Region,30/06/1993,2121
E47000004,Liverpool City Region,30/06/1994,2109
E47000004,Liverpool City Region,30/06/1995,2096
E47000004,Liverpool City Region,30/06/1996,2083
E47000004,Liverpool City Region,30/06/1997,2070
E47000004,Liverpool City Region,30/06/1998,2060
E47000004,Liverpool City Region,30/06/1999,2048
E47000004,Liverpool City Region,30/06/2000,2042
E47000004,Liverpool City Region,30/06/2001,2033
E47000004,Liverpool City Region,30/06/2002,2031
E47000004,Liverpool City Region,30/06/2003,2031
E47000004,Liverpool City Region,30/06/2004,2033
E47000004,Liverpool City Region,30/06/2005,2036
E47000004,Liverpool City Region,30/06/2006,2037
E47000004,Liverpool City Region,30/06/2007,2037
E47000004,Liverpool City Region,30/06/2008,2040
E47000004,Liverpool City Region,30/06/2009,2045
E47000004,Liverpool City Region,30/06/2010,2052
E47000004,Liverpool City Region,30/06/2011,2060
E47000004,Liverpool City Region,30/06/2012,2061
E47000004,Liverpool City Region,30/06/2013,2063
E47000004,Liverpool City Region,30/06/2014,2068
E47000004,Liverpool City Region,30/06/2015,2076
E47000004,Liverpool City Region,30/06/2016,2088
E47000004,Liverpool City Region,30/06/2017,2097
E47000004,Liverpool City Region,30/06/2018,2107
E47000004,Liverpool City Region,30/06/2019,2114
E47000004,Liverpool City Region,30/06/2020,2114
E47000004,Liverpool City Region,30/06/2021,2123
E47000004,Liverpool City Region,30/06/2022,2146
E47000004,Liverpool City Region,30/06/2023,2174
E47000004,Liverpool City Region,30/06/2024,2198
E47000006,Tees Valley,30/06/1991,825
E47000006,Tees Valley,30/06/1992,826
E47000006,Tees Valley,30/06/1993,825
E47000006,Tees Valley,30/06/1994,826
E47000006,Tees Valley,30/06/1995,824
E47000006,Tees Valley,30/06/1996,823
E47000006,Tees Valley,30/06/1997,820
E47000006,Tees Valley,30/06/1998,821
E47000006,Tees Valley,30/06/1999,819
E47000006,Tees Valley,30/06/2000,820
E47000006,Tees Valley,30/06/2001,820
E47000006,Tees Valley,30/06/2002,820
E47000006,Tees Valley,30/06/2003,820
E47000006,Tees Valley,30/06/2004,820
E47000006,Tees Valley,30/06/2005,822
E47000006,Tees Valley,30/06/2006,824
E47000006,Tees Valley,30/06/2007,826
E47000006,Tees Valley,30/06/2008,828
E47000006,Tees Valley,30/06/2009,829
E47000006,Tees Valley,30/06/2010,831
E47000006,Tees Valley,30/06/2011,834
E47000006,Tees Valley,30/06/2012,835
E47000006,Tees Valley,30/06/2013,837
E47000006,Tees Valley,30/06/2014,839
E47000006,Tees Valley,30/06/2015,841
E47000006,Tees Valley,30/06/2016,844
E47000006,Tees Valley,30/06/2017,846
E47000006,Tees Valley,30/06/2018,847
E47000006,Tees Valley,30/06/2019,848
E47000006,Tees Valley,30/06/2020,848
E47000006,Tees Valley,30/06/2021,853
E47000006,Tees Valley,30/06/2022,869
E47000006,Tees Valley,30/06/2023,883
E47000006,Tees Valley,30/06/2024,896
E47000007,West Midlands,30/06/1991,2904
E47000007,West Midlands,30/06/1992,2901
E47000007,West Midlands,30/06/1993,2900
E47000007,West Midlands,30/06/1994,2890
E47000007,West Midlands,30/06/1995,2887
E47000007,West Midlands,30/06/1996,2890
E47000007,West Midlands,30/06/1997,2874
E47000007,West Midlands,30/06/1998,2869
E47000007,West Midlands,30/06/1999,2864
E47000007,West Midlands,30/06/2000,2852
E47000007,West Midlands,30/06/2001,2848
E47000007,West Midlands,30/06/2002,2857
E47000007,West Midlands,30/06/2003,2867
E47000007,West Midlands,30/06/2004,2877
E47000007,West Midlands,30/06/2005,2897
E47000007,West Midlands,30/06/2006,2912
E47000007,West Midlands,30/06/2007,2930
E47000007,West Midlands,30/06/2008,2957
E47000007,West Midlands,30/06/2009,2980
E47000007,West Midlands,30/06/2010,3008
E47000007,West Midlands,30/06/2011,3038
E47000007,West Midlands,30/06/2012,3060
E47000007,West Midlands,30/06/2013,3085
E47000007,West Midlands,30/06/2014,3111
E47000007,West Midlands,30/06/2015,3140
E47000007,West Midlands,30/06/2016,3178
E47000007,West Midlands,30/06/2017,3204
E47000007,West Midlands,30/06/2018,3224
E47000007,West Midlands,30/06/2019,3239
E47000007,West Midlands,30/06/2020,3240
E47000007,West Midlands,30/06/2021,3236
E47000007,West Midlands,30/06/2022,3272
E47000007,West Midlands,30/06/2023,3321
E47000007,West Midlands,30/06/2024,3368
E47000008,Cambridgeshire and Peterborough,30/06/1991,196
E47000008,Cambridgeshire and Peterborough,30/06/1992,198
E47000008,Cambridgeshire and Peterborough,30/06/1993,199
E47000008,Cambridgeshire and Peterborough,30/06/1994,200
E47000008,Cambridgeshire and Peterborough,30/06/1995,201
E47000008,Cambridgeshire and Peterborough,30/06/1996,203
E47000008,Cambridgeshire and Peterborough,30/06/1997,205
E47000008,Cambridgeshire and Peterborough,30/06/1998,207
E47000008,Cambridgeshire and Peterborough,30/06/1999,208
E47000008,Cambridgeshire and Peterborough,30/06/2000,209
E47000008,Cambridgeshire and Peterborough,30/06/2001,210
E47000008,Cambridgeshire and Peterborough,30/06/2002,212
E47000008,Cambridgeshire and Peterborough,30/06/2003,215
E47000008,Cambridgeshire and Peterborough,30/06/2004,218
E47000008,Cambridgeshire and Peterborough,30/06/2005,222
E47000008,Cambridgeshire and Peterborough,30/06/2006,224
E47000008,Cambridgeshire and Peterborough,30/06/2007,226
E47000008,Cambridgeshire and Peterborough,30/06/2008,229
E47000008,Cambridgeshire and Peterborough,30/06/2009,232
E47000008,Cambridgeshire and Peterborough,30/06/2010,235
E47000008,Cambridgeshire and Peterborough,30/06/2011,238
E47000008,Cambridgeshire and Peterborough,30/06/2012,241
E47000008,Cambridgeshire and Peterborough,30/06/2013,244
E47000008,Cambridgeshire and Peterborough,30/06/2014,247
E47000008,Cambridgeshire and Peterborough,30/06/2015,251
E47000008,Cambridgeshire and Peterborough,30/06/2016,254
E47000008,Cambridgeshire and Peterborough,30/06/2017,257
E47000008,Cambridgeshire and Peterborough,30/06/2018,259
E47000008,Cambridgeshire and Peterborough,30/06/2019,260
E47000008,Cambridgeshire and Peterborough,30/06/2020,261
E47000008,Cambridgeshire and Peterborough,30/06/2021,265
E47000008,Cambridgeshire and Peterborough,30/06/2022,268
E47000008,Cambridgeshire and Peterborough,30/06/2023,272
E47000008,Cambridgeshire and Peterborough,30/06/2024,276
E47000009,West of England,30/06/1991,816
E47000009,West of England,30/06/1992,818
E47000009,West of England,30/06/1993,820
E47000009,West of England,30/06/1994,824
E47000009,West of England,30/06/1995,825
E47000009,West of England,30/06/1996,825
E47000009,West of England,30/06/1997,830
E47000009,West of England,30/06/1998,833
E47000009,West of England,30/06/1999,839
E47000009,West of England,30/06/2000,844
E47000009,West of England,30/06/2001,845
E47000009,West of England,30/06/2002,847
E47000009,West of England,30/06/2003,851
E47000009,West of England,30/06/2004,858
E47000009,West of England,30/06/2005,871
E47000009,West of England,30/06/2006,876
E47000009,West of England,30/06/2007,883
E47000009,West of England,30/06/2008,888
E47000009,West of England,30/06/2009,894
E47000009,West of England,30/06/2010,902
E47000009,West of England,30/06/2011,910
E47000009,West of England,30/06/2012,919
E47000009,West of England,30/06/2013,930
E47000009,West of England,30/06/2014,938
E47000009,West of England,30/06/2015,952
E47000009,West of England,30/06/2016,967
E47000009,West of England,30/06/2017,975
E47000009,West of England,30/06/2018,985
E47000009,West of England,30/06/2019,992
E47000009,West of England,30/06/2020,998
E47000009,West of England,30/06/2021,1002
E47000009,West of England,30/06/2022,1019
E47000009,West of England,30/06/2023,1034
E47000009,West of England,30/06/2024,1051
E47000012,York and North Yorkshire,30/06/1991,86
E47000012,York and North Yorkshire,30/06/1992,86
E47000012,York and North Yorkshire,30/06/1993,86
E47000012,York and North Yorkshire,30/06/1994,87
E47000012,York and North Yorkshire,30/06/1995,87
E47000012,York and North Yorkshire,30/06/1996,88
E47000012,York and North Yorkshire,30/06/1997,88
E47000012,York and North Yorkshire,30/06/1998,88
E47000012,York and North Yorkshire,30/06/1999,89
E47000012,York and North Yorkshire,30/06/2000,90
E47000012,York and North Yorkshire,30/06/2001,90
E47000012,York and North Yorkshire,30/06/2002,91
E47000012,York and North Yorkshire,30/06/2003,91
E47000012,York and North Yorkshire,30/06/2004,92
E47000012,York and North Yorkshire,30/06/2005,93
E47000012,York and North Yorkshire,30/06/2006,93
E47000012,York and North Yorkshire,30/06/2007,94
E47000012,York and North Yorkshire,30/06/2008,95
E47000012,York and North Yorkshire,30/06/2009,95
E47000012,York and North Yorkshire,30/06/2010,96
E47000012,York and North Yorkshire,30/06/2011,96
E47000012,York and North Yorkshire,30/06/2012,97
E47000012,York and North Yorkshire,30/06/2013,97
E47000012,York and North Yorkshire,30/06/2014,97
E47000012,York and North Yorkshire,30/06/2015,97
E47000012,York and North Yorkshire,30/06/2016,97
E47000012,York and North Yorkshire,30/06/2017,98
E47000012,York and North Yorkshire,30/06/2018,98
E47000012,York and North Yorkshire,30/06/2019,98
E47000012,York and North Yorkshire,30/06/2020,98
E47000012,York and North Yorkshire,30/06/2021,99
E47000012,York and North Yorkshire,30/06/2022,100
E47000012,York and North Yorkshire,30/06/2023,101
E47000012,York and North Yorkshire,30/06/2024,102
E47000013,East Midlands,30/06/1991,408
E47000013,East Midlands,30/06/1992,409
E47000013,East Midlands,30/06/1993,410
E47000013,East Midlands,30/06/1994,411
E47000013,East Midlands,30/06/1995,411
E47000013,East Midlands,30/06/1996,412
E47000013,East Midlands,30/06/1997,412
E47000013,East Midlands,30/06/1998,413
E47000013,East Midlands,30/06/1999,413
E47000013,East Midlands,30/06/2000,414
E47000013,East Midlands,30/06/2001,415
E47000013,East Midlands,30/06/2002,417
E47000013,East Midlands,30/06/2003,420
E47000013,East Midlands,30/06/2004,422
E47000013,East Midlands,30/06/2005,425
E47000013,East Midlands,30/06/2006,427
E47000013,East Midlands,30/06/2007,430
E47000013,East Midlands,30/06/2008,433
E47000013,East Midlands,30/06/2009,435
E47000013,East Midlands,30/06/2010,439
E47000013,East Midlands,30/06/2011,441
E47000013,East Midlands,30/06/2012,443
E47000013,East Midlands,30/06/2013,446
E47000013,East Midlands,30/06/2014,448
E47000013,East Midlands,30/06/2015,450
E47000013,East Midlands,30/06/2016,453
E47000013,East Midlands,30/06/2017,455
E47000013,East Midlands,30/06/2018,457
E47000013,East Midlands,30/06/2019,459
E47000013,East Midlands,30/06/2020,459
E47000013,East Midlands,30/06/2021,461
E47000013,East Midlands,30/06/2022,466
E47000013,East Midlands,30/06/2023,472
E47000013,East Midlands,30/06/2024,478
E47000014,North East,30/06/1991,248
E47000014,North East,30/06/1992,249
E47000014,North East,30/06/1993,249
E47000014,North East,30/06/1994,248
E47000014,North East,30/06/1995,248
E47000014,North East,30/06/1996,247
E47000014,North East,30/06/1997,246
E47000014,North East,30/06/1998,245
E47000014,North East,30/06/1999,244
E47000014,North East,30/06/2000,243
E47000014,North East,30/06/2001,242
E47000014,North East,30/06/2002,243
E47000014,North East,30/06/2003,243
E47000014,North East,30/06/2004,243
E47000014,North East,30/06/2005,243
E47000014,North East,30/06/2006,244
E47000014,North East,30/06/2007,245
E47000014,North East,30/06/2008,245
E47000014,North East,30/06/2009,246
E47000014,North East,30/06/2010,247
E47000014,North East,30/06/2011,248
E47000014,North East,30/06/2012,249
E47000014,North East,30/06/2013,249
E47000014,North East,30/06/2014,250
E47000014,North East,30/06/2015,250
E47000014,North East,30/06/2016,250
E47000014,North East,30/06/2017,251
E47000014,North East,30/06/2018,251
E47000014,North East,30/06/2019,252
E47000014,North East,30/06/2020,252
E47000014,North East,30/06/2021,253
E47000014,North East,30/06/2022,256
E47000014,North East,30/06/2023,260
E47000014,North East,30/06/2024,263
E47000015,Devon and Torbay,30/06/1991,118
E47000015,Devon and Torbay,30/06/1992,118
E47000015,Devon and Torbay,30/06/1993,119
E47000015,Devon and Torbay,30/06/1994,120
E47000015,Devon and Torbay,30/06/1995,120
E47000015,Devon and Torbay,30/06/1996,121
E47000015,Devon and Torbay,30/06/1997,122
E47000015,Devon and Torbay,30/06/1998,123
E47000015,Devon and Torbay,30/06/1999,124
E47000015,Devon and Torbay,30/06/2000,125
E47000015,Devon and Torbay,30/06/2001,126
E47000015,Devon and Torbay,30/06/2002,127
E47000015,Devon and Torbay,30/06/2003,128
E47000015,Devon and Torbay,30/06/2004,128
E47000015,Devon and Torbay,30/06/2005,129
E47000015,Devon and Torbay,30/06/2006,130
E47000015,Devon and Torbay,30/06/2007,131
E47000015,Devon and Torbay,30/06/2008,132
E47000015,Devon and Torbay,30/06/2009,132
E47000015,Devon and Torbay,30/06/2010,132
E47000015,Devon and Torbay,30/06/2011,133
E47000015,Devon and Torbay,30/06/2012,133
E47000015,Devon and Torbay,30/06/2013,134
E47000015,Devon and Torbay,30/06/2014,135
E47000015,Devon and Torbay,30/06/2015,136
E47000015,Devon and Torbay,30/06/2016,137
E47000015,Devon and Torbay,30/06/2017,139
E47000015,Devon and Torbay,30/06/2018,140
E47000015,Devon and Torbay,30/06/2019,141
E47000015,Devon and Torbay,30/06/2020,142
E47000015,Devon and Torbay,30/06/2021,144
E47000015,Devon and Torbay,30/06/2022,146
E47000015,Devon and Torbay,30/06/2023,147
E47000015,Devon and Torbay,30/06/2024,148
E47000016,Hull and East Yorkshire,30/06/1991,225
E47000016,Hull and East Yorkshire,30/06/1992,227
E47000016,Hull and East Yorkshire,30/06/1993,228
E47000016,Hull and East Yorkshire,30/06/1994,230
E47000016,Hull and East Yorkshire,30/06/1995,231
E47000016,Hull and East Yorkshire,30/06/1996,230
E47000016,Hull and East Yorkshire,30/06/1997,229
E47000016,Hull and East Yorkshire,30/06/1998,229
E47000016,Hull and East Yorkshire,30/06/1999,228
E47000016,Hull and East Yorkshire,30/06/2000,228
E47000016,Hull and East Yorkshire,30/06/2001,228
E47000016,Hull and East Yorkshire,30/06/2002,230
E47000016,Hull and East Yorkshire,30/06/2003,231
E47000016,Hull and East Yorkshire,30/06/2004,234
E47000016,Hull and East Yorkshire,30/06/2005,235
E47000016,Hull and East Yorkshire,30/06/2006,236
E47000016,Hull and East Yorkshire,30/06/2007,237
E47000016,Hull and East Yorkshire,30/06/2008,238
E47000016,Hull and East Yorkshire,30/06/2009,238
E47000016,Hull and East Yorkshire,30/06/2010,238
E47000016,Hull and East Yorkshire,30/06/2011,239
E47000016,Hull and East Yorkshire,30/06/2012,240
E47000016,Hull and East Yorkshire,30/06/2013,240
E47000016,Hull and East Yorkshire,30/06/2014,241
E47000016,Hull and East Yorkshire,30/06/2015,241
E47000016,Hull and East Yorkshire,30/06/2016,243
E47000016,Hull and East Yorkshire,30/06/2017,244
E47000016,Hull and East Yorkshire,30/06/2018,245
E47000016,Hull and East Yorkshire,30/06/2019,246
E47000016,Hull and East Yorkshire,30/06/2020,246
E47000016,Hull and East Yorkshire,30/06/2021,246
E47000016,Hull and East Yorkshire,30/06/2022,249
E47000016,Hull and East Yorkshire,30/06/2023,252
E47000016,Hull and East Yorkshire,30/06/2024,255
E47000017,Greater Lincolnshire,30/06/1991,129
E47000017,Greater Lincolnshire,30/06/1992,130
E47000017,Greater Lincolnshire,30/06/1993,131
E47000017,Greater Lincolnshire,30/06/1994,132
E47000017,Greater Lincolnshire,30/06/1995,133
E47000017,Greater Lincolnshire,30/06/1996,133
E47000017,Greater Lincolnshire,30/06/1997,134
E47000017,Greater Lincolnshire,30/06/1998,134
E47000017,Greater Lincolnshire,30/06/1999,135
E47000017,Greater Lincolnshire,30/06/2000,136
E47000017,Greater Lincolnshire,30/06/2001,137
E47000017,Greater Lincolnshire,30/06/2002,139
E47000017,Greater Lincolnshire,30/06/2003,140
E47000017,Greater Lincolnshire,30/06/2004,142
E47000017,Greater Lincolnshire,30/06/2005,143
E47000017,Greater Lincolnshire,30/06/2006,144
E47000017,Greater Lincolnshire,30/06/2007,146
E47000017,Greater Lincolnshire,30/06/2008,147
E47000017,Greater Lincolnshire,30/06/2009,148
E47000017,Greater Lincolnshire,30/06/2010,149
E47000017,Greater Lincolnshire,30/06/2011,149
E47000017,Greater Lincolnshire,30/06/2012,150
E47000017,Greater Lincolnshire,30/06/2013,151
E47000017,Greater Lincolnshire,30/06/2014,152
E47000017,Greater Lincolnshire,30/06/2015,153
E47000017,Greater Lincolnshire,30/06/2016,154
E47000017,Greater Lincolnshire,30/06/2017,155
E47000017,Greater Lincolnshire,30/06/2018,156
E47000017,Greater Lincolnshire,30/06/2019,156
E47000017,Greater Lincolnshire,30/06/2020,156
E47000017,Greater Lincolnshire,30/06/2021,157
E47000017,Greater Lincolnshire,30/06/2022,158
E47000017,Greater Lincolnshire,30/06/2023,160
E47000017,Greater Lincolnshire,30/06/2024,161
E47000018,Lancashire,30/06/1991,457
E47000018,Lancashire,30/06/1992,458
E47000018,Lancashire,30/06/1993,460
E47000018,Lancashire,30/06/1994,461
E47000018,Lancashire,30/06/1995,461
E47000018,Lancashire,30/06/1996,461
E47000018,Lancashire,30/06/1997,460
E47000018,Lancashire,30/06/1998,461
E47000018,Lancashire,30/06/1999,460
E47000018,Lancashire,30/06/2000,461
E47000018,Lancashire,30/06/2001,462
E47000018,Lancashire,30/06/2002,463
E47000018,Lancashire,30/06/2003,466
E47000018,Lancashire,30/06/2004,468
E47000018,Lancashire,30/06/2005,470
E47000018,Lancashire,30/06/2006,472
E47000018,Lancashire,30/06/2007,473
E47000018,Lancashire,30/06/2008,473
E47000018,Lancashire,30/06/2009,474
E47000018,Lancashire,30/06/2010,475
E47000018,Lancashire,30/06/2011,477
E47000018,Lancashire,30/06/2012,478
E47000018,Lancashire,30/06/2013,480
E47000018,Lancashire,30/06/2014,481
E47000018,Lancashire,30/06/2015,483
E47000018,Lancashire,30/06/2016,486
E47000018,Lancashire,30/06/2017,488
E47000018,Lancashire,30/06/2018,490
E47000018,Lancashire,30/06/2019,494
E47000018,Lancashire,30/06/2020,496
E47000018,Lancashire,30/06/2021,500
E47000018,Lancashire,30/06/2022,507
E47000018,Lancashire,30/06/2023,514
E47000018,Lancashire,30/06/2024,522
E92000001,England,30/06/1991,367
E92000001,England,30/06/1992,368
E92000001,England,30/06/1993,369
E92000001,England,30/06/1994,370
E92000001,England,30/06/1995,371
E92000001,England,30/06/1996,372
E92000001,England,30/06/1997,373
E92000001,England,30/06/1998,375
E92000001,England,30/06/1999,376
E92000001,England,30/06/2000,378
E92000001,England,30/06/2001,379
E92000001,England,30/06/2002,381
E92000001,England,30/06/2003,383
E92000001,England,30/06/2004,385
E92000001,England,30/06/2005,388
E92000001,England,30/06/2006,391
E92000001,England,30/06/2007,394
E92000001,England,30/06/2008,398
E92000001,England,30/06/2009,401
E92000001,England,30/06/2010,404
E92000001,England,30/06/2011,408
E92000001,England,30/06/2012,411
E92000001,England,30/06/2013,414
E92000001,England,30/06/2014,417
E92000001,England,30/06/2015,421
E92000001,England,30/06/2016,424
E92000001,England,30/06/2017,427
E92000001,England,30/06/2018,429
E92000001,England,30/06/2019,432
E92000001,England,30/06/2020,432
E92000001,England,30/06/2021,434
E92000001,England,30/06/2022,439
E92000001,England,30/06/2023,445
E92000001,England,30/06/2024,450
K02000001,United Kingdom,30/06/1991,237
K02000001,United Kingdom,30/06/1992,237
K02000001,United Kingdom,30/06/1993,238
K02000001,United Kingdom,30/06/1994,238
K02000001,United Kingdom,30/06/1995,239
K02000001,United Kingdom,30/06/1996,240
K02000001,United Kingdom,30/06/1997,240
K02000001,United Kingdom,30/06/1998,241
K02000001,United Kingdom,30/06/1999,242
K02000001,United Kingdom,30/06/2000,243
K02000001,United Kingdom,30/06/2001,244
K02000001,United Kingdom,30/06/2002,245
K02000001,United Kingdom,30/06/2003,246
K02000001,United Kingdom,30/06/2004,247
K02000001,United Kingdom,30/06/2005,249
K02000001,United Kingdom,30/06/2006,251
K02000001,United Kingdom,30/06/2007,253
K02000001,United Kingdom,30/06/2008,255
K02000001,United Kingdom,30/06/2009,256
K02000001,United Kingdom,30/06/2010,259
K02000001,United Kingdom,30/06/2011,261
K02000001,United Kingdom,30/06/2012,262
K02000001,United Kingdom,30/06/2013,264
K02000001,United Kingdom,30/06/2014,266
K02000001,United Kingdom,30/06/2015,268
K02000001,United Kingdom,30/06/2016,270
K02000001,United Kingdom,30/06/2017,272
K02000001,United Kingdom,30/06/2018,273
K02000001,United Kingdom,30/06/2019,274
K02000001,United Kingdom,30/06/2020,275
K02000001,United Kingdom,30/06/2021,276
K02000001,United Kingdom,30/06/2022,279
K02000001,United Kingdom,30/06/2023,282
K02000001,United Kingdom,30/06/2024,285
K03000001,Great Britain,30/06/1991,244
K03000001,Great Britain,30/06/1992,244
K03000001,Great Britain,30/06/1993,245
K03000001,Great Britain,30/06/1994,246
K03000001,Great Britain,30/06/1995,246
K03000001,Great Britain,30/06/1996,247
K03000001,Great Britain,30/06/1997,247
K03000001,Great Britain,30/06/1998,248
K03000001,Great Britain,30/06/1999,249
K03000001,Great Britain,30/06/2000,250
K03000001,Great Britain,30/06/2001,251
K03000001,Great Britain,30/06/2002,252
K03000001,Great Britain,30/06/2003,253
K03000001,Great Britain,30/06/2004,254
K03000001,Great Britain,30/06/2005,256
K03000001,Great Britain,30/06/2006,258
K03000001,Great Britain,30/06/2007,260
K03000001,Great Britain,30/06/2008,262
K03000001,Great Britain,30/06/2009,264
K03000001,Great Britain,30/06/2010,266
K03000001,Great Britain,30/06/2011,268
K03000001,Great Britain,30/06/2012,270
K03000001,Great Britain,30/06/2013,272
K03000001,Great Britain,30/06/2014,274
K03000001,Great Britain,30/06/2015,276
K03000001,Great Britain,30/06/2016,278
K03000001,Great Britain,30/06/2017,280
K03000001,Great Britain,30/06/2018,281
K03000001,Great Britain,30/06/2019,283
K03000001,Great Britain,30/06/2020,283
K03000001,Great Britain,30/06/2021,284
K03000001,Great Britain,30/06/2022,287
K03000001,Great Britain,30/06/2023,291
K03000001,Great Britain,30/06/2024,294
K04000001,England and Wales,30/06/1991,336
K04000001,England and Wales,30/06/1992,337
K04000001,England and Wales,30/06/1993,338
K04000001,England and Wales,30/06/1994,338
K04000001,England and Wales,30/06/1995,339
K04000001,England and Wales,30/06/1996,340
K04000001,England and Wales,30/06/1997,341
K04000001,England and Wales,30/06/1998,342
K04000001,England and Wales,30/06/1999,344
K04000001,England and Wales,30/06/2000,345
K04000001,England and Wales,30/06/2001,347
K04000001,England and Wales,30/06/2002,348
K04000001,England and Wales,30/06/2003,350
K04000001,England and Wales,30/06/2004,352
K04000001,England and Wales,30/06/2005,355
K04000001,England and Wales,30/06/2006,357
K04000001,England and Wales,30/06/2007,360
K04000001,England and Wales,30/06/2008,363
K04000001,England and Wales,30/06/2009,366
K04000001,England and Wales,30/06/2010,369
K04000001,England and Wales,30/06/2011,372
K04000001,England and Wales,30/06/2012,375
K04000001,England and Wales,30/06/2013,377
K04000001,England and Wales,30/06/2014,380
K04000001,England and Wales,30/06/2015,383
K04000001,England and Wales,30/06/2016,386
K04000001,England and Wales,30/06/2017,389
K04000001,England and Wales,30/06/2018,391
K04000001,England and Wales,30/06/2019,393
K04000001,England and Wales,30/06/2020,393
K04000001,England and Wales,30/06/2021,395
K04000001,England and Wales,30/06/2022,399
K04000001,England and Wales,30/06/2023,405
K04000001,England and Wales,30/06/2024,409
N09000001,Antrim and Newtownabbey,30/06/2001,225
N09000001,Antrim and Newtownabbey,30/06/2002,227
N09000001,Antrim and Newtownabbey,30/06/2003,228
N09000001,Antrim and Newtownabbey,30/06/2004,229
N09000001,Antrim and Newtownabbey,30/06/2005,232
N09000001,Antrim and Newtownabbey,30/06/2006,233
N09000001,Antrim and Newtownabbey,30/06/2007,236
N09000001,Antrim and Newtownabbey,30/06/2008,238
N09000001,Antrim and Newtownabbey,30/06/2009,241
N09000001,Antrim and Newtownabbey,30/06/2010,242
N09000001,Antrim and Newtownabbey,30/06/2011,243
N09000001,Antrim and Newtownabbey,30/06/2012,244
N09000001,Antrim and Newtownabbey,30/06/2013,245
N09000001,Antrim and Newtownabbey,30/06/2014,246
N09000001,Antrim and Newtownabbey,30/06/2015,248
N09000001,Antrim and Newtownabbey,30/06/2016,249
N09000001,Antrim and Newtownabbey,30/06/2017,250
N09000001,Antrim and Newtownabbey,30/06/2018,252
N09000001,Antrim and Newtownabbey,30/06/2019,254
N09000001,Antrim and Newtownabbey,30/06/2020,255
N09000001,Antrim and Newtownabbey,30/06/2021,255
N09000001,Antrim and Newtownabbey,30/06/2022,256
N09000001,Antrim and Newtownabbey,30/06/2023,258
N09000001,Antrim and Newtownabbey,30/06/2024,259
N09000002,"Armagh City, Banbridge and Craigavon",30/06/2001,132
N09000002,"Armagh City, Banbridge and Craigavon",30/06/2002,133
N09000002,"Armagh City, Banbridge and Craigavon",30/06/2003,134
N09000002,"Armagh City, Banbridge and Craigavon",30/06/2004,135
N09000002,"Armagh City, Banbridge and Craigavon",30/06/2005,137
N09000002,"Armagh City, Banbridge and Craigavon",30/06/2006,140
N09000002,"Armagh City, Banbridge and Craigavon",30/06/2007,142
N09000002,"Armagh City, Banbridge and Craigavon",30/06/2008,145
N09000002,"Armagh City, Banbridge and Craigavon",30/06/2009,147
N09000002,"Armagh City, Banbridge and Craigavon",30/06/2010,148
N09000002,"Armagh City, Banbridge and Craigavon",30/06/2011,150
N09000002,"Armagh City, Banbridge and Craigavon",30/06/2012,151
N09000002,"Armagh City, Banbridge and Craigavon",30/06/2013,153
N09000002,"Armagh City, Banbridge and Craigavon",30/06/2014,154
N09000002,"Armagh City, Banbridge and Craigavon",30/06/2015,156
N09000002,"Armagh City, Banbridge and Craigavon",30/06/2016,158
N09000002,"Armagh City, Banbridge and Craigavon",30/06/2017,159
N09000002,"Armagh City, Banbridge and Craigavon",30/06/2018,161
N09000002,"Armagh City, Banbridge and Craigavon",30/06/2019,162
N09000002,"Armagh City, Banbridge and Craigavon",30/06/2020,163
N09000002,"Armagh City, Banbridge and Craigavon",30/06/2021,164
N09000002,"Armagh City, Banbridge and Craigavon",30/06/2022,165
N09000002,"Armagh City, Banbridge and Craigavon",30/06/2023,166
N09000002,"Armagh City, Banbridge and Craigavon",30/06/2024,166
N09000003,Belfast,30/06/2001,2387
N09000003,Belfast,30/06/2002,2385
N09000003,Belfast,30/06/2003,2376
N09000003,Belfast,30/06/2004,2369
N09000003,Belfast,30/06/2005,2363
N09000003,Belfast,30/06/2006,2367
N09000003,Belfast,30/06/2007,2377
N09000003,Belfast,30/06/2008,2397
N09000003,Belfast,30/06/2009,2409
N09000003,Belfast,30/06/2010,2422
N09000003,Belfast,30/06/2011,2425
N09000003,Belfast,30/06/2012,2428
N09000003,Belfast,30/06/2013,2439
N09000003,Belfast,30/06/2014,2453
N09000003,Belfast,30/06/2015,2470
N09000003,Belfast,30/06/2016,2477
N09000003,Belfast,30/06/2017,2483
N09000003,Belfast,30/06/2018,2496
N09000003,Belfast,30/06/2019,2508
N09000003,Belfast,30/06/2020,2505
N09000003,Belfast,30/06/2021,2505
N09000003,Belfast,30/06/2022,2527
N09000003,Belfast,30/06/2023,2545
N09000003,Belfast,30/06/2024,2559
N09000004,Causeway Coast and Glens,30/06/2001,66
N09000004,Causeway Coast and Glens,30/06/2002,67
N09000004,Causeway Coast and Glens,30/06/2003,68
N09000004,Causeway Coast and Glens,30/06/2004,68
N09000004,Causeway Coast and Glens,30/06/2005,69
N09000004,Causeway Coast and Glens,30/06/2006,69
N09000004,Causeway Coast and Glens,30/06/2007,70
N09000004,Causeway Coast and Glens,30/06/2008,70
N09000004,Causeway Coast and Glens,30/06/2009,70
N09000004,Causeway Coast and Glens,30/06/2010,71
N09000004,Causeway Coast and Glens,30/06/2011,71
N09000004,Causeway Coast and Glens,30/06/2012,71
N09000004,Causeway Coast and Glens,30/06/2013,71
N09000004,Causeway Coast and Glens,30/06/2014,71
N09000004,Causeway Coast and Glens,30/06/2015,72
N09000004,Causeway Coast and Glens,30/06/2016,72
N09000004,Causeway Coast and Glens,30/06/2017,72
N09000004,Causeway Coast and Glens,30/06/2018,72
N09000004,Causeway Coast and Glens,30/06/2019,72
N09000004,Causeway Coast and Glens,30/06/2020,72
N09000004,Causeway Coast and Glens,30/06/2021,71
N09000004,Causeway Coast and Glens,30/06/2022,71
N09000004,Causeway Coast and Glens,30/06/2023,71
N09000004,Causeway Coast and Glens,30/06/2024,71
N09000005,Derry City and Strabane,30/06/2001,115
N09000005,Derry City and Strabane,30/06/2002,115
N09000005,Derry City and Strabane,30/06/2003,116
N09000005,Derry City and Strabane,30/06/2004,116
N09000005,Derry City and Strabane,30/06/2005,116
N09000005,Derry City and Strabane,30/06/2006,117
N09000005,Derry City and Strabane,30/06/2007,117
N09000005,Derry City and Strabane,30/06/2008,118
N09000005,Derry City and Strabane,30/06/2009,118
N09000005,Derry City and Strabane,30/06/2010,118
N09000005,Derry City and Strabane,30/06/2011,118
N09000005,Derry City and Strabane,30/06/2012,119
N09000005,Derry City and Strabane,30/06/2013,119
N09000005,Derry City and Strabane,30/06/2014,119
N09000005,Derry City and Strabane,30/06/2015,120
N09000005,Derry City and Strabane,30/06/2016,120
N09000005,Derry City and Strabane,30/06/2017,120
N09000005,Derry City and Strabane,30/06/2018,120
N09000005,Derry City and Strabane,30/06/2019,121
N09000005,Derry City and Strabane,30/06/2020,121
N09000005,Derry City and Strabane,30/06/2021,121
N09000005,Derry City and Strabane,30/06/2022,121
N09000005,Derry City and Strabane,30/06/2023,121
N09000005,Derry City and Strabane,30/06/2024,122
N09000006,Fermanagh and Omagh,30/06/2001,37
N09000006,Fermanagh and Omagh,30/06/2002,37
N09000006,Fermanagh and Omagh,30/06/2003,37
N09000006,Fermanagh and Omagh,30/06/2004,38
N09000006,Fermanagh and Omagh,30/06/2005,38
N09000006,Fermanagh and Omagh,30/06/2006,38
N09000006,Fermanagh and Omagh,30/06/2007,39
N09000006,Fermanagh and Omagh,30/06/2008,39
N09000006,Fermanagh and Omagh,30/06/2009,39
N09000006,Fermanagh and Omagh,30/06/2010,39
N09000006,Fermanagh and Omagh,30/06/2011,40
N09000006,Fermanagh and Omagh,30/06/2012,40
N09000006,Fermanagh and Omagh,30/06/2013,40
N09000006,Fermanagh and Omagh,30/06/2014,40
N09000006,Fermanagh and Omagh,30/06/2015,40
N09000006,Fermanagh and Omagh,30/06/2016,40
N09000006,Fermanagh and Omagh,30/06/2017,40
N09000006,Fermanagh and Omagh,30/06/2018,41
N09000006,Fermanagh and Omagh,30/06/2019,41
N09000006,Fermanagh and Omagh,30/06/2020,41
N09000006,Fermanagh and Omagh,30/06/2021,41
N09000006,Fermanagh and Omagh,30/06/2022,41
N09000006,Fermanagh and Omagh,30/06/2023,41
N09000006,Fermanagh and Omagh,30/06/2024,41
N09000007,Lisburn and Castlereagh,30/06/2001,246
N09000007,Lisburn and Castlereagh,30/06/2002,247
N09000007,Lisburn and Castlereagh,30/06/2003,247
N09000007,Lisburn and Castlereagh,30/06/2004,249
N09000007,Lisburn and Castlereagh,30/06/2005,251
N09000007,Lisburn and Castlereagh,30/06/2006,253
N09000007,Lisburn and Castlereagh,30/06/2007,255
N09000007,Lisburn and Castlereagh,30/06/2008,258
N09000007,Lisburn and Castlereagh,30/06/2009,262
N09000007,Lisburn and Castlereagh,30/06/2010,265
N09000007,Lisburn and Castlereagh,30/06/2011,267
N09000007,Lisburn and Castlereagh,30/06/2012,270
N09000007,Lisburn and Castlereagh,30/06/2013,271
N09000007,Lisburn and Castlereagh,30/06/2014,275
N09000007,Lisburn and Castlereagh,30/06/2015,279
N09000007,Lisburn and Castlereagh,30/06/2016,281
N09000007,Lisburn and Castlereagh,30/06/2017,284
N09000007,Lisburn and Castlereagh,30/06/2018,288
N09000007,Lisburn and Castlereagh,30/06/2019,292
N09000007,Lisburn and Castlereagh,30/06/2020,293
N09000007,Lisburn and Castlereagh,30/06/2021,295
N09000007,Lisburn and Castlereagh,30/06/2022,296
N09000007,Lisburn and Castlereagh,30/06/2023,298
N09000007,Lisburn and Castlereagh,30/06/2024,300
N09000008,Mid and East Antrim,30/06/2001,120
N09000008,Mid and East Antrim,30/06/2002,121
N09000008,Mid and East Antrim,30/06/2003,122
N09000008,Mid and East Antrim,30/06/2004,123
N09000008,Mid and East Antrim,30/06/2005,124
N09000008,Mid and East Antrim,30/06/2006,125
N09000008,Mid and East Antrim,30/06/2007,126
N09000008,Mid and East Antrim,30/06/2008,127
N09000008,Mid and East Antrim,30/06/2009,127
N09000008,Mid and East Antrim,30/06/2010,128
N09000008,Mid and East Antrim,30/06/2011,128
N09000008,Mid and East Antrim,30/06/2012,128
N09000008,Mid and East Antrim,30/06/2013,128
N09000008,Mid and East Antrim,30/06/2014,129
N09000008,Mid and East Antrim,30/06/2015,129
N09000008,Mid and East Antrim,30/06/2016,130
N09000008,Mid and East Antrim,30/06/2017,130
N09000008,Mid and East Antrim,30/06/2018,131
N09000008,Mid and East Antrim,30/06/2019,131
N09000008,Mid and East Antrim,30/06/2020,131
N09000008,Mid and East Antrim,30/06/2021,131
N09000008,Mid and East Antrim,30/06/2022,131
N09000008,Mid and East Antrim,30/06/2023,132
N09000008,Mid and East Antrim,30/06/2024,132
N09000009,Mid Ulster,30/06/2001,65
N09000009,Mid Ulster,30/06/2002,66
N09000009,Mid Ulster,30/06/2003,66
N09000009,Mid Ulster,30/06/2004,67
N09000009,Mid Ulster,30/06/2005,68
N09000009,Mid Ulster,30/06/2006,70
N09000009,Mid Ulster,30/06/2007,72
N09000009,Mid Ulster,30/06/2008,73
N09000009,Mid Ulster,30/06/2009,74
N09000009,Mid Ulster,30/06/2010,75
N09000009,Mid Ulster,30/06/2011,76
N09000009,Mid Ulster,30/06/2012,77
N09000009,Mid Ulster,30/06/2013,77
N09000009,Mid Ulster,30/06/2014,78
N09000009,Mid Ulster,30/06/2015,79
N09000009,Mid Ulster,30/06/2016,80
N09000009,Mid Ulster,30/06/2017,80
N09000009,Mid Ulster,30/06/2018,81
N09000009,Mid Ulster,30/06/2019,81
N09000009,Mid Ulster,30/06/2020,82
N09000009,Mid Ulster,30/06/2021,82
N09000009,Mid Ulster,30/06/2022,82
N09000009,Mid Ulster,30/06/2023,83
N09000009,Mid Ulster,30/06/2024,83
N09000010,"Newry, Mourne and Down",30/06/2001,91
N09000010,"Newry, Mourne and Down",30/06/2002,92
N09000010,"Newry, Mourne and Down",30/06/2003,93
N09000010,"Newry, Mourne and Down",30/06/2004,94
N09000010,"Newry, Mourne and Down",30/06/2005,95
N09000010,"Newry, Mourne and Down",30/06/2006,97
N09000010,"Newry, Mourne and Down",30/06/2007,98
N09000010,"Newry, Mourne and Down",30/06/2008,100
N09000010,"Newry, Mourne and Down",30/06/2009,101
N09000010,"Newry, Mourne and Down",30/06/2010,102
N09000010,"Newry, Mourne and Down",30/06/2011,102
N09000010,"Newry, Mourne and Down",30/06/2012,103
N09000010,"Newry, Mourne and Down",30/06/2013,104
N09000010,"Newry, Mourne and Down",30/06/2014,104
N09000010,"Newry, Mourne and Down",30/06/2015,105
N09000010,"Newry, Mourne and Down",30/06/2016,106
N09000010,"Newry, Mourne and Down",30/06/2017,107
N09000010,"Newry, Mourne and Down",30/06/2018,107
N09000010,"Newry, Mourne and Down",30/06/2019,108
N09000010,"Newry, Mourne and Down",30/06/2020,108
N09000010,"Newry, Mourne and Down",30/06/2021,108
N09000010,"Newry, Mourne and Down",30/06/2022,109
N09000010,"Newry, Mourne and Down",30/06/2023,109
N09000010,"Newry, Mourne and Down",30/06/2024,109
N09000011,Ards and North Down,30/06/2001,264
N09000011,Ards and North Down,30/06/2002,265
N09000011,Ards and North Down,30/06/2003,266
N09000011,Ards and North Down,30/06/2004,266
N09000011,Ards and North Down,30/06/2005,269
N09000011,Ards and North Down,30/06/2006,271
N09000011,Ards and North Down,30/06/2007,273
N09000011,Ards and North Down,30/06/2008,274
N09000011,Ards and North Down,30/06/2009,275
N09000011,Ards and North Down,30/06/2010,276
N09000011,Ards and North Down,30/06/2011,277
N09000011,Ards and North Down,30/06/2012,279
N09000011,Ards and North Down,30/06/2013,279
N09000011,Ards and North Down,30/06/2014,280
N09000011,Ards and North Down,30/06/2015,281
N09000011,Ards and North Down,30/06/2016,283
N09000011,Ards and North Down,30/06/2017,284
N09000011,Ards and North Down,30/06/2018,286
N09000011,Ards and North Down,30/06/2019,287
N09000011,Ards and North Down,30/06/2020,288
N09000011,Ards and North Down,30/06/2021,289
N09000011,Ards and North Down,30/06/2022,290
N09000011,Ards and North Down,30/06/2023,291
N09000011,Ards and North Down,30/06/2024,292
N92000002,Northern Ireland,30/06/1991,117
N92000002,Northern Ireland,30/06/1992,118
N92000002,Northern Ireland,30/06/1993,119
N92000002,Northern Ireland,30/06/1994,119
N92000002,Northern Ireland,30/06/1995,120
N92000002,Northern Ireland,30/06/1996,120
N92000002,Northern Ireland,30/06/1997,121
N92000002,Northern Ireland,30/06/1998,122
N92000002,Northern Ireland,30/06/1999,122
N92000002,Northern Ireland,30/06/2000,122
N92000002,Northern Ireland,30/06/2001,122
N92000002,Northern Ireland,30/06/2002,123
N92000002,Northern Ireland,30/06/2003,124
N92000002,Northern Ireland,30/06/2004,124
N92000002,Northern Ireland,30/06/2005,125
N92000002,Northern Ireland,30/06/2006,126
N92000002,Northern Ireland,30/06/2007,128
N92000002,Northern Ireland,30/06/2008,129
N92000002,Northern Ireland,30/06/2009,130
N92000002,Northern Ireland,30/06/2010,131
N92000002,Northern Ireland,30/06/2011,132
N92000002,Northern Ireland,30/06/2012,132
N92000002,Northern Ireland,30/06/2013,133
N92000002,Northern Ireland,30/06/2014,134
N92000002,Northern Ireland,30/06/2015,134
N92000002,Northern Ireland,30/06/2016,135
N92000002,Northern Ireland,30/06/2017,136
N92000002,Northern Ireland,30/06/2018,137
N92000002,Northern Ireland,30/06/2019,138
N92000002,Northern Ireland,30/06/2020,138
N92000002,Northern Ireland,30/06/2021,138
N92000002,Northern Ireland,30/06/2022,139
N92000002,Northern Ireland,30/06/2023,139
N92000002,Northern Ireland,30/06/2024,140
S12000005,Clackmannanshire,30/06/1991,302
S12000005,Clackmannanshire,30/06/1992,303
S12000005,Clackmannanshire,30/06/1993,304
S12000005,Clackmannanshire,30/06/1994,305
S12000005,Clackmannanshire,30/06/1995,305
S12000005,Clackmannanshire,30/06/1996,305
S12000005,Clackmannanshire,30/06/1997,305
S12000005,Clackmannanshire,30/06/1998,304
S12000005,Clackmannanshire,30/06/1999,303
S12000005,Clackmannanshire,30/06/2000,303
S12000005,Clackmannanshire,30/06/2001,302
S12000005,Clackmannanshire,30/06/2002,302
S12000005,Clackmannanshire,30/06/2003,302
S12000005,Clackmannanshire,30/06/2004,306
S12000005,Clackmannanshire,30/06/2005,309
S12000005,Clackmannanshire,30/06/2006,311
S12000005,Clackmannanshire,30/06/2007,318
S12000005,Clackmannanshire,30/06/2008,322
S12000005,Clackmannanshire,30/06/2009,322
S12000005,Clackmannanshire,30/06/2010,322
S12000005,Clackmannanshire,30/06/2011,324
S12000005,Clackmannanshire,30/06/2012,323
S12000005,Clackmannanshire,30/06/2013,323
S12000005,Clackmannanshire,30/06/2014,323
S12000005,Clackmannanshire,30/06/2015,324
S12000005,Clackmannanshire,30/06/2016,324
S12000005,Clackmannanshire,30/06/2017,324
S12000005,Clackmannanshire,30/06/2018,324
S12000005,Clackmannanshire,30/06/2019,325
S12000005,Clackmannanshire,30/06/2020,323
S12000005,Clackmannanshire,30/06/2021,324
S12000005,Clackmannanshire,30/06/2022,325
S12000005,Clackmannanshire,30/06/2023,327
S12000005,Clackmannanshire,30/06/2024,327
S12000006,Dumfries and Galloway,30/06/1991,23
S12000006,Dumfries and Galloway,30/06/1992,23
S12000006,Dumfries and Galloway,30/06/1993,23
S12000006,Dumfries and Galloway,30/06/1994,23
S12000006,Dumfries and Galloway,30/06/1995,23
S12000006,Dumfries and Galloway,30/06/1996,23
S12000006,Dumfries and Galloway,30/06/1997,23
S12000006,Dumfries and Galloway,30/06/1998,23
S12000006,Dumfries and Galloway,30/06/1999,23
S12000006,Dumfries and Galloway,30/06/2000,23
S12000006,Dumfries and Galloway,30/06/2001,23
S12000006,Dumfries and Galloway,30/06/2002,23
S12000006,Dumfries and Galloway,30/06/2003,23
S12000006,Dumfries and Galloway,30/06/2004,23
S12000006,Dumfries and Galloway,30/06/2005,23
S12000006,Dumfries and Galloway,30/06/2006,23
S12000006,Dumfries and Galloway,30/06/2007,23
S12000006,Dumfries and Galloway,30/06/2008,24
S12000006,Dumfries and Galloway,30/06/2009,24
S12000006,Dumfries and Galloway,30/06/2010,24
S12000006,Dumfries and Galloway,30/06/2011,24
S12000006,Dumfries and Galloway,30/06/2012,23
S12000006,Dumfries and Galloway,30/06/2013,23
S12000006,Dumfries and Galloway,30/06/2014,23
S12000006,Dumfries and Galloway,30/06/2015,23
S12000006,Dumfries and Galloway,30/06/2016,23
S12000006,Dumfries and Galloway,30/06/2017,23
S12000006,Dumfries and Galloway,30/06/2018,23
S12000006,Dumfries and Galloway,30/06/2019,23
S12000006,Dumfries and Galloway,30/06/2020,23
S12000006,Dumfries and Galloway,30/06/2021,23
S12000006,Dumfries and Galloway,30/06/2022,23
S12000006,Dumfries and Galloway,30/06/2023,23
S12000006,Dumfries and Galloway,30/06/2024,23
S12000008,East Ayrshire,30/06/1991,98
S12000008,East Ayrshire,30/06/1992,98
S12000008,East Ayrshire,30/06/1993,98
S12000008,East Ayrshire,30/06/1994,98
S12000008,East Ayrshire,30/06/1995,97
S12000008,East Ayrshire,30/06/1996,97
S12000008,East Ayrshire,30/06/1997,96
S12000008,East Ayrshire,30/06/1998,96
S12000008,East Ayrshire,30/06/1999,96
S12000008,East Ayrshire,30/06/2000,95
S12000008,East Ayrshire,30/06/2001,95
S12000008,East Ayrshire,30/06/2002,95
S12000008,East Ayrshire,30/06/2003,95
S12000008,East Ayrshire,30/06/2004,95
S12000008,East Ayrshire,30/06/2005,95
S12000008,East Ayrshire,30/06/2006,95
S12000008,East Ayrshire,30/06/2007,96
S12000008,East Ayrshire,30/06/2008,96
S12000008,East Ayrshire,30/06/2009,97
S12000008,East Ayrshire,30/06/2010,97
S12000008,East Ayrshire,30/06/2011,97
S12000008,East Ayrshire,30/06/2012,97
S12000008,East Ayrshire,30/06/2013,97
S12000008,East Ayrshire,30/06/2014,97
S12000008,East Ayrshire,30/06/2015,96
S12000008,East Ayrshire,30/06/2016,96
S12000008,East Ayrshire,30/06/2017,96
S12000008,East Ayrshire,30/06/2018,96
S12000008,East Ayrshire,30/06/2019,96
S12000008,East Ayrshire,30/06/2020,95
S12000008,East Ayrshire,30/06/2021,95
S12000008,East Ayrshire,30/06/2022,95
S12000008,East Ayrshire,30/06/2023,96
S12000008,East Ayrshire,30/06/2024,96
S12000010,East Lothian,30/06/1991,124
S12000010,East Lothian,30/06/1992,124
S12000010,East Lothian,30/06/1993,125
S12000010,East Lothian,30/06/1994,126
S12000010,East Lothian,30/06/1995,127
S12000010,East Lothian,30/06/1996,128
S12000010,East Lothian,30/06/1997,129
S12000010,East Lothian,30/06/1998,130
S12000010,East Lothian,30/06/1999,131
S12000010,East Lothian,30/06/2000,132
S12000010,East Lothian,30/06/2001,133
S12000010,East Lothian,30/06/2002,134
S12000010,East Lothian,30/06/2003,135
S12000010,East Lothian,30/06/2004,136
S12000010,East Lothian,30/06/2005,137
S12000010,East Lothian,30/06/2006,138
S12000010,East Lothian,30/06/2007,141
S12000010,East Lothian,30/06/2008,144
S12000010,East Lothian,30/06/2009,145
S12000010,East Lothian,30/06/2010,146
S12000010,East Lothian,30/06/2011,147
S12000010,East Lothian,30/06/2012,149
S12000010,East Lothian,30/06/2013,150
S12000010,East Lothian,30/06/2014,151
S12000010,East Lothian,30/06/2015,153
S12000010,East Lothian,30/06/2016,155
S12000010,East Lothian,30/06/2017,156
S12000010,East Lothian,30/06/2018,158
S12000010,East Lothian,30/06/2019,160
S12000010,East Lothian,30/06/2020,161
S12000010,East Lothian,30/06/2021,164
S12000010,East Lothian,30/06/2022,166
S12000010,East Lothian,30/06/2023,168
S12000010,East Lothian,30/06/2024,170
S12000011,East Renfrewshire,30/06/1991,492
S12000011,East Renfrewshire,30/06/1992,494
S12000011,East Renfrewshire,30/06/1993,496
S12000011,East Renfrewshire,30/06/1994,497
S12000011,East Renfrewshire,30/06/1995,502
S12000011,East Renfrewshire,30/06/1996,502
S12000011,East Renfrewshire,30/06/1997,504
S12000011,East Renfrewshire,30/06/1998,507
S12000011,East Renfrewshire,30/06/1999,508
S12000011,East Renfrewshire,30/06/2000,511
S12000011,East Renfrewshire,30/06/2001,513
S12000011,East Renfrewshire,30/06/2002,516
S12000011,East Renfrewshire,30/06/2003,516
S12000011,East Renfrewshire,30/06/2004,515
S12000011,East Renfrewshire,30/06/2005,516
S12000011,East Renfrewshire,30/06/2006,515
S12000011,East Renfrewshire,30/06/2007,516
S12000011,East Renfrewshire,30/06/2008,516
S12000011,East Renfrewshire,30/06/2009,516
S12000011,East Renfrewshire,30/06/2010,519
S12000011,East Renfrewshire,30/06/2011,521
S12000011,East Renfrewshire,30/06/2012,523
S12000011,East Renfrewshire,30/06/2013,526
S12000011,East Renfrewshire,30/06/2014,531
S12000011,East Renfrewshire,30/06/2015,534
S12000011,East Renfrewshire,30/06/2016,539
S12000011,East Renfrewshire,30/06/2017,544
S12000011,East Renfrewshire,30/06/2018,546
S12000011,East Renfrewshire,30/06/2019,548
S12000011,East Renfrewshire,30/06/2020,550
S12000011,East Renfrewshire,30/06/2021,552
S12000011,East Renfrewshire,30/06/2022,558
S12000011,East Renfrewshire,30/06/2023,567
S12000011,East Renfrewshire,30/06/2024,573
S12000013,Na h-Eileanan Siar,30/06/1991,10
S12000013,Na h-Eileanan Siar,30/06/1992,10
S12000013,Na h-Eileanan Siar,30/06/1993,10
S12000013,Na h-Eileanan Siar,30/06/1994,10
S12000013,Na h-Eileanan Siar,30/06/1995,9
S12000013,Na h-Eileanan Siar,30/06/1996,9
S12000013,Na h-Eileanan Siar,30/06/1997,9
S12000013,Na h-Eileanan Siar,30/06/1998,9
S12000013,Na h-Eileanan Siar,30/06/1999,9
S12000013,Na h-Eileanan Siar,30/06/2000,9
S12000013,Na h-Eileanan Siar,30/06/2001,9
S12000013,Na h-Eileanan Siar,30/06/2002,9
S12000013,Na h-Eileanan Siar,30/06/2003,9
S12000013,Na h-Eileanan Siar,30/06/2004,9
S12000013,Na h-Eileanan Siar,30/06/2005,9
S12000013,Na h-Eileanan Siar,30/06/2006,9
S12000013,Na h-Eileanan Siar,30/06/2007,9
S12000013,Na h-Eileanan Siar,30/06/2008,9
S12000013,Na h-Eileanan Siar,30/06/2009,9
S12000013,Na h-Eileanan Siar,30/06/2010,9
S12000013,Na h-Eileanan Siar,30/06/2011,9
S12000013,Na h-Eileanan Siar,30/06/2012,9
S12000013,Na h-Eileanan Siar,30/06/2013,9
S12000013,Na h-Eileanan Siar,30/06/2014,9
S12000013,Na h-Eileanan Siar,30/06/2015,9
S12000013,Na h-Eileanan Siar,30/06/2016,9
S12000013,Na h-Eileanan Siar,30/06/2017,9
S12000013,Na h-Eileanan Siar,30/06/2018,9
S12000013,Na h-Eileanan Siar,30/06/2019,9
S12000013,Na h-Eileanan Siar,30/06/2020,9
S12000013,Na h-Eileanan Siar,30/06/2021,9
S12000013,Na h-Eileanan Siar,30/06/2022,9
S12000013,Na h-Eileanan Siar,30/06/2023,9
S12000013,Na h-Eileanan Siar,30/06/2024,9
S12000014,Falkirk,30/06/1991,480
S12000014,Falkirk,30/06/1992,479
S12000014,Falkirk,30/06/1993,479
S12000014,Falkirk,30/06/1994,479
S12000014,Falkirk,30/06/1995,480
S12000014,Falkirk,30/06/1996,481
S12000014,Falkirk,30/06/1997,482
S12000014,Falkirk,30/06/1998,484
S12000014,Falkirk,30/06/1999,487
S12000014,Falkirk,30/06/2000,487
S12000014,Falkirk,30/06/2001,489
S12000014,Falkirk,30/06/2002,491
S12000014,Falkirk,30/06/2003,494
S12000014,Falkirk,30/06/2004,499
S12000014,Falkirk,30/06/2005,505
S12000014,Falkirk,30/06/2006,508
S12000014,Falkirk,30/06/2007,513
S12000014,Falkirk,30/06/2008,516
S12000014,Falkirk,30/06/2009,519
S12000014,Falkirk,30/06/2010,522
S12000014,Falkirk,30/06/2011,526
S12000014,Falkirk,30/06/2012,527
S12000014,Falkirk,30/06/2013,528
S12000014,Falkirk,30/06/2014,529
S12000014,Falkirk,30/06/2015,531
S12000014,Falkirk,30/06/2016,534
S12000014,Falkirk,30/06/2017,536
S12000014,Falkirk,30/06/2018,535
S12000014,Falkirk,30/06/2019,537
S12000014,Falkirk,30/06/2020,535
S12000014,Falkirk,30/06/2021,534
S12000014,Falkirk,30/06/2022,533
S12000014,Falkirk,30/06/2023,535
S12000014,Falkirk,30/06/2024,539
S12000017,Highland,30/06/1991,8
S12000017,Highland,30/06/1992,8
S12000017,Highland,30/06/1993,8
S12000017,Highland,30/06/1994,8
S12000017,Highland,30/06/1995,8
S12000017,Highland,30/06/1996,8
S12000017,Highland,30/06/1997,8
S12000017,Highland,30/06/1998,8
S12000017,Highland,30/06/1999,8
S12000017,Highland,30/06/2000,8
S12000017,Highland,30/06/2001,8
S12000017,Highland,30/06/2002,8
S12000017,Highland,30/06/2003,8
S12000017,Highland,30/06/2004,8
S12000017,Highland,30/06/2005,9
S12000017,Highland,30/06/2006,9
S12000017,Highland,30/06/2007,9
S12000017,Highland,30/06/2008,9
S12000017,Highland,30/06/2009,9
S12000017,Highland,30/06/2010,9
S12000017,Highland,30/06/2011,9
S12000017,Highland,30/06/2012,9
S12000017,Highland,30/06/2013,9
S12000017,Highland,30/06/2014,9
S12000017,Highland,30/06/2015,9
S12000017,Highland,30/06/2016,9
S12000017,Highland,30/06/2017,9
S12000017,Highland,30/06/2018,9
S12000017,Highland,30/06/2019,9
S12000017,Highland,30/06/2020,9
S12000017,Highland,30/06/2021,9
S12000017,Highland,30/06/2022,9
S12000017,Highland,30/06/2023,9
S12000017,Highland,30/06/2024,9
S12000018,Inverclyde,30/06/1991,570
S12000018,Inverclyde,30/06/1992,566
S12000018,Inverclyde,30/06/1993,560
S12000018,Inverclyde,30/06/1994,557
S12000018,Inverclyde,30/06/1995,552
S12000018,Inverclyde,30/06/1996,543
S12000018,Inverclyde,30/06/1997,539
S12000018,Inverclyde,30/06/1998,535
S12000018,Inverclyde,30/06/1999,532
S12000018,Inverclyde,30/06/2000,528
S12000018,Inverclyde,30/06/2001,525
S12000018,Inverclyde,30/06/2002,522
S12000018,Inverclyde,30/06/2003,519
S12000018,Inverclyde,30/06/2004,515
S12000018,Inverclyde,30/06/2005,515
S12000018,Inverclyde,30/06/2006,513
S12000018,Inverclyde,30/06/2007,512
S12000018,Inverclyde,30/06/2008,511
S12000018,Inverclyde,30/06/2009,509
S12000018,Inverclyde,30/06/2010,508
S12000018,Inverclyde,30/06/2011,506
S12000018,Inverclyde,30/06/2012,505
S12000018,Inverclyde,30/06/2013,504
S12000018,Inverclyde,30/06/2014,502
S12000018,Inverclyde,30/06/2015,501
S12000018,Inverclyde,30/06/2016,499
S12000018,Inverclyde,30/06/2017,498
S12000018,Inverclyde,30/06/2018,495
S12000018,Inverclyde,30/06/2019,493
S12000018,Inverclyde,30/06/2020,490
S12000018,Inverclyde,30/06/2021,489
S12000018,Inverclyde,30/06/2022,488
S12000018,Inverclyde,30/06/2023,491
S12000018,Inverclyde,30/06/2024,492
S12000019,Midlothian,30/06/1991,225
S12000019,Midlothian,30/06/1992,224
S12000019,Midlothian,30/06/1993,223
S12000019,Midlothian,30/06/1994,224
S12000019,Midlothian,30/06/1995,223
S12000019,Midlothian,30/06/1996,223
S12000019,Midlothian,30/06/1997,225
S12000019,Midlothian,30/06/1998,227
S12000019,Midlothian,30/06/1999,228
S12000019,Midlothian,30/06/2000,229
S12000019,Midlothian,30/06/2001,229
S12000019,Midlothian,30/06/2002,229
S12000019,Midlothian,30/06/2003,227
S12000019,Midlothian,30/06/2004,227
S12000019,Midlothian,30/06/2005,226
S12000019,Midlothian,30/06/2006,226
S12000019,Midlothian,30/06/2007,227
S12000019,Midlothian,30/06/2008,231
S12000019,Midlothian,30/06/2009,232
S12000019,Midlothian,30/06/2010,233
S12000019,Midlothian,30/06/2011,236
S12000019,Midlothian,30/06/2012,239
S12000019,Midlothian,30/06/2013,241
S12000019,Midlothian,30/06/2014,246
S12000019,Midlothian,30/06/2015,249
S12000019,Midlothian,30/06/2016,253
S12000019,Midlothian,30/06/2017,257
S12000019,Midlothian,30/06/2018,261
S12000019,Midlothian,30/06/2019,264
S12000019,Midlothian,30/06/2020,266
S12000019,Midlothian,30/06/2021,270
S12000019,Midlothian,30/06/2022,274
S12000019,Midlothian,30/06/2023,278
S12000019,Midlothian,30/06/2024,282
S12000020,Moray,30/06/1991,38
S12000020,Moray,30/06/1992,38
S12000020,Moray,30/06/1993,39
S12000020,Moray,30/06/1994,39
S12000020,Moray,30/06/1995,39
S12000020,Moray,30/06/1996,39
S12000020,Moray,30/06/1997,39
S12000020,Moray,30/06/1998,39
S12000020,Moray,30/06/1999,39
S12000020,Moray,30/06/2000,39
S12000020,Moray,30/06/2001,39
S12000020,Moray,30/06/2002,39
S12000020,Moray,30/06/2003,40
S12000020,Moray,30/06/2004,40
S12000020,Moray,30/06/2005,40
S12000020,Moray,30/06/2006,41
S12000020,Moray,30/06/2007,41
S12000020,Moray,30/06/2008,41
S12000020,Moray,30/06/2009,42
S12000020,Moray,30/06/2010,42
S12000020,Moray,30/06/2011,42
S12000020,Moray,30/06/2012,41
S12000020,Moray,30/06/2013,42
S12000020,Moray,30/06/2014,42
S12000020,Moray,30/06/2015,42
S12000020,Moray,30/06/2016,43
S12000020,Moray,30/06/2017,42
S12000020,Moray,30/06/2018,42
S12000020,Moray,30/06/2019,42
S12000020,Moray,30/06/2020,42
S12000020,Moray,30/06/2021,42
S12000020,Moray,30/06/2022,42
S12000020,Moray,30/06/2023,42
S12000020,Moray,30/06/2024,42
S12000021,North Ayrshire,30/06/1991,156
S12000021,North Ayrshire,30/06/1992,156
S12000021,North Ayrshire,30/06/1993,155
S12000021,North Ayrshire,30/06/1994,155
S12000021,North Ayrshire,30/06/1995,156
S12000021,North Ayrshire,30/06/1996,155
S12000021,North Ayrshire,30/06/1997,156
S12000021,North Ayrshire,30/06/1998,155
S12000021,North Ayrshire,30/06/1999,155
S12000021,North Ayrshire,30/06/2000,154
S12000021,North Ayrshire,30/06/2001,153
S12000021,North Ayrshire,30/06/2002,153
S12000021,North Ayrshire,30/06/2003,154
S12000021,North Ayrshire,30/06/2004,154
S12000021,North Ayrshire,30/06/2005,154
S12000021,North Ayrshire,30/06/2006,155
S12000021,North Ayrshire,30/06/2007,155
S12000021,North Ayrshire,30/06/2008,156
S12000021,North Ayrshire,30/06/2009,156
S12000021,North Ayrshire,30/06/2010,156
S12000021,North Ayrshire,30/06/2011,156
S12000021,North Ayrshire,30/06/2012,155
S12000021,North Ayrshire,30/06/2013,155
S12000021,North Ayrshire,30/06/2014,154
S12000021,North Ayrshire,30/06/2015,154
S12000021,North Ayrshire,30/06/2016,154
S12000021,North Ayrshire,30/06/2017,153
S12000021,North Ayrshire,30/06/2018,153
S12000021,North Ayrshire,30/06/2019,152
S12000021,North Ayrshire,30/06/2020,151
S12000021,North Ayrshire,30/06/2021,151
S12000021,North Ayrshire,30/06/2022,151
S12000021,North Ayrshire,30/06/2023,151
S12000021,North Ayrshire,30/06/2024,151
S12000023,Orkney Islands,30/06/1991,20
S12000023,Orkney Islands,30/06/1992,20
S12000023,Orkney Islands,30/06/1993,20
S12000023,Orkney Islands,30/06/1994,20
S12000023,Orkney Islands,30/06/1995,20
S12000023,Orkney Islands,30/06/1996,20
S12000023,Orkney Islands,30/06/1997,20
S12000023,Orkney Islands,30/06/1998,20
S12000023,Orkney Islands,30/06/1999,20
S12000023,Orkney Islands,30/06/2000,19
S12000023,Orkney Islands,30/06/2001,19
S12000023,Orkney Islands,30/06/2002,20
S12000023,Orkney Islands,30/06/2003,20
S12000023,Orkney Islands,30/06/2004,20
S12000023,Orkney Islands,30/06/2005,20
S12000023,Orkney Islands,30/06/2006,21
S12000023,Orkney Islands,30/06/2007,21
S12000023,Orkney Islands,30/06/2008,21
S12000023,Orkney Islands,30/06/2009,21
S12000023,Orkney Islands,30/06/2010,21
S12000023,Orkney Islands,30/06/2011,22
S12000023,Orkney Islands,30/06/2012,22
S12000023,Orkney Islands,30/06/2013,22
S12000023,Orkney Islands,30/06/2014,22
S12000023,Orkney Islands,30/06/2015,22
S12000023,Orkney Islands,30/06/2016,22
S12000023,Orkney Islands,30/06/2017,22
S12000023,Orkney Islands,30/06/2018,22
S12000023,Orkney Islands,30/06/2019,22
S12000023,Orkney Islands,30/06/2020,22
S12000023,Orkney Islands,30/06/2021,22
S12000023,Orkney Islands,30/06/2022,22
S12000023,Orkney Islands,30/06/2023,22
S12000023,Orkney Islands,30/06/2024,22
S12000026,Scottish Borders,30/06/1991,22
S12000026,Scottish Borders,30/06/1992,22
S12000026,Scottish Borders,30/06/1993,22
S12000026,Scottish Borders,30/06/1994,22
S12000026,Scottish Borders,30/06/1995,22
S12000026,Scottish Borders,30/06/1996,22
S12000026,Scottish Borders,30/06/1997,22
S12000026,Scottish Borders,30/06/1998,22
S12000026,Scottish Borders,30/06/1999,22
S12000026,Scottish Borders,30/06/2000,22
S12000026,Scottish Borders,30/06/2001,23
S12000026,Scottish Borders,30/06/2002,23
S12000026,Scottish Borders,30/06/2003,23
S12000026,Scottish Borders,30/06/2004,23
S12000026,Scottish Borders,30/06/2005,23
S12000026,Scottish Borders,30/06/2006,23
S12000026,Scottish Borders,30/06/2007,24
S12000026,Scottish Borders,30/06/2008,24
S12000026,Scottish Borders,30/06/2009,24
S12000026,Scottish Borders,30/06/2010,24
S12000026,Scottish Borders,30/06/2011,24
S12000026,Scottish Borders,30/06/2012,24
S12000026,Scottish Borders,30/06/2013,24
S12000026,Scottish Borders,30/06/2014,24
S12000026,Scottish Borders,30/06/2015,24
S12000026,Scottish Borders,30/06/2016,24
S12000026,Scottish Borders,30/06/2017,25
S12000026,Scottish Borders,30/06/2018,25
S12000026,Scottish Borders,30/06/2019,25
S12000026,Scottish Borders,30/06/2020,25
S12000026,Scottish Borders,30/06/2021,25
S12000026,Scottish Borders,30/06/2022,25
S12000026,Scottish Borders,30/06/2023,25
S12000026,Scottish Borders,30/06/2024,25
S12000027,Shetland Islands,30/06/1991,15
S12000027,Shetland Islands,30/06/1992,15
S12000027,Shetland Islands,30/06/1993,16
S12000027,Shetland Islands,30/06/1994,16
S12000027,Shetland Islands,30/06/1995,16
S12000027,Shetland Islands,30/06/1996,16
S12000027,Shetland Islands,30/06/1997,16
S12000027,Shetland Islands,30/06/1998,15
S12000027,Shetland Islands,30/06/1999,15
S12000027,Shetland Islands,30/06/2000,15
S12000027,Shetland Islands,30/06/2001,15
S12000027,Shetland Islands,30/06/2002,15
S12000027,Shetland Islands,30/06/2003,15
S12000027,Shetland Islands,30/06/2004,15
S12000027,Shetland Islands,30/06/2005,15
S12000027,Shetland Islands,30/06/2006,15
S12000027,Shetland Islands,30/06/2007,15
S12000027,Shetland Islands,30/06/2008,15
S12000027,Shetland Islands,30/06/2009,16
S12000027,Shetland Islands,30/06/2010,16
S12000027,Shetland Islands,30/06/2011,16
S12000027,Shetland Islands,30/06/2012,16
S12000027,Shetland Islands,30/06/2013,16
S12000027,Shetland Islands,30/06/2014,16
S12000027,Shetland Islands,30/06/2015,16
S12000027,Shetland Islands,30/06/2016,16
S12000027,Shetland Islands,30/06/2017,16
S12000027,Shetland Islands,30/06/2018,16
S12000027,Shetland Islands,30/06/2019,16
S12000027,Shetland Islands,30/06/2020,16
S12000027,Shetland Islands,30/06/2021,16
S12000027,Shetland Islands,30/06/2022,16
S12000027,Shetland Islands,30/06/2023,16
S12000027,Shetland Islands,30/06/2024,16
S12000028,South Ayrshire,30/06/1991,93
S12000028,South Ayrshire,30/06/1992,93
S12000028,South Ayrshire,30/06/1993,93
S12000028,South Ayrshire,30/06/1994,93
S12000028,South Ayrshire,30/06/1995,93
S12000028,South Ayrshire,30/06/1996,93
S12000028,South Ayrshire,30/06/1997,93
S12000028,South Ayrshire,30/06/1998,93
S12000028,South Ayrshire,30/06/1999,92
S12000028,South Ayrshire,30/06/2000,92
S12000028,South Ayrshire,30/06/2001,92
S12000028,South Ayrshire,30/06/2002,91
S12000028,South Ayrshire,30/06/2003,91
S12000028,South Ayrshire,30/06/2004,92
S12000028,South Ayrshire,30/06/2005,92
S12000028,South Ayrshire,30/06/2006,92
S12000028,South Ayrshire,30/06/2007,92
S12000028,South Ayrshire,30/06/2008,92
S12000028,South Ayrshire,30/06/2009,92
S12000028,South Ayrshire,30/06/2010,92
S12000028,South Ayrshire,30/06/2011,92
S12000028,South Ayrshire,30/06/2012,92
S12000028,South Ayrshire,30/06/2013,92
S12000028,South Ayrshire,30/06/2014,92
S12000028,South Ayrshire,30/06/2015,92
S12000028,South Ayrshire,30/06/2016,92
S12000028,South Ayrshire,30/06/2017,92
S12000028,South Ayrshire,30/06/2018,92
S12000028,South Ayrshire,30/06/2019,92
S12000028,South Ayrshire,30/06/2020,91
S12000028,South Ayrshire,30/06/2021,91
S12000028,South Ayrshire,30/06/2022,91
S12000028,South Ayrshire,30/06/2023,92
S12000028,South Ayrshire,30/06/2024,92
S12000029,South Lanarkshire,30/06/1991,171
S12000029,South Lanarkshire,30/06/1992,171
S12000029,South Lanarkshire,30/06/1993,172
S12000029,South Lanarkshire,30/06/1994,172
S12000029,South Lanarkshire,30/06/1995,172
S12000029,South Lanarkshire,30/06/1996,172
S12000029,South Lanarkshire,30/06/1997,172
S12000029,South Lanarkshire,30/06/1998,171
S12000029,South Lanarkshire,30/06/1999,171
S12000029,South Lanarkshire,30/06/2000,171
S12000029,South Lanarkshire,30/06/2001,171
S12000029,South Lanarkshire,30/06/2002,171
S12000029,South Lanarkshire,30/06/2003,171
S12000029,South Lanarkshire,30/06/2004,173
S12000029,South Lanarkshire,30/06/2005,173
S12000029,South Lanarkshire,30/06/2006,174
S12000029,South Lanarkshire,30/06/2007,175
S12000029,South Lanarkshire,30/06/2008,176
S12000029,South Lanarkshire,30/06/2009,176
S12000029,South Lanarkshire,30/06/2010,177
S12000029,South Lanarkshire,30/06/2011,177
S12000029,South Lanarkshire,30/06/2012,178
S12000029,South Lanarkshire,30/06/2013,178
S12000029,South Lanarkshire,30/06/2014,179
S12000029,South Lanarkshire,30/06/2015,180
S12000029,South Lanarkshire,30/06/2016,180
S12000029,South Lanarkshire,30/06/2017,181
S12000029,South Lanarkshire,30/06/2018,181
S12000029,South Lanarkshire,30/06/2019,182
S12000029,South Lanarkshire,30/06/2020,183
S12000029,South Lanarkshire,30/06/2021,184
S12000029,South Lanarkshire,30/06/2022,185
S12000029,South Lanarkshire,30/06/2023,187
S12000029,South Lanarkshire,30/06/2024,189
S12000030,Stirling,30/06/1991,37
S12000030,Stirling,30/06/1992,37
S12000030,Stirling,30/06/1993,37
S12000030,Stirling,30/06/1994,37
S12000030,Stirling,30/06/1995,38
S12000030,Stirling,30/06/1996,38
S12000030,Stirling,30/06/1997,38
S12000030,Stirling,30/06/1998,39
S12000030,Stirling,30/06/1999,39
S12000030,Stirling,30/06/2000,39
S12000030,Stirling,30/06/2001,39
S12000030,Stirling,30/06/2002,40
S12000030,Stirling,30/06/2003,40
S12000030,Stirling,30/06/2004,40
S12000030,Stirling,30/06/2005,40
S12000030,Stirling,30/06/2006,40
S12000030,Stirling,30/06/2007,40
S12000030,Stirling,30/06/2008,41
S12000030,Stirling,30/06/2009,41
S12000030,Stirling,30/06/2010,41
S12000030,Stirling,30/06/2011,41
S12000030,Stirling,30/06/2012,41
S12000030,Stirling,30/06/2013,41
S12000030,Stirling,30/06/2014,41
S12000030,Stirling,30/06/2015,42
S12000030,Stirling,30/06/2016,42
S12000030,Stirling,30/06/2017,42
S12000030,Stirling,30/06/2018,42
S12000030,Stirling,30/06/2019,42
S12000030,Stirling,30/06/2020,42
S12000030,Stirling,30/06/2021,42
S12000030,Stirling,30/06/2022,42
S12000030,Stirling,30/06/2023,43
S12000030,Stirling,30/06/2024,43
S12000033,Aberdeen City,30/06/1991,1154
S12000033,Aberdeen City,30/06/1992,1165
S12000033,Aberdeen City,30/06/1993,1176
S12000033,Aberdeen City,30/06/1994,1183
S12000033,Aberdeen City,30/06/1995,1185
S12000033,Aberdeen City,30/06/1996,1177
S12000033,Aberdeen City,30/06/1997,1171
S12000033,Aberdeen City,30/06/1998,1162
S12000033,Aberdeen City,30/06/1999,1157
S12000033,Aberdeen City,30/06/2000,1150
S12000033,Aberdeen City,30/06/2001,1142
S12000033,Aberdeen City,30/06/2002,1135
S12000033,Aberdeen City,30/06/2003,1128
S12000033,Aberdeen City,30/06/2004,1120
S12000033,Aberdeen City,30/06/2005,1125
S12000033,Aberdeen City,30/06/2006,1130
S12000033,Aberdeen City,30/06/2007,1145
S12000033,Aberdeen City,30/06/2008,1153
S12000033,Aberdeen City,30/06/2009,1169
S12000033,Aberdeen City,30/06/2010,1184
S12000033,Aberdeen City,30/06/2011,1199
S12000033,Aberdeen City,30/06/2012,1207
S12000033,Aberdeen City,30/06/2013,1214
S12000033,Aberdeen City,30/06/2014,1219
S12000033,Aberdeen City,30/06/2015,1222
S12000033,Aberdeen City,30/06/2016,1214
S12000033,Aberdeen City,30/06/2017,1206
S12000033,Aberdeen City,30/06/2018,1197
S12000033,Aberdeen City,30/06/2019,1200
S12000033,Aberdeen City,30/06/2020,1200
S12000033,Aberdeen City,30/06/2021,1189
S12000033,Aberdeen City,30/06/2022,1208
S12000033,Aberdeen City,30/06/2023,1236
S12000033,Aberdeen City,30/06/2024,1249
S12000034,Aberdeenshire,30/06/1991,34
S12000034,Aberdeenshire,30/06/1992,35
S12000034,Aberdeenshire,30/06/1993,35
S12000034,Aberdeenshire,30/06/1994,36
S12000034,Aberdeenshire,30/06/1995,36
S12000034,Aberdeenshire,30/06/1996,36
S12000034,Aberdeenshire,30/06/1997,36
S12000034,Aberdeenshire,30/06/1998,36
S12000034,Aberdeenshire,30/06/1999,36
S12000034,Aberdeenshire,30/06/2000,36
S12000034,Aberdeenshire,30/06/2001,36
S12000034,Aberdeenshire,30/06/2002,36
S12000034,Aberdeenshire,30/06/2003,37
S12000034,Aberdeenshire,30/06/2004,37
S12000034,Aberdeenshire,30/06/2005,38
S12000034,Aberdeenshire,30/06/2006,38
S12000034,Aberdeenshire,30/06/2007,39
S12000034,Aberdeenshire,30/06/2008,39
S12000034,Aberdeenshire,30/06/2009,39
S12000034,Aberdeenshire,30/06/2010,40
S12000034,Aberdeenshire,30/06/2011,40
S12000034,Aberdeenshire,30/06/2012,41
S12000034,Aberdeenshire,30/06/2013,41
S12000034,Aberdeenshire,30/06/2014,41
S12000034,Aberdeenshire,30/06/2015,42
S12000034,Aberdeenshire,30/06/2016,42
S12000034,Aberdeenshire,30/06/2017,42
S12000034,Aberdeenshire,30/06/2018,42
S12000034,Aberdeenshire,30/06/2019,41
S12000034,Aberdeenshire,30/06/2020,41
S12000034,Aberdeenshire,30/06/2021,42
S12000034,Aberdeenshire,30/06/2022,42
S12000034,Aberdeenshire,30/06/2023,42
S12000034,Aberdeenshire,30/06/2024,42
S12000035,Argyll and Bute,30/06/1991,14
S12000035,Argyll and Bute,30/06/1992,13
S12000035,Argyll and Bute,30/06/1993,13
S12000035,Argyll and Bute,30/06/1994,13
S12000035,Argyll and Bute,30/06/1995,13
S12000035,Argyll and Bute,30/06/1996,13
S12000035,Argyll and Bute,30/06/1997,13
S12000035,Argyll and Bute,30/06/1998,13
S12000035,Argyll and Bute,30/06/1999,13
S12000035,Argyll and Bute,30/06/2000,13
S12000035,Argyll and Bute,30/06/2001,13
S12000035,Argyll and Bute,30/06/2002,13
S12000035,Argyll and Bute,30/06/2003,13
S12000035,Argyll and Bute,30/06/2004,13
S12000035,Argyll and Bute,30/06/2005,13
S12000035,Argyll and Bute,30/06/2006,13
S12000035,Argyll and Bute,30/06/2007,13
S12000035,Argyll and Bute,30/06/2008,13
S12000035,Argyll and Bute,30/06/2009,13
S12000035,Argyll and Bute,30/06/2010,13
S12000035,Argyll and Bute,30/06/2011,13
S12000035,Argyll and Bute,30/06/2012,13
S12000035,Argyll and Bute,30/06/2013,13
S12000035,Argyll and Bute,30/06/2014,13
S12000035,Argyll and Bute,30/06/2015,13
S12000035,Argyll and Bute,30/06/2016,13
S12000035,Argyll and Bute,30/06/2017,13
S12000035,Argyll and Bute,30/06/2018,13
S12000035,Argyll and Bute,30/06/2019,13
S12000035,Argyll and Bute,30/06/2020,13
S12000035,Argyll and Bute,30/06/2021,13
S12000035,Argyll and Bute,30/06/2022,13
S12000035,Argyll and Bute,30/06/2023,13
S12000035,Argyll and Bute,30/06/2024,13
S12000036,City of Edinburgh,30/06/1991,1657
S12000036,City of Edinburgh,30/06/1992,1658
S12000036,City of Edinburgh,30/06/1993,1664
S12000036,City of Edinburgh,30/06/1994,1671
S12000036,City of Edinburgh,30/06/1995,1685
S12000036,City of Edinburgh,30/06/1996,1689
S12000036,City of Edinburgh,30/06/1997,1692
S12000036,City of Edinburgh,30/06/1998,1694
S12000036,City of Edinburgh,30/06/1999,1698
S12000036,City of Edinburgh,30/06/2000,1703
S12000036,City of Edinburgh,30/06/2001,1705
S12000036,City of Edinburgh,30/06/2002,1699
S12000036,City of Edinburgh,30/06/2003,1691
S12000036,City of Edinburgh,30/06/2004,1693
S12000036,City of Edinburgh,30/06/2005,1706
S12000036,City of Edinburgh,30/06/2006,1716
S12000036,City of Edinburgh,30/06/2007,1731
S12000036,City of Edinburgh,30/06/2008,1741
S12000036,City of Edinburgh,30/06/2009,1759
S12000036,City of Edinburgh,30/06/2010,1784
S12000036,City of Edinburgh,30/06/2011,1815
S12000036,City of Edinburgh,30/06/2012,1824
S12000036,City of Edinburgh,30/06/2013,1832
S12000036,City of Edinburgh,30/06/2014,1842
S12000036,City of Edinburgh,30/06/2015,1861
S12000036,City of Edinburgh,30/06/2016,1884
S12000036,City of Edinburgh,30/06/2017,1901
S12000036,City of Edinburgh,30/06/2018,1913
S12000036,City of Edinburgh,30/06/2019,1930
S12000036,City of Edinburgh,30/06/2020,1935
S12000036,City of Edinburgh,30/06/2021,1920
S12000036,City of Edinburgh,30/06/2022,1954
S12000036,City of Edinburgh,30/06/2023,1990
S12000036,City of Edinburgh,30/06/2024,2015
S12000038,Renfrewshire,30/06/1991,672
S12000038,Renfrewshire,30/06/1992,670
S12000038,Renfrewshire,30/06/1993,670
S12000038,Renfrewshire,30/06/1994,671
S12000038,Renfrewshire,30/06/1995,675
S12000038,Renfrewshire,30/06/1996,675
S12000038,Renfrewshire,30/06/1997,672
S12000038,Renfrewshire,30/06/1998,670
S12000038,Renfrewshire,30/06/1999,667
S12000038,Renfrewshire,30/06/2000,664
S12000038,Renfrewshire,30/06/2001,661
S12000038,Renfrewshire,30/06/2002,659
S12000038,Renfrewshire,30/06/2003,656
S12000038,Renfrewshire,30/06/2004,656
S12000038,Renfrewshire,30/06/2005,656
S12000038,Renfrewshire,30/06/2006,655
S12000038,Renfrewshire,30/06/2007,657
S12000038,Renfrewshire,30/06/2008,660
S12000038,Renfrewshire,30/06/2009,662
S12000038,Renfrewshire,30/06/2010,664
S12000038,Renfrewshire,30/06/2011,668
S12000038,Renfrewshire,30/06/2012,668
S12000038,Renfrewshire,30/06/2013,668
S12000038,Renfrewshire,30/06/2014,670
S12000038,Renfrewshire,30/06/2015,673
S12000038,Renfrewshire,30/06/2016,678
S12000038,Renfrewshire,30/06/2017,683
S12000038,Renfrewshire,30/06/2018,686
S12000038,Renfrewshire,30/06/2019,692
S12000038,Renfrewshire,30/06/2020,695
S12000038,Renfrewshire,30/06/2021,697
S12000038,Renfrewshire,30/06/2022,705
S12000038,Renfrewshire,30/06/2023,716
S12000038,Renfrewshire,30/06/2024,723
S12000039,West Dunbartonshire,30/06/1991,613
S12000039,West Dunbartonshire,30/06/1992,610
S12000039,West Dunbartonshire,30/06/1993,611
S12000039,West Dunbartonshire,30/06/1994,610
S12000039,West Dunbartonshire,30/06/1995,604
S12000039,West Dunbartonshire,30/06/1996,600
S12000039,West Dunbartonshire,30/06/1997,600
S12000039,West Dunbartonshire,30/06/1998,598
S12000039,West Dunbartonshire,30/06/1999,595
S12000039,West Dunbartonshire,30/06/2000,592
S12000039,West Dunbartonshire,30/06/2001,588
S12000039,West Dunbartonshire,30/06/2002,586
S12000039,West Dunbartonshire,30/06/2003,582
S12000039,West Dunbartonshire,30/06/2004,579
S12000039,West Dunbartonshire,30/06/2005,577
S12000039,West Dunbartonshire,30/06/2006,576
S12000039,West Dunbartonshire,30/06/2007,576
S12000039,West Dunbartonshire,30/06/2008,574
S12000039,West Dunbartonshire,30/06/2009,574
S12000039,West Dunbartonshire,30/06/2010,572
S12000039,West Dunbartonshire,30/06/2011,571
S12000039,West Dunbartonshire,30/06/2012,570
S12000039,West Dunbartonshire,30/06/2013,567
S12000039,West Dunbartonshire,30/06/2014,567
S12000039,West Dunbartonshire,30/06/2015,566
S12000039,West Dunbartonshire,30/06/2016,569
S12000039,West Dunbartonshire,30/06/2017,568
S12000039,West Dunbartonshire,30/06/2018,565
S12000039,West Dunbartonshire,30/06/2019,564
S12000039,West Dunbartonshire,30/06/2020,561
S12000039,West Dunbartonshire,30/06/2021,558
S12000039,West Dunbartonshire,30/06/2022,556
S12000039,West Dunbartonshire,30/06/2023,560
S12000039,West Dunbartonshire,30/06/2024,561
S12000040,West Lothian,30/06/1991,339
S12000040,West Lothian,30/06/1992,338
S12000040,West Lothian,30/06/1993,341
S12000040,West Lothian,30/06/1994,344
S12000040,West Lothian,30/06/1995,348
S12000040,West Lothian,30/06/1996,351
S12000040,West Lothian,30/06/1997,355
S12000040,West Lothian,30/06/1998,358
S12000040,West Lothian,30/06/1999,362
S12000040,West Lothian,30/06/2000,367
S12000040,West Lothian,30/06/2001,372
S12000040,West Lothian,30/06/2002,375
S12000040,West Lothian,30/06/2003,378
S12000040,West Lothian,30/06/2004,382
S12000040,West Lothian,30/06/2005,386
S12000040,West Lothian,30/06/2006,391
S12000040,West Lothian,30/06/2007,396
S12000040,West Lothian,30/06/2008,401
S12000040,West Lothian,30/06/2009,405
S12000040,West Lothian,30/06/2010,407
S12000040,West Lothian,30/06/2011,410
S12000040,West Lothian,30/06/2012,410
S12000040,West Lothian,30/06/2013,410
S12000040,West Lothian,30/06/2014,412
S12000040,West Lothian,30/06/2015,414
S12000040,West Lothian,30/06/2016,417
S12000040,West Lothian,30/06/2017,419
S12000040,West Lothian,30/06/2018,419
S12000040,West Lothian,30/06/2019,420
S12000040,West Lothian,30/06/2020,421
S12000040,West Lothian,30/06/2021,423
S12000040,West Lothian,30/06/2022,425
S12000040,West Lothian,30/06/2023,431
S12000040,West Lothian,30/06/2024,436
S12000041,Angus,30/06/1991,50
S12000041,Angus,30/06/1992,50
S12000041,Angus,30/06/1993,51
S12000041,Angus,30/06/1994,51
S12000041,Angus,30/06/1995,51
S12000041,Angus,30/06/1996,51
S12000041,Angus,30/06/1997,50
S12000041,Angus,30/06/1998,50
S12000041,Angus,30/06/1999,50
S12000041,Angus,30/06/2000,50
S12000041,Angus,30/06/2001,50
S12000041,Angus,30/06/2002,50
S12000041,Angus,30/06/2003,50
S12000041,Angus,30/06/2004,51
S12000041,Angus,30/06/2005,51
S12000041,Angus,30/06/2006,52
S12000041,Angus,30/06/2007,52
S12000041,Angus,30/06/2008,52
S12000041,Angus,30/06/2009,53
S12000041,Angus,30/06/2010,53
S12000041,Angus,30/06/2011,53
S12000041,Angus,30/06/2012,53
S12000041,Angus,30/06/2013,53
S12000041,Angus,30/06/2014,53
S12000041,Angus,30/06/2015,54
S12000041,Angus,30/06/2016,53
S12000041,Angus,30/06/2017,53
S12000041,Angus,30/06/2018,53
S12000041,Angus,30/06/2019,53
S12000041,Angus,30/06/2020,53
S12000041,Angus,30/06/2021,53
S12000041,Angus,30/06/2022,53
S12000041,Angus,30/06/2023,53
S12000041,Angus,30/06/2024,53
S12000042,Dundee City,30/06/1991,2601
S12000042,Dundee City,30/06/1992,2591
S12000042,Dundee City,30/06/1993,2575
S12000042,Dundee City,30/06/1994,2545
S12000042,Dundee City,30/06/1995,2550
S12000042,Dundee City,30/06/1996,2545
S12000042,Dundee City,30/06/1997,2531
S12000042,Dundee City,30/06/1998,2503
S12000042,Dundee City,30/06/1999,2474
S12000042,Dundee City,30/06/2000,2452
S12000042,Dundee City,30/06/2001,2432
S12000042,Dundee City,30/06/2002,2414
S12000042,Dundee City,30/06/2003,2409
S12000042,Dundee City,30/06/2004,2393
S12000042,Dundee City,30/06/2005,2401
S12000042,Dundee City,30/06/2006,2397
S12000042,Dundee City,30/06/2007,2403
S12000042,Dundee City,30/06/2008,2413
S12000042,Dundee City,30/06/2009,2428
S12000042,Dundee City,30/06/2010,2442
S12000042,Dundee City,30/06/2011,2462
S12000042,Dundee City,30/06/2012,2468
S12000042,Dundee City,30/06/2013,2468
S12000042,Dundee City,30/06/2014,2464
S12000042,Dundee City,30/06/2015,2464
S12000042,Dundee City,30/06/2016,2462
S12000042,Dundee City,30/06/2017,2472
S12000042,Dundee City,30/06/2018,2471
S12000042,Dundee City,30/06/2019,2480
S12000042,Dundee City,30/06/2020,2476
S12000042,Dundee City,30/06/2021,2455
S12000042,Dundee City,30/06/2022,2483
S12000042,Dundee City,30/06/2023,2509
S12000042,Dundee City,30/06/2024,2506
S12000045,East Dunbartonshire,30/06/1991,631
S12000045,East Dunbartonshire,30/06/1992,629
S12000045,East Dunbartonshire,30/06/1993,626
S12000045,East Dunbartonshire,30/06/1994,628
S12000045,East Dunbartonshire,30/06/1995,630
S12000045,East Dunbartonshire,30/06/1996,626
S12000045,East Dunbartonshire,30/06/1997,626
S12000045,East Dunbartonshire,30/06/1998,625
S12000045,East Dunbartonshire,30/06/1999,623
S12000045,East Dunbartonshire,30/06/2000,623
S12000045,East Dunbartonshire,30/06/2001,620
S12000045,East Dunbartonshire,30/06/2002,615
S12000045,East Dunbartonshire,30/06/2003,613
S12000045,East Dunbartonshire,30/06/2004,611
S12000045,East Dunbartonshire,30/06/2005,608
S12000045,East Dunbartonshire,30/06/2006,605
S12000045,East Dunbartonshire,30/06/2007,602
S12000045,East Dunbartonshire,30/06/2008,601
S12000045,East Dunbartonshire,30/06/2009,602
S12000045,East Dunbartonshire,30/06/2010,601
S12000045,East Dunbartonshire,30/06/2011,602
S12000045,East Dunbartonshire,30/06/2012,607
S12000045,East Dunbartonshire,30/06/2013,607
S12000045,East Dunbartonshire,30/06/2014,613
S12000045,East Dunbartonshire,30/06/2015,615
S12000045,East Dunbartonshire,30/06/2016,618
S12000045,East Dunbartonshire,30/06/2017,622
S12000045,East Dunbartonshire,30/06/2018,622
S12000045,East Dunbartonshire,30/06/2019,624
S12000045,East Dunbartonshire,30/06/2020,624
S12000045,East Dunbartonshire,30/06/2021,624
S12000045,East Dunbartonshire,30/06/2022,625
S12000045,East Dunbartonshire,30/06/2023,627
S12000045,East Dunbartonshire,30/06/2024,630
S12000047,Fife,30/06/1991,262
S12000047,Fife,30/06/1992,263
S12000047,Fife,30/06/1993,264
S12000047,Fife,30/06/1994,264
S12000047,Fife,30/06/1995,264
S12000047,Fife,30/06/1996,262
S12000047,Fife,30/06/1997,262
S12000047,Fife,30/06/1998,262
S12000047,Fife,30/06/1999,262
S12000047,Fife,30/06/2000,263
S12000047,Fife,30/06/2001,264
S12000047,Fife,30/06/2002,265
S12000047,Fife,30/06/2003,265
S12000047,Fife,30/06/2004,266
S12000047,Fife,30/06/2005,268
S12000047,Fife,30/06/2006,270
S12000047,Fife,30/06/2007,271
S12000047,Fife,30/06/2008,272
S12000047,Fife,30/06/2009,273
S12000047,Fife,30/06/2010,274
S12000047,Fife,30/06/2011,276
S12000047,Fife,30/06/2012,276
S12000047,Fife,30/06/2013,276
S12000047,Fife,30/06/2014,276
S12000047,Fife,30/06/2015,277
S12000047,Fife,30/06/2016,278
S12000047,Fife,30/06/2017,279
S12000047,Fife,30/06/2018,279
S12000047,Fife,30/06/2019,280
S12000047,Fife,30/06/2020,280
S12000047,Fife,30/06/2021,280
S12000047,Fife,30/06/2022,280
S12000047,Fife,30/06/2023,282
S12000047,Fife,30/06/2024,283
S12000048,Perth and Kinross,30/06/1991,24
S12000048,Perth and Kinross,30/06/1992,24
S12000048,Perth and Kinross,30/06/1993,25
S12000048,Perth and Kinross,30/06/1994,25
S12000048,Perth and Kinross,30/06/1995,25
S12000048,Perth and Kinross,30/06/1996,25
S12000048,Perth and Kinross,30/06/1997,25
S12000048,Perth and Kinross,30/06/1998,25
S12000048,Perth and Kinross,30/06/1999,26
S12000048,Perth and Kinross,30/06/2000,26
S12000048,Perth and Kinross,30/06/2001,26
S12000048,Perth and Kinross,30/06/2002,26
S12000048,Perth and Kinross,30/06/2003,26
S12000048,Perth and Kinross,30/06/2004,26
S12000048,Perth and Kinross,30/06/2005,26
S12000048,Perth and Kinross,30/06/2006,26
S12000048,Perth and Kinross,30/06/2007,27
S12000048,Perth and Kinross,30/06/2008,27
S12000048,Perth and Kinross,30/06/2009,27
S12000048,Perth and Kinross,30/06/2010,28
S12000048,Perth and Kinross,30/06/2011,28
S12000048,Perth and Kinross,30/06/2012,28
S12000048,Perth and Kinross,30/06/2013,28
S12000048,Perth and Kinross,30/06/2014,28
S12000048,Perth and Kinross,30/06/2015,28
S12000048,Perth and Kinross,30/06/2016,28
S12000048,Perth and Kinross,30/06/2017,28
S12000048,Perth and Kinross,30/06/2018,28
S12000048,Perth and Kinross,30/06/2019,28
S12000048,Perth and Kinross,30/06/2020,28
S12000048,Perth and Kinross,30/06/2021,29
S12000048,Perth and Kinross,30/06/2022,29
S12000048,Perth and Kinross,30/06/2023,29
S12000048,Perth and Kinross,30/06/2024,29
S12000049,Glasgow City,30/06/1991,3603
S12000049,Glasgow City,30/06/1992,3563
S12000049,Glasgow City,30/06/1993,3531
S12000049,Glasgow City,30/06/1994,3506
S12000049,Glasgow City,30/06/1995,3459
S12000049,Glasgow City,30/06/1996,3429
S12000049,Glasgow City,30/06/1997,3382
S12000049,Glasgow City,30/06/1998,3362
S12000049,Glasgow City,30/06/1999,3338
S12000049,Glasgow City,30/06/2000,3304
S12000049,Glasgow City,30/06/2001,3314
S12000049,Glasgow City,30/06/2002,3301
S12000049,Glasgow City,30/06/2003,3277
S12000049,Glasgow City,30/06/2004,3262
S12000049,Glasgow City,30/06/2005,3260
S12000049,Glasgow City,30/06/2006,3255
S12000049,Glasgow City,30/06/2007,3274
S12000049,Glasgow City,30/06/2008,3300
S12000049,Glasgow City,30/06/2009,3331
S12000049,Glasgow City,30/06/2010,3359
S12000049,Glasgow City,30/06/2011,3396
S12000049,Glasgow City,30/06/2012,3396
S12000049,Glasgow City,30/06/2013,3391
S12000049,Glasgow City,30/06/2014,3392
S12000049,Glasgow City,30/06/2015,3408
S12000049,Glasgow City,30/06/2016,3441
S12000049,Glasgow City,30/06/2017,3460
S12000049,Glasgow City,30/06/2018,3483
S12000049,Glasgow City,30/06/2019,3508
S12000049,Glasgow City,30/06/2020,3509
S12000049,Glasgow City,30/06/2021,3498
S12000049,Glasgow City,30/06/2022,3562
S12000049,Glasgow City,30/06/2023,3658
S12000049,Glasgow City,30/06/2024,3724
S12000050,North Lanarkshire,30/06/1991,696
S12000050,North Lanarkshire,30/06/1992,693
S12000050,North Lanarkshire,30/06/1993,690
S12000050,North Lanarkshire,30/06/1994,689
S12000050,North Lanarkshire,30/06/1995,688
S12000050,North Lanarkshire,30/06/1996,686
S12000050,North Lanarkshire,30/06/1997,686
S12000050,North Lanarkshire,30/06/1998,685
S12000050,North Lanarkshire,30/06/1999,685
S12000050,North Lanarkshire,30/06/2000,684
S12000050,North Lanarkshire,30/06/2001,683
S12000050,North Lanarkshire,30/06/2002,686
S12000050,North Lanarkshire,30/06/2003,689
S12000050,North Lanarkshire,30/06/2004,692
S12000050,North Lanarkshire,30/06/2005,696
S12000050,North Lanarkshire,30/06/2006,699
S12000050,North Lanarkshire,30/06/2007,705
S12000050,North Lanarkshire,30/06/2008,709
S12000050,North Lanarkshire,30/06/2009,713
S12000050,North Lanarkshire,30/06/2010,716
S12000050,North Lanarkshire,30/06/2011,719
S12000050,North Lanarkshire,30/06/2012,719
S12000050,North Lanarkshire,30/06/2013,719
S12000050,North Lanarkshire,30/06/2014,720
S12000050,North Lanarkshire,30/06/2015,721
S12000050,North Lanarkshire,30/06/2016,723
S12000050,North Lanarkshire,30/06/2017,724
S12000050,North Lanarkshire,30/06/2018,724
S12000050,North Lanarkshire,30/06/2019,727
S12000050,North Lanarkshire,30/06/2020,726
S12000050,North Lanarkshire,30/06/2021,726
S12000050,North Lanarkshire,30/06/2022,725
S12000050,North Lanarkshire,30/06/2023,729
S12000050,North Lanarkshire,30/06/2024,733
S92000003,Scotland,30/06/1991,65
S92000003,Scotland,30/06/1992,65
S92000003,Scotland,30/06/1993,65
S92000003,Scotland,30/06/1994,65
S92000003,Scotland,30/06/1995,66
S92000003,Scotland,30/06/1996,65
S92000003,Scotland,30/06/1997,65
S92000003,Scotland,30/06/1998,65
S92000003,Scotland,30/06/1999,65
S92000003,Scotland,30/06/2000,65
S92000003,Scotland,30/06/2001,65
S92000003,Scotland,30/06/2002,65
S92000003,Scotland,30/06/2003,65
S92000003,Scotland,30/06/2004,65
S92000003,Scotland,30/06/2005,66
S92000003,Scotland,30/06/2006,66
S92000003,Scotland,30/06/2007,66
S92000003,Scotland,30/06/2008,67
S92000003,Scotland,30/06/2009,67
S92000003,Scotland,30/06/2010,68
S92000003,Scotland,30/06/2011,68
S92000003,Scotland,30/06/2012,68
S92000003,Scotland,30/06/2013,68
S92000003,Scotland,30/06/2014,68
S92000003,Scotland,30/06/2015,69
S92000003,Scotland,30/06/2016,69
S92000003,Scotland,30/06/2017,69
S92000003,Scotland,30/06/2018,69
S92000003,Scotland,30/06/2019,69
S92000003,Scotland,30/06/2020,69
S92000003,Scotland,30/06/2021,69
S92000003,Scotland,30/06/2022,70
S92000003,Scotland,30/06/2023,71
S92000003,Scotland,30/06/2024,71
W06000001,Isle of Anglesey,30/06/1991,97
W06000001,Isle of Anglesey,30/06/1992,97
W06000001,Isle of Anglesey,30/06/1993,98
W06000001,Isle of Anglesey,30/06/1994,97
W06000001,Isle of Anglesey,30/06/1995,96
W06000001,Isle of Anglesey,30/06/1996,96
W06000001,Isle of Anglesey,30/06/1997,96
W06000001,Isle of Anglesey,30/06/1998,95
W06000001,Isle of Anglesey,30/06/1999,95
W06000001,Isle of Anglesey,30/06/2000,95
W06000001,Isle of Anglesey,30/06/2001,95
W06000001,Isle of Anglesey,30/06/2002,95
W06000001,Isle of Anglesey,30/06/2003,96
W06000001,Isle of Anglesey,30/06/2004,97
W06000001,Isle of Anglesey,30/06/2005,97
W06000001,Isle of Anglesey,30/06/2006,97
W06000001,Isle of Anglesey,30/06/2007,98
W06000001,Isle of Anglesey,30/06/2008,98
W06000001,Isle of Anglesey,30/06/2009,98
W06000001,Isle of Anglesey,30/06/2010,98
W06000001,Isle of Anglesey,30/06/2011,98
W06000001,Isle of Anglesey,30/06/2012,98
W06000001,Isle of Anglesey,30/06/2013,98
W06000001,Isle of Anglesey,30/06/2014,98
W06000001,Isle of Anglesey,30/06/2015,97
W06000001,Isle of Anglesey,30/06/2016,97
W06000001,Isle of Anglesey,30/06/2017,96
W06000001,Isle of Anglesey,30/06/2018,96
W06000001,Isle of Anglesey,30/06/2019,96
W06000001,Isle of Anglesey,30/06/2020,97
W06000001,Isle of Anglesey,30/06/2021,97
W06000001,Isle of Anglesey,30/06/2022,97
W06000001,Isle of Anglesey,30/06/2023,97
W06000001,Isle of Anglesey,30/06/2024,97
W06000002,Gwynedd,30/06/1991,45
W06000002,Gwynedd,30/06/1992,46
W06000002,Gwynedd,30/06/1993,46
W06000002,Gwynedd,30/06/1994,46
W06000002,Gwynedd,30/06/1995,46
W06000002,Gwynedd,30/06/1996,46
W06000002,Gwynedd,30/06/1997,46
W06000002,Gwynedd,30/06/1998,46
W06000002,Gwynedd,30/06/1999,46
W06000002,Gwynedd,30/06/2000,46
W06000002,Gwynedd,30/06/2001,46
W06000002,Gwynedd,30/06/2002,46
W06000002,Gwynedd,30/06/2003,47
W06000002,Gwynedd,30/06/2004,47
W06000002,Gwynedd,30/06/2005,47
W06000002,Gwynedd,30/06/2006,47
W06000002,Gwynedd,30/06/2007,47
W06000002,Gwynedd,30/06/2008,47
W06000002,Gwynedd,30/06/2009,47
W06000002,Gwynedd,30/06/2010,48
W06000002,Gwynedd,30/06/2011,48
W06000002,Gwynedd,30/06/2012,48
W06000002,Gwynedd,30/06/2013,47
W06000002,Gwynedd,30/06/2014,47
W06000002,Gwynedd,30/06/2015,47
W06000002,Gwynedd,30/06/2016,47
W06000002,Gwynedd,30/06/2017,47
W06000002,Gwynedd,30/06/2018,47
W06000002,Gwynedd,30/06/2019,46
W06000002,Gwynedd,30/06/2020,47
W06000002,Gwynedd,30/06/2021,46
W06000002,Gwynedd,30/06/2022,47
W06000002,Gwynedd,30/06/2023,47
W06000002,Gwynedd,30/06/2024,48
W06000003,Conwy,30/06/1991,96
W06000003,Conwy,30/06/1992,96
W06000003,Conwy,30/06/1993,96
W06000003,Conwy,30/06/1994,97
W06000003,Conwy,30/06/1995,97
W06000003,Conwy,30/06/1996,96
W06000003,Conwy,30/06/1997,96
W06000003,Conwy,30/06/1998,96
W06000003,Conwy,30/06/1999,96
W06000003,Conwy,30/06/2000,97
W06000003,Conwy,30/06/2001,97
W06000003,Conwy,30/06/2002,98
W06000003,Conwy,30/06/2003,99
W06000003,Conwy,30/06/2004,100
W06000003,Conwy,30/06/2005,100
W06000003,Conwy,30/06/2006,100
W06000003,Conwy,30/06/2007,101
W06000003,Conwy,30/06/2008,102
W06000003,Conwy,30/06/2009,102
W06000003,Conwy,30/06/2010,102
W06000003,Conwy,30/06/2011,102
W06000003,Conwy,30/06/2012,103
W06000003,Conwy,30/06/2013,102
W06000003,Conwy,30/06/2014,103
W06000003,Conwy,30/06/2015,102
W06000003,Conwy,30/06/2016,102
W06000003,Conwy,30/06/2017,102
W06000003,Conwy,30/06/2018,102
W06000003,Conwy,30/06/2019,101
W06000003,Conwy,30/06/2020,102
W06000003,Conwy,30/06/2021,102
W06000003,Conwy,30/06/2022,102
W06000003,Conwy,30/06/2023,102
W06000003,Conwy,30/06/2024,102
W06000004,Denbighshire,30/06/1991,107
W06000004,Denbighshire,30/06/1992,106
W06000004,Denbighshire,30/06/1993,107
W06000004,Denbighshire,30/06/1994,107
W06000004,Denbighshire,30/06/1995,107
W06000004,Denbighshire,30/06/1996,108
W06000004,Denbighshire,30/06/1997,108
W06000004,Denbighshire,30/06/1998,109
W06000004,Denbighshire,30/06/1999,109
W06000004,Denbighshire,30/06/2000,111
W06000004,Denbighshire,30/06/2001,111
W06000004,Denbighshire,30/06/2002,112
W06000004,Denbighshire,30/06/2003,112
W06000004,Denbighshire,30/06/2004,112
W06000004,Denbighshire,30/06/2005,112
W06000004,Denbighshire,30/06/2006,112
W06000004,Denbighshire,30/06/2007,113
W06000004,Denbighshire,30/06/2008,113
W06000004,Denbighshire,30/06/2009,113
W06000004,Denbighshire,30/06/2010,112
W06000004,Denbighshire,30/06/2011,112
W06000004,Denbighshire,30/06/2012,112
W06000004,Denbighshire,30/06/2013,113
W06000004,Denbighshire,30/06/2014,113
W06000004,Denbighshire,30/06/2015,113
W06000004,Denbighshire,30/06/2016,113
W06000004,Denbighshire,30/06/2017,113
W06000004,Denbighshire,30/06/2018,113
W06000004,Denbighshire,30/06/2019,113
W06000004,Denbighshire,30/06/2020,114
W06000004,Denbighshire,30/06/2021,115
W06000004,Denbighshire,30/06/2022,115
W06000004,Denbighshire,30/06/2023,116
W06000004,Denbighshire,30/06/2024,117
W06000005,Flintshire,30/06/1991,323
W06000005,Flintshire,30/06/1992,326
W06000005,Flintshire,30/06/1993,328
W06000005,Flintshire,30/06/1994,329
W06000005,Flintshire,30/06/1995,329
W06000005,Flintshire,30/06/1996,328
W06000005,Flintshire,30/06/1997,329
W06000005,Flintshire,30/06/1998,333
W06000005,Flintshire,30/06/1999,334
W06000005,Flintshire,30/06/2000,336
W06000005,Flintshire,30/06/2001,338
W06000005,Flintshire,30/06/2002,339
W06000005,Flintshire,30/06/2003,339
W06000005,Flintshire,30/06/2004,340
W06000005,Flintshire,30/06/2005,341
W06000005,Flintshire,30/06/2006,341
W06000005,Flintshire,30/06/2007,343
W06000005,Flintshire,30/06/2008,344
W06000005,Flintshire,30/06/2009,346
W06000005,Flintshire,30/06/2010,346
W06000005,Flintshire,30/06/2011,347
W06000005,Flintshire,30/06/2012,347
W06000005,Flintshire,30/06/2013,348
W06000005,Flintshire,30/06/2014,349
W06000005,Flintshire,30/06/2015,349
W06000005,Flintshire,30/06/2016,351
W06000005,Flintshire,30/06/2017,351
W06000005,Flintshire,30/06/2018,351
W06000005,Flintshire,30/06/2019,351
W06000005,Flintshire,30/06/2020,352
W06000005,Flintshire,30/06/2021,353
W06000005,Flintshire,30/06/2022,353
W06000005,Flintshire,30/06/2023,354
W06000005,Flintshire,30/06/2024,354
W06000006,Wrexham,30/06/1991,247
W06000006,Wrexham,30/06/1992,247
W06000006,Wrexham,30/06/1993,248
W06000006,Wrexham,30/06/1994,249
W06000006,Wrexham,30/06/1995,249
W06000006,Wrexham,30/06/1996,249
W06000006,Wrexham,30/06/1997,249
W06000006,Wrexham,30/06/1998,250
W06000006,Wrexham,30/06/1999,252
W06000006,Wrexham,30/06/2000,253
W06000006,Wrexham,30/06/2001,255
W06000006,Wrexham,30/06/2002,255
W06000006,Wrexham,30/06/2003,256
W06000006,Wrexham,30/06/2004,256
W06000006,Wrexham,30/06/2005,257
W06000006,Wrexham,30/06/2006,259
W06000006,Wrexham,30/06/2007,261
W06000006,Wrexham,30/06/2008,263
W06000006,Wrexham,30/06/2009,265
W06000006,Wrexham,30/06/2010,266
W06000006,Wrexham,30/06/2011,268
W06000006,Wrexham,30/06/2012,269
W06000006,Wrexham,30/06/2013,270
W06000006,Wrexham,30/06/2014,270
W06000006,Wrexham,30/06/2015,269
W06000006,Wrexham,30/06/2016,269
W06000006,Wrexham,30/06/2017,269
W06000006,Wrexham,30/06/2018,270
W06000006,Wrexham,30/06/2019,270
W06000006,Wrexham,30/06/2020,270
W06000006,Wrexham,30/06/2021,268
W06000006,Wrexham,30/06/2022,269
W06000006,Wrexham,30/06/2023,272
W06000006,Wrexham,30/06/2024,274
W06000008,Ceredigion,30/06/1991,37
W06000008,Ceredigion,30/06/1992,38
W06000008,Ceredigion,30/06/1993,39
W06000008,Ceredigion,30/06/1994,39
W06000008,Ceredigion,30/06/1995,40
W06000008,Ceredigion,30/06/1996,40
W06000008,Ceredigion,30/06/1997,40
W06000008,Ceredigion,30/06/1998,41
W06000008,Ceredigion,30/06/1999,41
W06000008,Ceredigion,30/06/2000,42
W06000008,Ceredigion,30/06/2001,42
W06000008,Ceredigion,30/06/2002,42
W06000008,Ceredigion,30/06/2003,42
W06000008,Ceredigion,30/06/2004,42
W06000008,Ceredigion,30/06/2005,42
W06000008,Ceredigion,30/06/2006,42
W06000008,Ceredigion,30/06/2007,42
W06000008,Ceredigion,30/06/2008,42
W06000008,Ceredigion,30/06/2009,42
W06000008,Ceredigion,30/06/2010,42
W06000008,Ceredigion,30/06/2011,42
W06000008,Ceredigion,30/06/2012,43
W06000008,Ceredigion,30/06/2013,43
W06000008,Ceredigion,30/06/2014,42
W06000008,Ceredigion,30/06/2015,41
W06000008,Ceredigion,30/06/2016,41
W06000008,Ceredigion,30/06/2017,40
W06000008,Ceredigion,30/06/2018,40
W06000008,Ceredigion,30/06/2019,40
W06000008,Ceredigion,30/06/2020,40
W06000008,Ceredigion,30/06/2021,40
W06000008,Ceredigion,30/06/2022,40
W06000008,Ceredigion,30/06/2023,41
W06000008,Ceredigion,30/06/2024,41
W06000009,Pembrokeshire,30/06/1991,69
W06000009,Pembrokeshire,30/06/1992,70
W06000009,Pembrokeshire,30/06/1993,70
W06000009,Pembrokeshire,30/06/1994,70
W06000009,Pembrokeshire,30/06/1995,69
W06000009,Pembrokeshire,30/06/1996,69
W06000009,Pembrokeshire,30/06/1997,69
W06000009,Pembrokeshire,30/06/1998,69
W06000009,Pembrokeshire,30/06/1999,69
W06000009,Pembrokeshire,30/06/2000,70
W06000009,Pembrokeshire,30/06/2001,70
W06000009,Pembrokeshire,30/06/2002,71
W06000009,Pembrokeshire,30/06/2003,71
W06000009,Pembrokeshire,30/06/2004,72
W06000009,Pembrokeshire,30/06/2005,72
W06000009,Pembrokeshire,30/06/2006,73
W06000009,Pembrokeshire,30/06/2007,74
W06000009,Pembrokeshire,30/06/2008,75
W06000009,Pembrokeshire,30/06/2009,75
W06000009,Pembrokeshire,30/06/2010,75
W06000009,Pembrokeshire,30/06/2011,76
W06000009,Pembrokeshire,30/06/2012,76
W06000009,Pembrokeshire,30/06/2013,76
W06000009,Pembrokeshire,30/06/2014,75
W06000009,Pembrokeshire,30/06/2015,75
W06000009,Pembrokeshire,30/06/2016,75
W06000009,Pembrokeshire,30/06/2017,75
W06000009,Pembrokeshire,30/06/2018,75
W06000009,Pembrokeshire,30/06/2019,75
W06000009,Pembrokeshire,30/06/2020,76
W06000009,Pembrokeshire,30/06/2021,76
W06000009,Pembrokeshire,30/06/2022,77
W06000009,Pembrokeshire,30/06/2023,77
W06000009,Pembrokeshire,30/06/2024,78
W06000010,Carmarthenshire,30/06/1991,72
W06000010,Carmarthenshire,30/06/1992,71
W06000010,Carmarthenshire,30/06/1993,71
W06000010,Carmarthenshire,30/06/1994,72
W06000010,Carmarthenshire,30/06/1995,72
W06000010,Carmarthenshire,30/06/1996,72
W06000010,Carmarthenshire,30/06/1997,72
W06000010,Carmarthenshire,30/06/1998,73
W06000010,Carmarthenshire,30/06/1999,73
W06000010,Carmarthenshire,30/06/2000,73
W06000010,Carmarthenshire,30/06/2001,73
W06000010,Carmarthenshire,30/06/2002,74
W06000010,Carmarthenshire,30/06/2003,74
W06000010,Carmarthenshire,30/06/2004,75
W06000010,Carmarthenshire,30/06/2005,75
W06000010,Carmarthenshire,30/06/2006,76
W06000010,Carmarthenshire,30/06/2007,76
W06000010,Carmarthenshire,30/06/2008,77
W06000010,Carmarthenshire,30/06/2009,77
W06000010,Carmarthenshire,30/06/2010,77
W06000010,Carmarthenshire,30/06/2011,78
W06000010,Carmarthenshire,30/06/2012,78
W06000010,Carmarthenshire,30/06/2013,78
W06000010,Carmarthenshire,30/06/2014,78
W06000010,Carmarthenshire,30/06/2015,78
W06000010,Carmarthenshire,30/06/2016,78
W06000010,Carmarthenshire,30/06/2017,78
W06000010,Carmarthenshire,30/06/2018,78
W06000010,Carmarthenshire,30/06/2019,79
W06000010,Carmarthenshire,30/06/2020,79
W06000010,Carmarthenshire,30/06/2021,79
W06000010,Carmarthenshire,30/06/2022,80
W06000010,Carmarthenshire,30/06/2023,80
W06000010,Carmarthenshire,30/06/2024,80
W06000011,Swansea,30/06/1991,608
W06000011,Swansea,30/06/1992,608
W06000011,Swansea,30/06/1993,607
W06000011,Swansea,30/06/1994,604
W06000011,Swansea,30/06/1995,603
W06000011,Swansea,30/06/1996,602
W06000011,Swansea,30/06/1997,600
W06000011,Swansea,30/06/1998,598
W06000011,Swansea,30/06/1999,596
W06000011,Swansea,30/06/2000,594
W06000011,Swansea,30/06/2001,592
W06000011,Swansea,30/06/2002,595
W06000011,Swansea,30/06/2003,599
W06000011,Swansea,30/06/2004,604
W06000011,Swansea,30/06/2005,607
W06000011,Swansea,30/06/2006,611
W06000011,Swansea,30/06/2007,616
W06000011,Swansea,30/06/2008,620
W06000011,Swansea,30/06/2009,624
W06000011,Swansea,30/06/2010,628
W06000011,Swansea,30/06/2011,632
W06000011,Swansea,30/06/2012,633
W06000011,Swansea,30/06/2013,633
W06000011,Swansea,30/06/2014,633
W06000011,Swansea,30/06/2015,634
W06000011,Swansea,30/06/2016,634
W06000011,Swansea,30/06/2017,634
W06000011,Swansea,30/06/2018,633
W06000011,Swansea,30/06/2019,632
W06000011,Swansea,30/06/2020,633
W06000011,Swansea,30/06/2021,630
W06000011,Swansea,30/06/2022,643
W06000011,Swansea,30/06/2023,659
W06000011,Swansea,30/06/2024,665
W06000012,Neath Port Talbot,30/06/1991,315
W06000012,Neath Port Talbot,30/06/1992,314
W06000012,Neath Port Talbot,30/06/1993,313
W06000012,Neath Port Talbot,30/06/1994,314
W06000012,Neath Port Talbot,30/06/1995,312
W06000012,Neath Port Talbot,30/06/1996,311
W06000012,Neath Port Talbot,30/06/1997,310
W06000012,Neath Port Talbot,30/06/1998,308
W06000012,Neath Port Talbot,30/06/1999,307
W06000012,Neath Port Talbot,30/06/2000,306
W06000012,Neath Port Talbot,30/06/2001,305
W06000012,Neath Port Talbot,30/06/2002,306
W06000012,Neath Port Talbot,30/06/2003,309
W06000012,Neath Port Talbot,30/06/2004,311
W06000012,Neath Port Talbot,30/06/2005,312
W06000012,Neath Port Talbot,30/06/2006,313
W06000012,Neath Port Talbot,30/06/2007,315
W06000012,Neath Port Talbot,30/06/2008,316
W06000012,Neath Port Talbot,30/06/2009,316
W06000012,Neath Port Talbot,30/06/2010,316
W06000012,Neath Port Talbot,30/06/2011,317
W06000012,Neath Port Talbot,30/06/2012,317
W06000012,Neath Port Talbot,30/06/2013,315
W06000012,Neath Port Talbot,30/06/2014,316
W06000012,Neath Port Talbot,30/06/2015,317
W06000012,Neath Port Talbot,30/06/2016,320
W06000012,Neath Port Talbot,30/06/2017,320
W06000012,Neath Port Talbot,30/06/2018,320
W06000012,Neath Port Talbot,30/06/2019,320
W06000012,Neath Port Talbot,30/06/2020,323
W06000012,Neath Port Talbot,30/06/2021,322
W06000012,Neath Port Talbot,30/06/2022,322
W06000012,Neath Port Talbot,30/06/2023,322
W06000012,Neath Port Talbot,30/06/2024,325
W06000013,Bridgend,30/06/1991,516
W06000013,Bridgend,30/06/1992,518
W06000013,Bridgend,30/06/1993,519
W06000013,Bridgend,30/06/1994,519
W06000013,Bridgend,30/06/1995,516
W06000013,Bridgend,30/06/1996,513
W06000013,Bridgend,30/06/1997,510
W06000013,Bridgend,30/06/1998,513
W06000013,Bridgend,30/06/1999,513
W06000013,Bridgend,30/06/2000,511
W06000013,Bridgend,30/06/2001,513
W06000013,Bridgend,30/06/2002,517
W06000013,Bridgend,30/06/2003,522
W06000013,Bridgend,30/06/2004,526
W06000013,Bridgend,30/06/2005,530
W06000013,Bridgend,30/06/2006,535
W06000013,Bridgend,30/06/2007,542
W06000013,Bridgend,30/06/2008,547
W06000013,Bridgend,30/06/2009,549
W06000013,Bridgend,30/06/2010,552
W06000013,Bridgend,30/06/2011,556
W06000013,Bridgend,30/06/2012,558
W06000013,Bridgend,30/06/2013,561
W06000013,Bridgend,30/06/2014,564
W06000013,Bridgend,30/06/2015,567
W06000013,Bridgend,30/06/2016,570
W06000013,Bridgend,30/06/2017,572
W06000013,Bridgend,30/06/2018,573
W06000013,Bridgend,30/06/2019,576
W06000013,Bridgend,30/06/2020,580
W06000013,Bridgend,30/06/2021,581
W06000013,Bridgend,30/06/2022,583
W06000013,Bridgend,30/06/2023,586
W06000013,Bridgend,30/06/2024,588
W06000014,Vale of Glamorgan,30/06/1991,356
W06000014,Vale of Glamorgan,30/06/1992,355
W06000014,Vale of Glamorgan,30/06/1993,353
W06000014,Vale of Glamorgan,30/06/1994,353
W06000014,Vale of Glamorgan,30/06/1995,351
W06000014,Vale of Glamorgan,30/06/1996,351
W06000014,Vale of Glamorgan,30/06/1997,353
W06000014,Vale of Glamorgan,30/06/1998,357
W06000014,Vale of Glamorgan,30/06/1999,356
W06000014,Vale of Glamorgan,30/06/2000,360
W06000014,Vale of Glamorgan,30/06/2001,360
W06000014,Vale of Glamorgan,30/06/2002,363
W06000014,Vale of Glamorgan,30/06/2003,365
W06000014,Vale of Glamorgan,30/06/2004,369
W06000014,Vale of Glamorgan,30/06/2005,371
W06000014,Vale of Glamorgan,30/06/2006,373
W06000014,Vale of Glamorgan,30/06/2007,377
W06000014,Vale of Glamorgan,30/06/2008,380
W06000014,Vale of Glamorgan,30/06/2009,381
W06000014,Vale of Glamorgan,30/06/2010,382
W06000014,Vale of Glamorgan,30/06/2011,383
W06000014,Vale of Glamorgan,30/06/2012,383
W06000014,Vale of Glamorgan,30/06/2013,382
W06000014,Vale of Glamorgan,30/06/2014,383
W06000014,Vale of Glamorgan,30/06/2015,381
W06000014,Vale of Glamorgan,30/06/2016,384
W06000014,Vale of Glamorgan,30/06/2017,388
W06000014,Vale of Glamorgan,30/06/2018,390
W06000014,Vale of Glamorgan,30/06/2019,392
W06000014,Vale of Glamorgan,30/06/2020,396
W06000014,Vale of Glamorgan,30/06/2021,400
W06000014,Vale of Glamorgan,30/06/2022,404
W06000014,Vale of Glamorgan,30/06/2023,407
W06000014,Vale of Glamorgan,30/06/2024,410
W06000015,Cardiff,30/06/1991,2107
W06000015,Cardiff,30/06/1992,2111
W06000015,Cardiff,30/06/1993,2123
W06000015,Cardiff,30/06/1994,2122
W06000015,Cardiff,30/06/1995,2134
W06000015,Cardiff,30/06/1996,2167
W06000015,Cardiff,30/06/1997,2181
W06000015,Cardiff,30/06/1998,2190
W06000015,Cardiff,30/06/1999,2202
W06000015,Cardiff,30/06/2000,2210
W06000015,Cardiff,30/06/2001,2201
W06000015,Cardiff,30/06/2002,2214
W06000015,Cardiff,30/06/2003,2223
W06000015,Cardiff,30/06/2004,2250
W06000015,Cardiff,30/06/2005,2278
W06000015,Cardiff,30/06/2006,2298
W06000015,Cardiff,30/06/2007,2329
W06000015,Cardiff,30/06/2008,2362
W06000015,Cardiff,30/06/2009,2396
W06000015,Cardiff,30/06/2010,2423
W06000015,Cardiff,30/06/2011,2451
W06000015,Cardiff,30/06/2012,2470
W06000015,Cardiff,30/06/2013,2484
W06000015,Cardiff,30/06/2014,2491
W06000015,Cardiff,30/06/2015,2495
W06000015,Cardiff,30/06/2016,2505
W06000015,Cardiff,30/06/2017,2515
W06000015,Cardiff,30/06/2018,2520
W06000015,Cardiff,30/06/2019,2534
W06000015,Cardiff,30/06/2020,2557
W06000015,Cardiff,30/06/2021,2553
W06000015,Cardiff,30/06/2022,2625
W06000015,Cardiff,30/06/2023,2695
W06000015,Cardiff,30/06/2024,2724
W06000016,Rhondda Cynon Taf,30/06/1991,554
W06000016,Rhondda Cynon Taf,30/06/1992,555
W06000016,Rhondda Cynon Taf,30/06/1993,555
W06000016,Rhondda Cynon Taf,30/06/1994,554
W06000016,Rhondda Cynon Taf,30/06/1995,555
W06000016,Rhondda Cynon Taf,30/06/1996,555
W06000016,Rhondda Cynon Taf,30/06/1997,557
W06000016,Rhondda Cynon Taf,30/06/1998,553
W06000016,Rhondda Cynon Taf,30/06/1999,551
W06000016,Rhondda Cynon Taf,30/06/2000,548
W06000016,Rhondda Cynon Taf,30/06/2001,547
W06000016,Rhondda Cynon Taf,30/06/2002,546
W06000016,Rhondda Cynon Taf,30/06/2003,548
W06000016,Rhondda Cynon Taf,30/06/2004,552
W06000016,Rhondda Cynon Taf,30/06/2005,552
W06000016,Rhondda Cynon Taf,30/06/2006,553
W06000016,Rhondda Cynon Taf,30/06/2007,553
W06000016,Rhondda Cynon Taf,30/06/2008,553
W06000016,Rhondda Cynon Taf,30/06/2009,553
W06000016,Rhondda Cynon Taf,30/06/2010,553
W06000016,Rhondda Cynon Taf,30/06/2011,553
W06000016,Rhondda Cynon Taf,30/06/2012,555
W06000016,Rhondda Cynon Taf,30/06/2013,554
W06000016,Rhondda Cynon Taf,30/06/2014,555
W06000016,Rhondda Cynon Taf,30/06/2015,555
W06000016,Rhondda Cynon Taf,30/06/2016,555
W06000016,Rhondda Cynon Taf,30/06/2017,557
W06000016,Rhondda Cynon Taf,30/06/2018,558
W06000016,Rhondda Cynon Taf,30/06/2019,560
W06000016,Rhondda Cynon Taf,30/06/2020,561
W06000016,Rhondda Cynon Taf,30/06/2021,560
W06000016,Rhondda Cynon Taf,30/06/2022,565
W06000016,Rhondda Cynon Taf,30/06/2023,571
W06000016,Rhondda Cynon Taf,30/06/2024,573
W06000018,Caerphilly,30/06/1991,615
W06000018,Caerphilly,30/06/1992,613
W06000018,Caerphilly,30/06/1993,614
W06000018,Caerphilly,30/06/1994,611
W06000018,Caerphilly,30/06/1995,606
W06000018,Caerphilly,30/06/1996,603
W06000018,Caerphilly,30/06/1997,604
W06000018,Caerphilly,30/06/1998,605
W06000018,Caerphilly,30/06/1999,608
W06000018,Caerphilly,30/06/2000,609
W06000018,Caerphilly,30/06/2001,611
W06000018,Caerphilly,30/06/2002,616
W06000018,Caerphilly,30/06/2003,618
W06000018,Caerphilly,30/06/2004,621
W06000018,Caerphilly,30/06/2005,623
W06000018,Caerphilly,30/06/2006,626
W06000018,Caerphilly,30/06/2007,631
W06000018,Caerphilly,30/06/2008,635
W06000018,Caerphilly,30/06/2009,639
W06000018,Caerphilly,30/06/2010,642
W06000018,Caerphilly,30/06/2011,645
W06000018,Caerphilly,30/06/2012,644
W06000018,Caerphilly,30/06/2013,643
W06000018,Caerphilly,30/06/2014,644
W06000018,Caerphilly,30/06/2015,643
W06000018,Caerphilly,30/06/2016,642
W06000018,Caerphilly,30/06/2017,640
W06000018,Caerphilly,30/06/2018,639
W06000018,Caerphilly,30/06/2019,637
W06000018,Caerphilly,30/06/2020,637
W06000018,Caerphilly,30/06/2021,634
W06000018,Caerphilly,30/06/2022,635
W06000018,Caerphilly,30/06/2023,637
W06000018,Caerphilly,30/06/2024,638
W06000019,Blaenau Gwent,30/06/1991,668
W06000019,Blaenau Gwent,30/06/1992,668
W06000019,Blaenau Gwent,30/06/1993,667
W06000019,Blaenau Gwent,30/06/1994,669
W06000019,Blaenau Gwent,30/06/1995,667
W06000019,Blaenau Gwent,30/06/1996,665
W06000019,Blaenau Gwent,30/06/1997,662
W06000019,Blaenau Gwent,30/06/1998,656
W06000019,Blaenau Gwent,30/06/1999,653
W06000019,Blaenau Gwent,30/06/2000,649
W06000019,Blaenau Gwent,30/06/2001,644
W06000019,Blaenau Gwent,30/06/2002,639
W06000019,Blaenau Gwent,30/06/2003,637
W06000019,Blaenau Gwent,30/06/2004,637
W06000019,Blaenau Gwent,30/06/2005,636
W06000019,Blaenau Gwent,30/06/2006,640
W06000019,Blaenau Gwent,30/06/2007,641
W06000019,Blaenau Gwent,30/06/2008,642
W06000019,Blaenau Gwent,30/06/2009,642
W06000019,Blaenau Gwent,30/06/2010,642
W06000019,Blaenau Gwent,30/06/2011,642
W06000019,Blaenau Gwent,30/06/2012,640
W06000019,Blaenau Gwent,30/06/2013,636
W06000019,Blaenau Gwent,30/06/2014,632
W06000019,Blaenau Gwent,30/06/2015,629
W06000019,Blaenau Gwent,30/06/2016,627
W06000019,Blaenau Gwent,30/06/2017,624
W06000019,Blaenau Gwent,30/06/2018,621
W06000019,Blaenau Gwent,30/06/2019,620
W06000019,Blaenau Gwent,30/06/2020,618
W06000019,Blaenau Gwent,30/06/2021,616
W06000019,Blaenau Gwent,30/06/2022,616
W06000019,Blaenau Gwent,30/06/2023,621
W06000019,Blaenau Gwent,30/06/2024,624
W06000020,Torfaen,30/06/1991,724
W06000020,Torfaen,30/06/1992,725
W06000020,Torfaen,30/06/1993,723
W06000020,Torfaen,30/06/1994,723
W06000020,Torfaen,30/06/1995,724
W06000020,Torfaen,30/06/1996,726
W06000020,Torfaen,30/06/1997,727
W06000020,Torfaen,30/06/1998,727
W06000020,Torfaen,30/06/1999,725
W06000020,Torfaen,30/06/2000,726
W06000020,Torfaen,30/06/2001,723
W06000020,Torfaen,30/06/2002,722
W06000020,Torfaen,30/06/2003,722
W06000020,Torfaen,30/06/2004,720
W06000020,Torfaen,30/06/2005,721
W06000020,Torfaen,30/06/2006,723
W06000020,Torfaen,30/06/2007,724
W06000020,Torfaen,30/06/2008,725
W06000020,Torfaen,30/06/2009,726
W06000020,Torfaen,30/06/2010,724
W06000020,Torfaen,30/06/2011,725
W06000020,Torfaen,30/06/2012,726
W06000020,Torfaen,30/06/2013,723
W06000020,Torfaen,30/06/2014,723
W06000020,Torfaen,30/06/2015,723
W06000020,Torfaen,30/06/2016,722
W06000020,Torfaen,30/06/2017,721
W06000020,Torfaen,30/06/2018,725
W06000020,Torfaen,30/06/2019,729
W06000020,Torfaen,30/06/2020,735
W06000020,Torfaen,30/06/2021,736
W06000020,Torfaen,30/06/2022,739
W06000020,Torfaen,30/06/2023,744
W06000020,Torfaen,30/06/2024,749
W06000021,Monmouthshire,30/06/1991,94
W06000021,Monmouthshire,30/06/1992,94
W06000021,Monmouthshire,30/06/1993,96
W06000021,Monmouthshire,30/06/1994,98
W06000021,Monmouthshire,30/06/1995,99
W06000021,Monmouthshire,30/06/1996,100
W06000021,Monmouthshire,30/06/1997,100
W06000021,Monmouthshire,30/06/1998,99
W06000021,Monmouthshire,30/06/1999,99
W06000021,Monmouthshire,30/06/2000,99
W06000021,Monmouthshire,30/06/2001,100
W06000021,Monmouthshire,30/06/2002,101
W06000021,Monmouthshire,30/06/2003,102
W06000021,Monmouthshire,30/06/2004,103
W06000021,Monmouthshire,30/06/2005,104
W06000021,Monmouthshire,30/06/2006,105
W06000021,Monmouthshire,30/06/2007,106
W06000021,Monmouthshire,30/06/2008,106
W06000021,Monmouthshire,30/06/2009,107
W06000021,Monmouthshire,30/06/2010,107
W06000021,Monmouthshire,30/06/2011,108
W06000021,Monmouthshire,30/06/2012,108
W06000021,Monmouthshire,30/06/2013,108
W06000021,Monmouthshire,30/06/2014,108
W06000021,Monmouthshire,30/06/2015,108
W06000021,Monmouthshire,30/06/2016,108
W06000021,Monmouthshire,30/06/2017,108
W06000021,Monmouthshire,30/06/2018,108
W06000021,Monmouthshire,30/06/2019,108
W06000021,Monmouthshire,30/06/2020,109
W06000021,Monmouthshire,30/06/2021,110
W06000021,Monmouthshire,30/06/2022,111
W06000021,Monmouthshire,30/06/2023,111
W06000021,Monmouthshire,30/06/2024,112
W06000022,Newport,30/06/1991,711
W06000022,Newport,30/06/1992,712
W06000022,Newport,30/06/1993,710
W06000022,Newport,30/06/1994,711
W06000022,Newport,30/06/1995,710
W06000022,Newport,30/06/1996,707
W06000022,Newport,30/06/1997,710
W06000022,Newport,30/06/1998,721
W06000022,Newport,30/06/1999,717
W06000022,Newport,30/06/2000,719
W06000022,Newport,30/06/2001,723
W06000022,Newport,30/06/2002,728
W06000022,Newport,30/06/2003,731
W06000022,Newport,30/06/2004,732
W06000022,Newport,30/06/2005,733
W06000022,Newport,30/06/2006,738
W06000022,Newport,30/06/2007,742
W06000022,Newport,30/06/2008,750
W06000022,Newport,30/06/2009,755
W06000022,Newport,30/06/2010,760
W06000022,Newport,30/06/2011,766
W06000022,Newport,30/06/2012,771
W06000022,Newport,30/06/2013,775
W06000022,Newport,30/06/2014,778
W06000022,Newport,30/06/2015,782
W06000022,Newport,30/06/2016,793
W06000022,Newport,30/06/2017,805
W06000022,Newport,30/06/2018,815
W06000022,Newport,30/06/2019,823
W06000022,Newport,30/06/2020,832
W06000022,Newport,30/06/2021,839
W06000022,Newport,30/06/2022,851
W06000022,Newport,30/06/2023,867
W06000022,Newport,30/06/2024,882
W06000023,Powys,30/06/1991,23
W06000023,Powys,30/06/1992,23
W06000023,Powys,30/06/1993,23
W06000023,Powys,30/06/1994,23
W06000023,Powys,30/06/1995,24
W06000023,Powys,30/06/1996,24
W06000023,Powys,30/06/1997,24
W06000023,Powys,30/06/1998,24
W06000023,Powys,30/06/1999,24
W06000023,Powys,30/06/2000,24
W06000023,Powys,30/06/2001,24
W06000023,Powys,30/06/2002,25
W06000023,Powys,30/06/2003,25
W06000023,Powys,30/06/2004,25
W06000023,Powys,30/06/2005,25
W06000023,Powys,30/06/2006,25
W06000023,Powys,30/06/2007,25
W06000023,Powys,30/06/2008,26
W06000023,Powys,30/06/2009,26
W06000023,Powys,30/06/2010,26
W06000023,Powys,30/06/2011,26
W06000023,Powys,30/06/2012,26
W06000023,Powys,30/06/2013,26
W06000023,Powys,30/06/2014,26
W06000023,Powys,30/06/2015,26
W06000023,Powys,30/06/2016,26
W06000023,Powys,30/06/2017,26
W06000023,Powys,30/06/2018,25
W06000023,Powys,30/06/2019,25
W06000023,Powys,30/06/2020,26
W06000023,Powys,30/06/2021,26
W06000023,Powys,30/06/2022,26
W06000023,Powys,30/06/2023,26
W06000023,Powys,30/06/2024,26
W06000024,Merthyr Tydfil,30/06/1991,535
W06000024,Merthyr Tydfil,30/06/1992,536
W06000024,Merthyr Tydfil,30/06/1993,534
W06000024,Merthyr Tydfil,30/06/1994,533
W06000024,Merthyr Tydfil,30/06/1995,526
W06000024,Merthyr Tydfil,30/06/1996,522
W06000024,Merthyr Tydfil,30/06/1997,515
W06000024,Merthyr Tydfil,30/06/1998,513
W06000024,Merthyr Tydfil,30/06/1999,507
W06000024,Merthyr Tydfil,30/06/2000,504
W06000024,Merthyr Tydfil,30/06/2001,504
W06000024,Merthyr Tydfil,30/06/2002,502
W06000024,Merthyr Tydfil,30/06/2003,502
W06000024,Merthyr Tydfil,30/06/2004,503
W06000024,Merthyr Tydfil,30/06/2005,505
W06000024,Merthyr Tydfil,30/06/2006,508
W06000024,Merthyr Tydfil,30/06/2007,513
W06000024,Merthyr Tydfil,30/06/2008,518
W06000024,Merthyr Tydfil,30/06/2009,522
W06000024,Merthyr Tydfil,30/06/2010,525
W06000024,Merthyr Tydfil,30/06/2011,528
W06000024,Merthyr Tydfil,30/06/2012,528
W06000024,Merthyr Tydfil,30/06/2013,528
W06000024,Merthyr Tydfil,30/06/2014,528
W06000024,Merthyr Tydfil,30/06/2015,529
W06000024,Merthyr Tydfil,30/06/2016,532
W06000024,Merthyr Tydfil,30/06/2017,532
W06000024,Merthyr Tydfil,30/06/2018,533
W06000024,Merthyr Tydfil,30/06/2019,532
W06000024,Merthyr Tydfil,30/06/2020,531
W06000024,Merthyr Tydfil,30/06/2021,528
W06000024,Merthyr Tydfil,30/06/2022,528
W06000024,Merthyr Tydfil,30/06/2023,528
W06000024,Merthyr Tydfil,30/06/2024,529
W92000004,Wales,30/06/1991,139
W92000004,Wales,30/06/1992,139
W92000004,Wales,30/06/1993,139
W92000004,Wales,30/06/1994,139
W92000004,Wales,30/06/1995,139
W92000004,Wales,30/06/1996,139
W92000004,Wales,30/06/1997,140
W92000004,Wales,30/06/1998,140
W92000004,Wales,30/06/1999,140
W92000004,Wales,30/06/2000,140
W92000004,Wales,30/06/2001,140
W92000004,Wales,30/06/2002,141
W92000004,Wales,30/06/2003,142
W92000004,Wales,30/06/2004,143
W92000004,Wales,30/06/2005,143
W92000004,Wales,30/06/2006,144
W92000004,Wales,30/06/2007,145
W92000004,Wales,30/06/2008,146
W92000004,Wales,30/06/2009,147
W92000004,Wales,30/06/2010,147
W92000004,Wales,30/06/2011,148
W92000004,Wales,30/06/2012,148
W92000004,Wales,30/06/2013,148
W92000004,Wales,30/06/2014,148
W92000004,Wales,30/06/2015,148
W92000004,Wales,30/06/2016,148
W92000004,Wales,30/06/2017,149
W92000004,Wales,30/06/2018,149
W92000004,Wales,30/06/2019,149
W92000004,Wales,30/06/2020,150
W92000004,Wales,30/06/2021,150
W92000004,Wales,30/06/2022,151
W92000004,Wales,30/06/2023,153
W92000004,Wales,30/06/2024,154
